NGC 7392                  342.95308 -20.60808  8.532  8.467                                                                                                    47360 NGC 7392                  41340931    0.0106    0.0000 NED-LVS                                                                                                                                                            WTP14adbjsh 57169.94  19247.72 16 38.893  53429.13 16 32.159 34.395  0.450 17.318  0.230 57169.94 58428.55 1 57169.94 59524.17 0  59.11  65.35  3.09  6.15  7.242e-11  9.523e-13  6.023e-11  4.601e-13  3.197e-03  1.098e-04  3.862e-03  6.364e-05   0.05  5.289e+43     0.00  2.778e+51  1.036e-02
NGC 1566                   65.00175 -54.93781  6.616  6.503                                                                                                     9596 NGC 1566                  41318920    0.0050    0.0000 NED-LVS                                                                                                                           1.33 ARX                                     58323.83   8702.20 16 82.485  49554.62 16 55.057 79.651  0.321 50.026  0.247 57959.64 59055.23 1 57959.64 59419.21 0  77.64  61.45  5.35 10.25  1.174e-10  1.484e-12  1.012e-10  5.790e-13  2.790e-03  9.149e-05  2.884e-03  4.194e-05   0.05  1.901e+43     0.00  5.565e+50  9.341e-03
UGC 11487                 297.35363  63.50908 10.853 10.708                                                                                                    43105 UGC 11487                 41337738    0.0190    0.0001 NED-LVS                                                                                                                                                            WTP14adeqka 57825.23 105612.16 19 12.732 862627.71 19 16.504  8.000  0.040  5.178  0.020 57008.00 59546.23 0 57008.00 59546.23 0  51.67 144.75  9.74 12.77  1.794e-11  1.385e-13  2.353e-11  7.700e-14  1.697e-03  1.857e-05  2.610e-03  1.456e-05   0.07  5.755e+43    95.98  6.815e+51  7.851e-03
WISEA J161105.71+023400.3 242.77370   2.56675 12.044 11.678                                                                                                   123490 WISEA J161105.71+023400.3 41373162    0.0630           NED-LVS                                                                                  3.149 AGN     AT 2017bgt   57805.63                                                   58350.60 111774.06 18  4.889 140098.04 18  4.951  4.020  0.024  3.439  0.017 57802.93 59426.62 0 57802.93 59426.62 0  62.63  80.59 11.13 13.90  1.484e-11  9.502e-14  1.272e-11  6.704e-14  1.025e-03  9.052e-06  1.021e-03  8.645e-06   0.02  4.145e+44  -171.30  3.022e+52  2.959e-03
J003814.73-245902.2         9.56140 -24.98395 13.819 12.726   220885 J003814.73-245902.2   78010095613919548                                                                                     220885    0.4981    0.0200 NEDz, NEDz_extcats                                                                       0.089 None    AT 2019nvx   58710.18      0.51 QRX                                     58288.83  32502.13 17  2.276  32910.11 17  3.507  0.714  0.041  1.168  0.065 57367.43 59182.15 0 57367.43 59182.15 0 127.94 126.56  4.84  4.10  2.226e-11  4.987e-13  2.202e-11  5.477e-13  1.283e-03  7.015e-05  1.314e-03  5.833e-05   0.02  6.338e+46     0.00  2.596e+54  2.569e-03
WISEA J154843.06+220812.6 237.17944  22.13686 13.625 13.570                               134562371794594803   2378122701241007028  WISE J154843.07+220812.7 1089813 WISEA J154843.06+220812.6 40844927    0.0313    0.0000 NED-LVS                                                      0.047 composite                                                               SDSSJ154843.07+220812.6             59150.92 241352.00 20  1.159 268168.88 20  0.715  1.094  0.005  0.633  0.010 58156.90 59779.60 0 58156.90 59779.60 0 659.67 846.87  3.51  1.77  9.216e-12  4.907e-14  9.589e-12  4.542e-14  7.623e-04  4.777e-06  7.751e-04  4.688e-06   0.04  6.430e+43    99.37  5.780e+51  2.401e-03
WISEA J022631.97+125633.8  36.63317  12.94264 11.387 10.350                                                                                                   342245 WISEA J022631.97+125633.8 41457008    0.0807           NED-LVS                                                                                                                           0.38 q                                       55585.29   8657.81 19  3.289   9197.91 19  6.103  3.207  0.023  5.147  0.054 55407.94 57601.47 1 55407.94 57965.76 1  48.64  27.27  8.65  8.41  8.673e-12  1.585e-13  8.098e-12  1.977e-13  5.020e-04  1.295e-05  6.421e-04  1.847e-05   0.06  4.103e+44     0.00  3.809e+52  2.217e-03
WISEA J010320.39+140152.5  15.83500  14.03126 11.770 11.569                               124830158349848038    155113601241029518  WISE J010320.39+140152.6 1744343 WISEA J010320.39+140152.5 40731291    0.0423           NED-LVS                                                      2.733 star_forming                                                                                                58312.55  32177.01 21  6.092  84202.69 21  4.958  5.514  0.041  3.508  0.026 57945.29 59568.78 1 57749.09 59772.10 0  40.66  70.33  7.38  8.98  1.081e-11  9.103e-14  1.088e-11  6.902e-14  7.023e-04  1.517e-05  8.001e-04  9.800e-06   0.08  1.377e+44     0.00  9.630e+51  2.151e-03
SBS 1102+599A             166.25825  59.68431 11.889 11.634                               179621662582791901   1670159001241036489  WISE J110501.97+594103.8   65884 SBS 1102+599A             40579488    0.0337    0.0000 NED-LVS                                                      0.123 composite                                                               SDSSJ110501.98+594103.6 WTP15acbgpn 57964.46  28719.51 20  7.814  63720.98 20  6.945  5.050  0.029  3.485  0.020 57337.10 59893.08 0 57337.10 59893.08 0  39.67  60.83  5.99  6.20  6.012e-12  7.441e-14  4.984e-12  5.945e-14  6.948e-04  1.400e-05  6.667e-04  9.575e-06   0.07  4.602e+43   -98.70  5.628e+51  2.007e-03
WISEA J165726.80+234528.1 254.36171  23.75782 14.400 13.777   708874 J165726.80+234528.1  136502543617229914   2543124201241003662  WISE J165726.81+234528.2 1593002 WISEA J165726.80+234528.1   708874    0.0591    0.0000 NED-LVS                                                      0.045 AGN (not liner)                                                0.03 N   SDSSJ165726.81+234528.1             57979.26 221725.59 16  2.487 366755.43 16  4.925  0.518  0.005  0.442  0.012 57257.99 59070.99 0 57257.99 59070.99 0 325.40 237.87  4.50  3.94  6.317e-12  4.381e-14  7.559e-12  6.696e-14  4.988e-04  3.932e-06  6.643e-04  4.923e-06   0.06  1.840e+44     0.00  1.740e+52  1.942e-03
WISEA J130916.33-444647.2 197.31804 -44.77978 11.183 11.015                                                                                                  1320948 WISEA J130916.33-444647.2 41768860    0.0249           NED-LVS                                                                                                                                                                        58406.06   2209.06 15  8.542  18263.82 15  7.596  6.468  0.074  3.955  0.040 57944.17 59399.59 0 57944.17 59399.59 0 111.46 102.42  1.27  2.74  9.266e-12  2.269e-12  7.387e-12  1.217e-13  6.098e-04  8.031e-05  5.770e-04  2.442e-05   0.13  3.218e+43    98.93  2.504e+51  1.656e-03
MCG -01-07-028 NED02       40.09895  -2.72824 12.086 11.999                               104720400989016540    408003101241025715  WISE J024023.74-024341.5  217619 MCG -01-07-028 NED02      40796091    0.0289    0.0002 NED-LVS                                                                                                                                                            WTP18aajkmk 58408.32  35504.38 21  4.574  43350.18 21  2.724  4.398  0.025  2.616  0.016 58127.40 59790.94 0 58127.40 59790.94 0  97.28  83.11  3.24  6.10  7.003e-12  1.786e-13  5.163e-12  4.166e-14  5.792e-04  1.387e-05  4.817e-04  8.272e-06   0.07  4.587e+43   -77.68  3.300e+51  1.614e-03
WISEA J034144.49-534221.4  55.43525 -53.70583 12.181 11.478                                                                                                    61466 WISEA J034144.49-534221.4 41349990    0.0666    0.0000 NED-LVS                                                                                                                                                                        57749.40  16139.31 17  3.984  35958.48 17  5.199  3.805  0.049  4.233  0.054 57749.40 59201.59 1 57749.40 59201.59 1  67.99  38.53  3.24  7.38  9.505e-12  1.007e-13  9.990e-12  7.333e-14  4.334e-04  1.447e-05  5.677e-04  1.399e-05   0.03  3.186e+44     0.00  1.798e+52  1.566e-03
J034838.14-274913.5        57.15894 -27.82043 14.185 13.052   686153 J034838.14-274913.5   74610571589025842                                                                                     686153    0.9617    0.0200 NEDz, NEDz_extcats, GLADEv23                                                             0.084 None    AT 2019bqs   58549.23      0.37 QRX                                     58863.38  47138.08 17  1.588  47760.66 17  2.496  0.573  0.008  0.999  0.028 57608.58 59068.09 0 57608.58 59068.09 0  78.21  72.20 36.43 15.50  1.927e-11  1.505e-12  2.018e-11  1.287e-12  9.470e-04  3.972e-05  9.993e-04  3.511e-05   0.04  2.814e+47     0.00  7.467e+54  1.490e-03
KUG 0143+322               26.67676  32.50803 11.930 11.848                                                                                                     4266 KUG 0143+322              41315373    0.0375    0.0000 NED-LVS                                                                                  0.522 SN II   SN 2018gn    58132.11                                       WTP18aampwj 58774.09  32273.43 19  3.641  71330.04 19  2.218  3.403  0.015  2.086  0.018 58127.44 59423.63 0 58127.44 59423.63 0  73.45 124.68  7.50  4.44  7.242e-12  7.296e-14  6.502e-12  4.648e-14  4.800e-04  7.402e-06  4.600e-04  5.290e-06   0.09  6.880e+43   -76.13  4.694e+51  1.343e-03
WISEA J003908.77-235916.4   9.78658 -23.98794 13.283 13.181                                79210097865444824     99024301241027412  WISE J003908.76-235916.3  728228 WISEA J003908.77-235916.4 41084498    0.0644           NED-LVS                                                                                                                                                                        57281.19  17962.06 21  2.339  25538.87 21  2.710  1.465  0.012  0.943  0.022 57009.24 59911.40 0 57009.24 59911.40 0  72.30  97.12  4.88  2.51  3.833e-12  6.627e-14  3.458e-12  7.907e-14  3.427e-04  1.222e-05  4.094e-04  1.267e-05   0.05  1.115e+44   -81.84  1.244e+52  1.164e-03
CGCG 047-028              215.72551   6.16482 12.031 12.054                               115392157255468324   2156106001241020789  WISE J142254.12+060953.7   34122 CGCG 047-028              41231572    0.0564    0.0003 NED-LVS                                                                                                                                    SDSSJ142254.12+060953.4             57858.16   6424.05 21  5.064  22388.55 21  4.117  4.564  0.037  2.499  0.023 57408.46 59599.57 1 57218.36 59760.63 0  13.94  57.24  7.83  3.67  3.513e-12  9.605e-14  3.194e-12  4.185e-14  3.492e-04  1.718e-05  3.767e-04  8.781e-06   0.13  7.872e+43  -266.15  8.501e+51  1.049e-03
WISEA J082336.76+042302.4 125.90320   4.38402 12.681 12.629                               113261259031911283   1260104501241009637  WISE J082336.76+042302.4 1014033 WISEA J082336.76+042302.4 40690844    0.0307    0.0001 NED-LVS                                                                                  0.019 AGN     AT 2019avd   58523.23                                                   59152.35  13187.10 20  2.506  25828.12 20  1.484  2.455  0.016  1.447  0.015 58577.89 59882.91 0 58577.89 59882.91 0 115.48 196.33  3.32  2.47  5.366e-12  1.290e-13  4.705e-12  1.079e-13  3.414e-04  9.624e-06  3.405e-04  6.871e-06   0.06  3.387e+43    -0.00  2.255e+51  9.715e-04
ESO 156- G 016             57.22000 -55.42636 11.712 11.559                                                                                                     9008 ESO 156- G 016            41318473    0.0374    0.0002 NED-LVS                                                                                  2.557 None    AT 2019pns   58730.80                                       WTP15abymdq 57748.88  46700.95 19  3.487  81580.76 19  2.989  2.746  0.014  1.534  0.012 57216.60 59407.73 0 57389.67 59407.73 0  73.18  86.67  4.60  5.64  4.161e-12  2.930e-14  3.955e-12  2.152e-14  3.192e-04  5.457e-06  3.409e-04  4.523e-06   0.08  4.008e+43    -0.00  3.363e+51  9.671e-04
WISEA J210858.16-562831.1 317.24237 -56.47533 11.887 11.823                                                                                                   355269 WISEA J210858.16-562831.1 41461868    0.0431    0.0002 NED-LVS                                                                                                                                                            WTP17aamoxe 58229.45  15565.95 18  4.258  28583.24 18  2.739  3.900  0.018  2.281  0.014 58033.07 59324.96 1 58033.07 59489.21 0  44.62  86.31 10.77  8.88  7.444e-12  9.661e-14  6.955e-12  6.897e-14  3.028e-04  7.400e-06  3.140e-04  5.441e-06   0.01  1.003e+44  -188.26  4.360e+51  9.367e-04
WISEA J115405.00-054959.9 178.52086  -5.83335 12.713 12.557                               101001785208550396   1792006101241023531  WISE J115405.02-055000.3  808261 WISEA J115405.00-054959.9 41034970    0.0904           NED-LVS                                                                                                                                                                        58633.88  10731.01 18  3.134  20660.09 18  3.145  2.474  0.018  1.564  0.027 58110.23 59729.07 0 58110.23 59729.07 0 135.46  93.69  1.45  2.12  3.205e-12  7.451e-14  3.467e-12  7.406e-14  2.676e-04  7.720e-06  3.160e-04  6.858e-06   0.15  2.086e+44    -0.00  1.851e+52  8.474e-04
WISEA J180932.24+044515.8 272.38417   4.75442 13.201 12.220                                                                                                  1100794 WISEA J180932.24+044515.8 41683042    0.0829           NED-LVS                                                                                                                                                                        57193.70  16480.24 18  2.305  22790.45 18  3.681  1.609  0.018  2.057  0.018 56922.84 59096.00 1 56922.84 59460.09 0  28.89  16.08  5.05 14.94  2.295e-12  2.743e-14  2.757e-12  2.844e-14  1.994e-04  5.473e-06  3.040e-04  5.804e-06   0.03  1.367e+44    81.69  1.532e+52  8.415e-04
WISEA J074352.55-245057.8 115.96897 -24.84941 11.796 11.428                                78181159689821010   1155024301241002567  WISE J074352.54-245057.9   90671 WISEA J074352.55-245057.8 40922701    0.0324           NED-LVS                                                                                                                                                                        57689.84   1153.27 15  6.245   4330.86 15  6.084  5.946  0.041  4.730  0.047 57488.23 58940.54 1 57488.23 59881.19 0  16.01  20.56  5.96  5.25  3.467e-12  3.152e-13  3.287e-12  1.004e-13  2.326e-04  2.117e-05  2.875e-04  1.146e-05   0.03  2.483e+43    -0.00  2.160e+51  8.345e-04
WISEA J034438.85+044346.2  56.16185   4.72952 13.082 12.967                               113670561618405836    562104501241026082  WISE J034438.84+044346.3  992759 WISEA J034438.85+044346.2 40943112    0.1006           NED-LVS                                                                                                                                                                        57419.38   6173.16 20  2.192  14047.23 20  2.152  1.876  0.024  1.080  0.031 57059.66 59079.69 1 57059.66 59808.12 0  27.01  88.01  5.00  1.72  2.908e-12  6.565e-14  3.104e-12  6.880e-14  1.717e-04  1.312e-05  2.645e-04  1.319e-05   0.38  2.355e+44     0.00  1.952e+52  7.113e-04
WISE J103336.13-202546.0  158.40049 -20.42943 13.700 13.548                                83481584005165031   1584019701241003590  WISE J103336.13-202546.0                                   40881541    0.1012    0.0153 PS1xWISE-STRM                                                                                                                                                                  57633.05  20231.61 20  1.744  20927.19 20  2.027  0.999  0.008  0.657  0.013 57175.25 59922.63 0 57175.25 59922.63 0  82.43  63.39  3.34  3.60  1.940e-12  2.971e-14  2.007e-12  2.330e-14  2.269e-04  5.750e-06  2.661e-04  7.028e-06   0.08  1.551e+44    89.80  1.942e+52  6.989e-04
WISEA J113737.65-431947.3 174.40696 -43.32967 11.811 11.650                                                                                                  1290827 WISEA J113737.65-431947.3 41746123    0.0614    0.0002 NED-LVS                                                                                                                                                                        58023.44   7155.00 16  3.215  15766.76 16  3.100  2.699  0.020  1.918  0.016 57562.98 59380.18 0 57562.98 59380.18 0 107.74  94.49  1.45  2.70  2.778e-12  4.994e-14  2.713e-12  2.880e-14  2.034e-04  7.244e-06  2.418e-04  7.633e-06   0.06  7.426e+43   -94.29  6.568e+51  6.774e-04
WISEA J083812.21-584836.5 129.55075 -58.81022 12.529 12.405                                                                                                   704009 WISEA J083812.21-584836.5 41589885    0.0528           NED-LVS                                                                                                                                                                        56646.27  58065.48 18  2.019  85053.26 18  1.900  1.707  0.015  1.355  0.014 55547.40 58469.76 1 55547.40 58628.60 1 186.76  45.33  1.74 10.93  4.319e-12  2.773e-14  4.363e-12  2.547e-14  4.049e-04  6.291e-06  4.361e-04  5.202e-06   0.03  8.719e+43     0.00  4.178e+51  5.897e-04
J110303.52+115816.6       165.76470  11.97128 14.468 13.370   230980 J110303.52+115816.6  122361657646886004                                                                                     230980    0.9135    0.0200 NEDz, NEDz_extcats, GLADEv23                                                                                                      0.03 QR                                      57528.25  16898.95 16  0.814   9347.44 16  1.194  0.444  0.010  0.675  0.014 55535.46 58980.38 1 56997.41 58980.38 1 184.85  72.30  3.82 11.15  6.508e-12  9.914e-14  7.366e-12  1.606e-13  2.853e-04  6.884e-06  3.200e-04  1.075e-05   0.05  8.880e+46     0.00  2.358e+54  5.340e-04
WISE J094802.91-225605.8  147.01206 -22.93494 13.589 13.281                                80471470121128404   1466022801241014297  WISE J094802.91-225605.8                                   40876181    0.0676    0.0057 PS1xWISE-STRM                                                                                                                                                                  57522.30  11373.78 18  1.563  11101.95 18  1.685  1.181  0.026  0.916  0.023 57163.38 59705.28 1 57163.38 59705.28 1  34.36  36.96  2.53  3.56  2.027e-12  3.670e-14  1.980e-12  2.601e-14  1.629e-04  7.279e-06  1.980e-04  7.002e-06   0.07  6.727e+43    -0.00  6.296e+51  5.313e-04
J094029.53+370806.4       145.12307  37.13511 14.639 14.063  5200111 J094029.53+370806.4  152561451231022773   1458137801241006078  WISE J094029.53+370806.5                                    5200111    0.1804    0.0274 PS1xWISE-STRM                                                                                                                                                                  57319.35  19171.48 18  0.927  15153.22 18  1.382  0.439  0.006  0.420  0.011 56970.37 59525.74 0 56970.37 59525.74 0 147.55 116.23  2.03  1.77  1.647e-12  1.810e-14  1.480e-12  2.808e-14  1.589e-04  3.590e-06  1.808e-04  4.851e-06   0.06  4.406e+44  -152.78  4.470e+52  4.585e-04
WISEA J045025.72-181607.9  72.60762 -18.26874 13.302 13.201                                86070726076237839    729018201241023118  WISE J045025.82-181607.5  755071 WISEA J045025.72-181607.9 41276674    0.0631    0.0002 NED-LVS                                                                                                                                                                        57996.35   5925.89 18  1.771  10602.97 18  1.709  1.422  0.015  0.814  0.020 57632.15 59823.34 0 57430.74 59823.34 0  22.07  71.73  4.32  1.64  1.237e-12  2.313e-14  1.522e-12  2.347e-14  1.182e-04  6.229e-06  1.713e-04  5.303e-06   0.05  4.249e+43    -0.00  4.570e+51  4.449e-04
J053813.28+171808.9        84.55537  17.30248 13.973 13.796    66124 J053813.28+171808.9  128760845553643518                                                                                      66124    0.1064    0.0145 PS1xWISE-STRM                                                                                                                                                                  57730.22   1024.50 10  1.514   3146.65 10  1.996  0.789  0.025  0.561  0.042 57089.67 59110.10 0 57089.67 59110.10 0 135.72  96.34  0.34  0.44  1.029e-12  5.499e-14  1.168e-12  6.542e-14  1.280e-04  1.301e-05  1.730e-04  1.390e-05   0.32  1.017e+44   397.14  1.360e+52  4.399e-04
J075803.40+075524.0       119.51420   7.92333 14.422 14.321  3468012 J075803.40+075524.0  117501195142038551   1189107501241032474  WISE J075803.40+075524.0                                    3468012    0.0591    0.0133 PS1xWISE-STRM                                                                                                                                                                  58389.23  18983.52 17  1.274  21002.08 17  1.577  0.540  0.006  0.317  0.010 57685.31 59509.55 0 57685.31 59509.55 0  75.50 101.49  2.52  1.74  1.068e-12  3.639e-14  1.171e-12  2.404e-14  1.239e-04  3.110e-06  1.379e-04  4.055e-06   0.05  2.853e+43   172.05  3.612e+51  4.034e-04
J070309.40+505944.8       105.78921  50.99576 14.036 13.409 11034379 J070309.40+505944.8  169191057892115574   1049151401241000097  WISE J070309.40+505944.9                                   11034379    0.1255    0.0157 PS1xWISE-STRM                                                                                                                                                                  58552.33  24143.74 16  1.110  17268.28 16  1.173  0.903  0.006  0.964  0.012 58187.22 59492.41 0 58187.22 59492.41 0 150.16 210.32  2.79  1.26  2.368e-12  3.695e-14  2.052e-12  3.498e-14  1.185e-04  1.979e-06  1.285e-04  2.471e-06   0.75  2.838e+44     0.00  1.628e+52  3.692e-04
WISEA J100036.44+511653.0 150.15186  51.28137 13.938 13.391  6033821 J100036.44+511653.0  169531501518098365   1502151401241011202  WISE J100036.45+511653.0 1175522 WISEA J100036.44+511653.0  6033821    0.1167    0.0000 NED-LVS                                                      0.008 composite                                                      0.01 A                                       57959.70  28410.78 18  0.882  13073.15 18  0.948  0.715  0.006  0.560  0.010 57696.79 59523.55 0 57696.79 59523.55 0  46.24  35.43  9.18  7.90  2.373e-12  2.585e-14  1.870e-12  2.574e-14  1.242e-04  2.763e-06  1.341e-04  3.795e-06   0.08  2.489e+44   -91.08  1.381e+52  3.663e-04
WISEA J154419.65-064915.3 236.08189  -6.82094 13.020 12.443                                99812360818935265   2364007601241038448  WISE J154419.65-064915.2  981194 WISEA J154419.65-064915.3 41193720    0.1111           NED-LVS                                                                                  0.066 CV      AT 2017egv   57898.40                                                   58326.63   5663.59 20  2.017   4884.79 20  1.904  1.532  0.012  1.421  0.014 57797.11 59786.32 0 57797.11 59623.94 1  27.75  22.95 10.43 12.21  3.152e-12  2.000e-13  2.541e-12  5.580e-14  1.623e-04  7.831e-06  1.299e-04  6.470e-06   0.01  2.934e+44     0.00  1.233e+52  3.635e-04
J043455.68-004145.2        68.73202  -0.69597 14.360 14.293 17069666 J043455.68-004145.2  107160687320175292    680100001241000103  WISE J043455.67-004145.1                                   17069666    0.0914    0.0116 PS1xWISE-STRM                                                                                                                                                                  57447.50  11214.66 18  1.044   9009.20 18  1.080  0.562  0.006  0.351  0.009 57070.37 59456.16 0 57070.37 59456.16 0  70.42  49.62  2.84  3.17  1.044e-12  2.485e-14  9.700e-13  3.498e-14  1.234e-04  3.710e-06  1.333e-04  5.405e-06   0.07  6.366e+43  -168.17  8.027e+51  3.587e-04
WISEA J103019.21-471839.1 157.58000 -47.31083 12.977 13.154                                                                                                  1308410 WISEA J103019.21-471839.1 41760059    0.0943           NED-LVS                                                                                                                                                                        58376.15   7872.38 18  1.693  11591.49 18  1.483  1.411  0.007  0.903  0.009 57912.99 59368.85 0 57912.99 59368.85 0  72.48 131.90  3.02  1.75  1.426e-12  2.815e-14  1.295e-12  2.955e-14  1.322e-04  4.353e-06  1.353e-04  4.064e-06   0.02  9.302e+43  -239.80  8.541e+51  3.571e-04
J073414.38-102759.7       113.55977 -10.46641 14.476 14.298 36039050 J073414.38-102759.7   95441135597880702                                                                                   36039050    0.1179    0.0150 PS1xWISE-STRM                                                                                                                                                                  57480.90   7105.46 17  0.996   9441.24 17  1.189  0.532  0.008  0.328  0.010 57316.44 59507.20 0 57316.44 59507.20 0  76.78 228.81  2.58  0.80  1.453e-12  4.248e-14  1.252e-12  4.524e-14  9.993e-05  4.118e-06  1.149e-04  4.496e-06   0.52  1.522e+44    -0.00  1.345e+52  3.489e-04
2MASX J14024483+0726493   210.68662   7.44720 13.437 13.128                               116932106866437166   2105107501241018490  WISE J140244.79+072650.1  473681 2MASX J14024483+0726493   40641107    0.0723           NED-LVS                                                                                  0.036 None    AT 2020qcv   59051.72                                                   59594.81  14264.49 18  1.272   9584.31 18  0.878  1.202  0.012  0.831  0.028 58660.04 59755.52 0 58660.04 59755.52 0  40.07  48.69  6.03  2.17  2.498e-12  3.382e-14  1.935e-12  3.449e-14  1.252e-04  2.632e-06  1.054e-04  3.658e-06   0.13  9.503e+43     0.00  4.749e+51  3.481e-04
WISE J140156.51+114010.6  210.48548  11.66957 13.527 13.258                               122002104854784007   2101112101241013994  WISE J140156.51+114010.6                                   41193861    0.0927    0.0077 PS1xWISE-STRM                                                                                                                                                                  58395.86  11009.32 21  1.218  10581.75 21  0.885  1.138  0.007  0.781  0.011 58133.66 59753.74 0 58133.66 59753.74 0  44.54  44.36  4.72  4.15  1.310e-12  4.223e-14  1.314e-12  6.150e-14  1.163e-04  3.245e-06  1.235e-04  4.000e-06   0.03  8.406e+43    93.14  7.918e+51  3.433e-04
J025432.08+463452.3        43.63369  46.58122 13.949 13.632  4392465 J025432.08+463452.3  163890436337128115    436146901241014013  WISE J025432.13+463452.4                                    4392465    0.1254    0.0236 PS1xWISE-STRM                                                                                                                                                                  57419.68  10987.74 16  1.282  10250.60 16  1.462  0.913  0.011  0.659  0.020 57253.43 59444.23 0 57253.43 59444.23 0 176.77  81.12  0.94  1.65  1.686e-12  2.367e-14  1.770e-12  4.338e-14  1.104e-04  3.868e-06  1.435e-04  4.885e-06   0.27  2.166e+44     0.00  1.500e+52  3.406e-04
WISEA J002753.34-690138.5   6.97196 -69.02739 13.780 13.696                                                                                                   711857 WISEA J002753.34-690138.5 41597623    0.0757           NED-LVS                                                                                                                                                                        57698.14  11296.91 18  1.227   8711.05 18  1.121  0.965  0.008  0.568  0.011 56968.84 59506.80 0 56968.84 59506.80 0 162.35 262.53  0.83  0.50  9.620e-13  1.700e-14  9.222e-13  1.670e-14  1.035e-04  3.339e-06  1.160e-04  4.133e-06   0.08  3.995e+43  -169.26  4.836e+51  3.217e-04
WISEA J020552.15+000411.7  31.46731   0.06994 13.549 13.250                               108080314672924386    317100001241021841  WISE J020552.14+000411.9  840426 WISEA J020552.15+000411.7 40794194    0.0765    0.0000 NED-LVS                                                      0.070 star_forming                                                            SDSSJ020552.15+000411.7             57312.06  11930.20 21  1.241  10124.66 21  1.047  1.145  0.008  0.895  0.011 57225.76 59783.85 0 57225.76 58845.82 1  50.30  39.57  5.94  6.70  1.977e-12  2.694e-14  1.964e-12  3.625e-14  1.125e-04  4.283e-06  1.251e-04  5.362e-06   0.02  8.389e+43    80.18  4.880e+51  3.180e-04
WISEA J104330.05+512129.0 160.87525  51.35805 13.630 13.012                                                                                                  1191327 WISEA J104330.05+512129.0 41699130    0.0816    0.0000 NED-LVS                                                      0.080 star_forming          0.011 None    AT 2019dqv   58584.24      0.07 A                                       58956.63  27823.92 18  1.128  24985.73 18  1.085  1.067  0.005  0.988  0.009 58069.54 59530.20 0 58069.54 59530.20 0  81.14  69.36  6.05  4.49  2.137e-12  2.592e-14  1.808e-12  1.892e-14  1.275e-04  2.380e-06  1.151e-04  2.632e-06   0.02  1.030e+44  -145.78  5.573e+51  3.170e-04
WISEA J133212.62+203637.8 203.05262  20.61054 13.902 13.518 11407998 J133212.62+203637.8  132732030526883178   2034121201241004568  WISE J133212.63+203637.9  171101 WISEA J133212.62+203637.8 11407998    0.1125    0.0000 NED-LVS                                                      0.065 composite                                                               SDSSJ133212.63+203638.0             57391.62   6573.42 16  1.430   7148.16 16  1.625  0.940  0.009  0.765  0.014 57199.69 59376.98 0 57199.69 59376.98 0 309.27 897.90  0.63  0.19  1.562e-12  2.753e-14  1.597e-12  2.446e-14  1.169e-04  5.165e-06  1.422e-04  5.380e-06   0.15  1.561e+44     0.00  1.063e+52  3.052e-04
WISEA J222758.44+181918.5 336.99357  18.32207 13.607 13.481                               129983369935487052   3362118101241016264  WISE J222758.45+181920.5  117689 WISEA J222758.44+181918.5 40394405    0.0506           NED-LVS                                                                                  0.079 None    AT 2019thh   58777.98                                                   59005.80  18906.81 18  1.280  12817.53 18  0.826  1.249  0.006  0.802  0.009 58804.55 59900.02 0 58804.55 59900.02 0  82.09 132.45  5.17  2.31  2.158e-12  2.424e-14  1.831e-12  3.176e-14  7.863e-05  1.751e-06  8.068e-05  2.026e-06   0.03  3.805e+43     0.00  1.915e+51  2.953e-04
WISEA J205702.96+141216.2 314.26235  14.20453 13.253 13.234                               125043142623725942   3150113601241047860  WISE J205702.96+141216.3  372631 WISEA J205702.96+141216.2 40739472    0.0526           NED-LVS                                                                                  0.453 TDE     AT 2019dsg   58582.46                                                   58779.41   8538.62 20  1.491  12222.16 20  0.871  1.481  0.006  0.846  0.007 58615.59 59874.79 0 58615.59 59874.79 0  74.95 125.80  3.99  2.78  1.576e-12  4.392e-14  1.664e-12  3.109e-14  9.467e-05  3.058e-06  1.103e-04  3.090e-06   0.02  3.236e+43    -0.00  2.060e+51  2.937e-04
J224900.60+210702.0       342.25235  21.11745 15.050 14.083 36720900 J224900.60+210702.0  133343422523851504                                                                                   36720900    1.2740    0.0200 NEDz, NEDz_extcats                                                                       0.134 None    AT 2019alg   58515.82      0.03 QR                                      58810.15  16470.06 18  1.070  20263.18 18  1.566  0.319  0.009  0.452  0.015 57362.65 59541.43 0 57362.65 59541.43 0 107.25 124.69  4.13  3.35  3.690e-12  3.749e-14  4.052e-12  4.015e-14  2.166e-04  9.554e-06  2.396e-04  1.033e-05   0.44  1.115e+47    -0.00  2.901e+54  2.893e-04
WISEA J104601.57-361808.4 161.50663 -36.30231 12.494 12.343                                                                                                  1306547 WISEA J104601.57-361808.4 41758630    0.0970           NED-LVS                                                                                                                                                                        57906.61  19204.93 18  1.352  11143.86 18  1.244  1.346  0.011  1.089  0.011 57743.67 58474.72 1 57743.67 59204.86 1  22.23  71.54 12.97  5.47  2.880e-12  2.903e-14  2.799e-12  8.213e-14  1.004e-04  2.533e-06  1.217e-04  3.748e-06   0.06  2.044e+44    -0.00  7.242e+51  2.853e-04
WISEA J082030.24-050448.5 125.12597  -5.08046 13.401 13.274                               101901251259823870   1245004601241000129  WISE J082030.23-050449.7  820054 WISEA J082030.24-050448.5 40831704    0.0734           NED-LVS                                                                                                                                                                        57132.29  12385.33 18  1.326  15531.75 18  0.911  1.320  0.011  0.822  0.018 56964.57 57854.62 1 56964.57 58215.45 1  44.28  76.64  6.39  2.74  2.728e-12  3.357e-14  2.430e-12  2.697e-14  7.563e-05  2.082e-06  8.285e-05  2.061e-06   0.07  1.047e+44     0.00  3.985e+51  2.828e-04
WISEA J085959.47+092225.7 134.99778   9.37380 14.277 13.876  4150481 J085959.47+092225.7  119241349978279074   1348109001241027693  WISE J085959.47+092225.7 1575975 WISEA J085959.47+092225.7  4150481    0.1519    0.0000 NED-LVS                                                      0.043 low S/N star-forming                                                    SDSSJ085959.47+092225.7             58325.44  10976.16 18  1.056   9165.40 18  1.213  0.611  0.006  0.496  0.012 57699.02 59525.61 0 57860.17 59525.61 0  63.03  32.58  2.90  3.78  9.520e-13  2.082e-14  9.414e-13  3.023e-14  1.046e-04  2.994e-06  1.104e-04  3.578e-06   0.02  1.772e+44    90.93  1.802e+52  2.700e-04
J083032.52+331842.0       127.63554  33.31168 14.302 13.691   339557 J083032.52+331842.0  147971276356044634                                                                                     339557    0.1649    0.0400 LSPhotoZZou, wiseScosPhotoz                                                                                                                                                    57320.14   6542.50 15  1.033   5358.80 15  1.343  0.598  0.009  0.574  0.012 57125.83 59146.93 0 57125.83 59146.93 0  59.79  66.08  2.34  1.73  1.110e-12  2.041e-14  9.272e-13  2.982e-14  7.799e-05  2.798e-06  8.763e-05  3.316e-06   0.03  2.488e+44  -166.80  2.030e+52  2.538e-04
WISEA J151345.76+311124.0 228.44069  31.19030 13.630 13.505                               145422284406898913   2276131801241000031  WISE J151345.77+311126.1  496780 WISEA J151345.76+311124.0 41179715    0.0718    0.0000 NED-LVS                                                      0.017 composite                                                               SDSSJ151345.77+311125.1             57777.95   4150.82 18  1.666   4322.01 18  1.367  1.288  0.010  0.836  0.012 57580.97 59763.22 0 57580.97 59763.22 0 117.51  47.17  1.16  2.95  1.255e-12  2.435e-14  1.082e-12  2.151e-14  7.533e-05  4.629e-06  7.753e-05  4.478e-06   0.04  4.587e+43     0.00  3.366e+51  2.504e-04
AT 2017gge                245.14581  24.12403 14.252 14.064 38049855 J162034.93+240725.7  136942451458269394   2444124201241016304  WISE J162035.00+240726.7 1100604 AT 2017gge                38049855    0.0655    0.0000 NED-LVS                                                      0.055 star_forming          0.139 None    AT 2017gge   57968.35               SDSSJ162034.99+240726.6             58165.88   9588.21 16  0.974  10311.60 16  0.902  0.715  0.006  0.459  0.008 58165.88 59423.83 0 58165.88 59423.83 0  83.47  61.30  3.14  3.58  1.470e-12  2.415e-14  1.073e-12  1.711e-14  6.093e-05  1.676e-06  6.793e-05  1.985e-06   0.09  4.745e+43    -0.00  2.735e+51  2.466e-04
J203835.39+051552.1       309.64745   5.26455 14.131 13.940 21875912 J203835.39+051552.1  114313096474297922   3098104501241045160  WISE J203835.40+051552.4                                   21875912    0.1017    0.0236 PS1xWISE-STRM                                                                                                                                                                  57780.42   6109.15 16  0.923   7066.96 16  0.968  0.750  0.007  0.457  0.012 57512.88 59501.52 0 57512.88 59501.52 0  39.34  67.34  3.58  1.96  9.186e-13  1.620e-14  1.009e-12  2.750e-14  6.343e-05  3.236e-06  9.643e-05  3.425e-06   0.19  7.832e+43    87.59  6.919e+51  2.462e-04
WISEA J111536.56+054449.7 168.90237   5.74713 14.083 13.910  3406535 J111536.56+054449.7  114891689023877011   1686106001241011634  WISE J111536.58+054449.7 1529711 WISEA J111536.56+054449.7  3406535    0.0900    0.0000 NED-LVS                                                      0.097 low S/N liner                                                           SDSSJ111536.57+054449.7             57450.13   5885.00 18  0.999   6846.84 18  1.021  0.756  0.009  0.543  0.015 57174.24 58985.22 1 57174.24 58985.22 1  25.54  18.46  4.72  5.60  9.913e-13  2.852e-14  1.026e-12  1.989e-14  8.060e-05  3.687e-06  9.731e-05  4.232e-06   0.03  6.138e+43   -76.22  5.239e+51  2.423e-04
WISEA J231850.76+103008.9 349.71164  10.50242 12.605 12.495                               120603497116523393   3492110601241015067  WISE J231850.79+103008.8  121073 WISEA J231850.76+103008.9 40670859    0.0574           NED-LVS                                                                                                                                                                        58087.41   7856.57 19  2.852   6873.33 19  2.000  2.791  0.021  1.892  0.024 57723.84 58649.87 1 57723.84 58649.87 1  12.45  12.16  8.78  9.51  2.044e-12  3.663e-14  1.837e-12  3.277e-14  7.046e-05  2.484e-06  6.578e-05  2.692e-06   0.01  4.695e+43     0.00  1.992e+51  2.365e-04
WISE J103946.77+714240.6  159.94486  71.71128 13.629 13.571                               194051599447744329   1620171101241043157  WISE J103946.77+714240.6                                   40600595    0.0711    0.0104 PS1xWISE-STRM                                                                                                                                                                  59304.04   8043.26 19  1.077  12754.81 19  0.647  1.070  0.004  0.631  0.007 58782.66 59878.08 0 58782.66 59878.08 0 193.09  95.17  1.94  3.01  1.480e-12  4.076e-14  1.345e-12  2.248e-14  8.122e-05  2.588e-06  7.548e-05  1.771e-06   0.07  5.330e+43    -0.00  3.059e+51  2.322e-04
WISEA J041504.27+364326.2  63.76800  36.72372 13.361 13.151                               152060637679699108    634136301241033012  WISE J041504.32+364325.3 1135017 WISEA J041504.27+364326.2 40848150    0.0713           NED-LVS                                                                                                                                                                        57265.37  14472.25 18  1.382  11942.08 18  1.052  1.314  0.008  0.920  0.014 56903.60 58154.96 1 56903.60 58360.71 1  49.68  45.01  5.26  4.32  1.853e-12  2.036e-14  1.723e-12  2.685e-14  8.981e-05  2.794e-06  9.063e-05  2.496e-06   0.07  6.757e+43     0.00  3.062e+51  2.309e-04
2MASX J14022128+3922122   210.58863  39.37011                                                                                                                 632365 2MASX J14022128+3922122   41566408    0.0637    0.0000 NED-LVS                                                      0.021 AGN (not liner)                                                         SDSSJ140221.27+392212.4             57556.47  14286.01 16  1.157  15367.50 16  0.894  1.085  0.007  0.664  0.016 57386.59 58641.85 1 57386.59 59372.86 0 101.75 748.60  4.83  0.34  3.197e-12  3.265e-14  2.651e-12  2.899e-14  7.112e-05  2.327e-06  8.746e-05  2.752e-06   0.08  9.133e+43     0.00  2.279e+51  2.174e-04
J002629.66+373850.4         6.62354  37.64735 13.890 13.726  9041635 J002629.66+373850.4  153170066235517462     56137801241015828  WISE J002629.65+373850.5                                    9041635    0.0753    0.0094 PS1xWISE-STRM                                                                                                                                                                  57032.62  15617.50 19  0.914  10731.94 19  0.711  0.847  0.007  0.599  0.011 56857.00 58475.63 1 56857.00 58314.77 1  67.07  33.31  4.36  6.03  1.749e-12  2.370e-14  1.430e-12  2.664e-14  5.582e-05  2.287e-06  6.173e-05  2.167e-06   0.03  7.095e+43    -0.00  3.223e+51  2.172e-04
J051101.46-144626.3        77.75609 -14.77397 14.688 14.199  2630236 J051101.46-144626.3   90270777560701630                                                                                    2630236    0.1814    0.0400 wiseScosPhotoz                                                                                                                                                                 58525.09   2832.16 11  1.123   1971.14 11  1.377  0.741  0.017  0.551  0.041 58160.80 59256.38 1 58160.80 59465.28 0  34.06 235.23  2.37  0.21  1.220e-12  4.106e-14  1.309e-12  3.689e-14  5.551e-05  2.371e-06  6.939e-05  3.735e-06   0.95  3.569e+44    -0.00  2.063e+52  2.089e-04
J002350.35+432154.7         5.95976  43.36522 15.179 14.927  5585917 J002350.35+432154.7  160030059597418910     62143901241006349  WISE J002350.34+432154.7                                    5585917    0.1116    0.0248 PS1xWISE-STRM                                                                            0.068 None    AT 2017fmk   57947.58                                                   58317.37  13709.77 19  0.311   7722.27 19  0.243  0.280  0.004  0.197  0.009 57951.91 59412.90 0 57951.91 59412.90 0  62.82  75.41  4.73  2.53  1.093e-12  1.938e-14  1.139e-12  4.044e-14  6.831e-05  1.876e-06  7.747e-05  2.775e-06   0.06  1.088e+44    -0.00  6.892e+51  2.011e-04
WISEA J034951.88-540914.0  57.46663 -54.15447 13.990 13.942                                                                                                   334457 WISEA J034951.88-540914.0 41454085    0.0540           NED-LVS                                                                                                                                                                        57032.50   3115.18 16  1.874   1988.53 16  1.686  1.614  0.013  1.157  0.021 56856.33 59045.44 1 56856.33 59204.99 1  15.45  14.31  5.00  3.77  8.676e-13  2.727e-14  7.366e-13  2.776e-14  7.055e-05  4.231e-06  8.177e-05  4.873e-06   0.03  1.752e+43     0.00  1.457e+51  1.960e-04
J134028.86+664343.7       205.12021  66.72880 14.727 14.055  3788622 J134028.86+664343.7  188072051204125329                                                                                    3788622    0.3349    0.0397 PS1xWISE-STRM                                                                                                                                                                  58158.13  20274.42 18  0.709  17000.46 18  0.881  0.401  0.009  0.435  0.005 57874.03 59539.33 0 57874.03 59539.33 0  47.24  78.34  3.21  3.60  1.153e-12  1.509e-14  9.240e-13  1.251e-14  8.134e-05  1.736e-06  7.675e-05  1.616e-06   0.01  1.294e+45   -59.12  7.764e+52  1.960e-04
[HB89] 1010+350           153.45672  34.76411 14.143 13.016  4669243 J101349.60+344550.8  149711534567157547                                                   53437 [HB89] 1010+350            4669243    0.0303    0.0003 NED-LVS                                                                                                                           0.04 QRX                                     58594.86   4233.31 16  0.430   4080.36 16  0.692  0.343  0.007  0.592  0.009 58227.83 59323.31 1 58227.83 59323.31 1  46.52  40.97  8.21  8.69  2.190e-12  6.776e-14  2.197e-12  5.993e-14  6.036e-05  2.656e-06  6.275e-05  2.511e-06   0.03  1.407e+43    -0.00  4.421e+50  1.954e-04
J074210.11-051700.0       115.54221  -5.28340 15.322 14.884 20031417 J074210.11-051700.0  101661155422170340                                                                                   20031417    0.2774    0.0313 PS1xWISE-STRM                                                                                                                                                                  57763.21   5133.80 15  0.543   5592.91 15  0.926  0.237  0.007  0.224  0.011 57683.32 59508.67 0 57683.32 59508.67 0 102.46  91.58  1.63  1.48  1.037e-12  3.787e-14  9.412e-13  2.100e-14  5.964e-05  3.931e-06  8.118e-05  5.834e-06   0.18  7.450e+44   -62.54  5.014e+52  1.953e-04
WISEA J224342.87-165908.5 340.92865 -16.98570 13.452 13.149                                87613409286367545   3411016701241008512  WISE J224342.87-165908.4  767748 WISEA J224342.87-165908.5 41021404    0.1485           NED-LVS                                                                                  0.076 AGN     AT 2018bcb   58235.12                                                   58264.93   6728.46 20  1.293   5757.10 20  1.037  1.234  0.011  0.947  0.019 58264.93 59523.76 1 58264.93 59523.76 1  52.39  31.07  5.05  4.62  2.466e-12  3.934e-14  1.817e-12  3.580e-14  4.565e-05  4.885e-06  5.410e-05  5.556e-06   0.03  4.524e+44    -0.00  1.227e+52  1.931e-04
WISEA J021014.09+315903.4  32.55872  31.98427 12.590 12.586                               146380325587021743    317131801241017250  WISE J021014.09+315903.4 1128508 WISEA J021014.09+315903.4 40845940    0.0498           NED-LVS                                                                                                                                                                        58492.81   2366.62 21  2.851   4622.17 21  1.602  2.654  0.016  1.515  0.013 58334.43 59795.16 0 58334.43 59795.16 0  12.65  26.14  6.20  4.35  1.115e-12  4.329e-14  9.448e-13  2.240e-14  6.644e-05  5.227e-06  6.121e-05  3.191e-06   0.01  1.898e+43    -0.00  1.197e+51  1.910e-04
J080919.88+164525.7       122.33286  16.75712 14.863 14.205  3252690 J080919.88+164525.7  128101223328459087                                                                                    3252690    0.2554    0.1000 wiseScosPhotoz                                                                                                                                                                 58050.65  10913.87 17  0.764   4666.56 17  0.926  0.270  0.007  0.338  0.011 57124.97 58936.35 1 57124.97 59146.04 1  16.16  15.97  6.81  5.60  6.965e-13  1.412e-14  6.231e-13  2.565e-14  8.418e-05  2.303e-06  7.512e-05  2.911e-06   0.03  4.040e+44  -451.38  4.043e+52  1.902e-04
J120411.70-041246.4       181.04884  -4.21289 14.864 14.530 15365638 J120411.70-041246.4  102941810488124935   1807004601241025164  WISE J120411.71-041246.3                                   15365638    0.1073    0.0149 PS1xWISE-STRM                                                                                                                                                                  57910.63   7813.88 18  0.588   3549.78 18  0.646  0.363  0.007  0.270  0.013 57747.38 59366.58 0 57747.38 59366.58 0  78.74  55.33  2.79  2.18  1.383e-12  2.975e-14  1.053e-12  2.723e-14  8.937e-05  3.872e-06  8.539e-05  5.515e-06   0.04  1.227e+44    -0.00  5.862e+51  1.863e-04
WISEA J233614.99-394820.3 354.06250 -39.80564 13.232 13.317                                                                                                   313355 WISEA J233614.99-394820.3 41437366    0.0584    0.0002 NED-LVS                                                                                                                                                                        58429.01   3245.91 18  1.490   4705.40 18  0.952  1.446  0.008  0.906  0.013 58265.84 59525.12 0 58265.84 59525.12 0  31.77  34.85  3.92  2.95  8.814e-13  2.094e-14  8.842e-13  2.217e-14  5.614e-05  3.347e-06  6.863e-05  3.136e-06   0.03  2.185e+43    -0.00  1.621e+51  1.856e-04
J231703.06+261401.2       349.26276  26.23371 14.382 13.783  1301075 J231703.06+261401.2  139483492627041063   3500125701241039672  WISE J231703.05+261401.4                                    1301075    0.1786    0.0400 wiseScosPhotoz                                                                                                                                                                 58819.75  13035.87 17  0.518   6072.95 17  0.497  0.479  0.005  0.391  0.011 58657.39 59185.38 0 58657.39 59185.38 0  71.17  45.13  6.14  6.25  2.080e-12  2.966e-14  1.957e-12  3.527e-14  7.114e-05  1.168e-06  7.399e-05  2.729e-06   0.01  5.471e+44     0.00  1.745e+52  1.831e-04
J070333.02+561140.1       105.88767  56.19447 14.529 14.262 10898933 J070333.02+561140.1  175431058875404132   1066156001241027629  WISE J070333.02+561140.2                                   10898933    0.1277    0.0130 PS1xWISE-STRM                                                                                                                                                                  58029.22  11767.59 18  0.654   6128.87 18  0.683  0.477  0.004  0.341  0.007 57826.96 59491.90 0 57826.96 59491.90 0  87.25  84.91  3.45  2.41  1.144e-12  1.420e-14  9.408e-13  2.057e-14  6.597e-05  2.070e-06  6.952e-05  3.042e-06   0.12  1.429e+44     0.00  8.223e+51  1.797e-04
J011514.45+201656.1        18.81024  20.28226 15.207 14.963   731546 J011514.45+201656.1  132330188101729297                                                                                     731546    0.1792    0.0284 PS1xWISE-STRM                                                                                                                                                                  58117.22   4592.19 17  0.560   4137.90 17  0.611  0.268  0.005  0.184  0.011 57586.00 59048.73 0 57586.00 59048.73 0  39.44  25.23  3.29  4.02  6.085e-13  1.710e-14  7.311e-13  2.848e-14  5.155e-05  2.288e-06  6.920e-05  3.759e-06   0.09  1.908e+44    -0.00  1.700e+52  1.770e-04
WISEA J164938.78+262515.4 252.41156  26.42094 14.113 14.020 10432332 J164938.78+262515.4  139702524115915707   2516125701241034159  WISE J164938.78+262515.5 1591648 WISEA J164938.78+262515.4 10432332    0.0588    0.0000 NED-LVS                                                      0.043 composite                                                                                                   59067.91  21019.47 16  0.691  15054.91 16  0.419  0.679  0.004  0.412  0.007 58904.95 59432.24 0 58904.95 59432.24 0 100.00 199.61  4.20  2.23  1.606e-12  2.042e-14  1.910e-12  2.971e-14  3.290e-05  5.658e-07  4.315e-05  7.409e-07   0.07  4.601e+43     0.00  1.555e+51  1.755e-04
J065546.06-175202.8       103.94193 -17.86747 14.277 13.651   307211 J065546.06-175202.8   86551039419229383                                                                                     307211    0.2601    0.0280 PS1xWISE-STRM                                                                                                                                                                  57934.52   4382.05 14  0.893   3340.53 14  1.094  0.611  0.013  0.539  0.014 57471.76 59132.84 0 57471.76 59132.84 0 104.86  41.32  0.76  2.06  9.068e-13  2.782e-14  7.877e-13  2.399e-14  7.527e-05  3.195e-06  7.412e-05  3.400e-06   0.01  5.490e+44   -81.04  3.828e+52  1.727e-04
J194257.44-191927.8       295.73940 -19.32441 14.222 14.078  8866974 J194257.44-191927.8   84812957393761045                                                                                    8866974    0.1204    0.0287 PS1xWISE-STRM                                                                                                                                                                  57398.09   4768.66 17  0.869   3120.16 17  0.878  0.697  0.028  0.398  0.014 57127.88 58751.48 1 57127.88 59483.14 0  13.34 102.19  2.31  0.90  7.522e-13  2.929e-14  8.468e-13  2.522e-14  6.659e-05  6.519e-06  9.124e-05  7.983e-06   0.04  9.281e+43    83.70  6.870e+51  1.705e-04
WISEA J144758.41+402336.0 221.99339  40.39333 13.763 13.479                               156472219933452630   2215140801241001822  WISE J144758.42+402336.0  640290 WISEA J144758.41+402336.0 40778601    0.1303    0.0000 NED-LVS                                                                                                                                    SDSSJ144758.41+402335.9             57398.83  13151.74 21  1.036   7889.22 21  0.862  0.958  0.005  0.717  0.007 57208.08 58654.92 1 57208.08 58654.92 1  24.71  15.61  9.66 11.81  1.059e-12  2.071e-14  8.873e-13  1.844e-14  5.975e-05  1.631e-06  5.776e-05  1.895e-06   0.03  1.488e+44  -168.77  7.989e+51  1.671e-04
J001247.36+335338.4         3.19742  33.89402 15.125 13.990 10740136 J001247.36+335338.4  148670031974643446                                                                                   10740136    1.6820    0.0200 NEDz, NEDz_extcats                                                                       0.050 None    AT 2019hpj   58647.14      0.16 QR                                      58674.33   8725.33 18  0.576   6255.79 18  0.804  0.266  0.007  0.390  0.014 57387.92 59405.67 0 57387.92 59405.67 0  21.36  21.39 13.14  9.53  1.750e-12  4.837e-14  1.845e-12  6.103e-14  1.308e-04  5.205e-06  1.365e-04  6.290e-06   0.12  1.017e+47    -0.00  3.304e+54  1.663e-04
J151722.00+465812.6       229.34166  46.97018 14.909 14.455  1437968 J151722.00+465812.6  164362293413244922                                                                                    1437968    0.1886    0.0316 PS1xWISE-STRM                                                                                                                                                                  57929.92  26535.02 17  0.370  23326.01 17  0.327  0.347  0.003  0.289  0.005 57765.80 59021.50 0 57765.80 59021.50 0 102.80 106.89  3.95  3.01  1.133e-12  9.975e-15  1.049e-12  1.152e-14  3.738e-05  8.648e-07  4.892e-05  1.002e-06   0.05  3.345e+44     0.00  1.760e+52  1.636e-04
J080941.73+534125.1       122.42389  53.69030 15.197 14.076  3496508 J080941.73+534125.1  172421224239019092                                                                                    3496508    2.1360    0.0200 NEDz, NEDz_extcats, GLADEv23                                                                                                      0.05 QR                                      57836.66  25759.34 17  0.393  30159.26 17  0.597  0.142  0.007  0.221  0.011 57676.29 59502.43 0 57676.29 59502.43 0  46.43  38.06 11.89 14.06  3.613e-12  2.762e-14  3.695e-12  2.611e-14  1.677e-04  3.451e-06  1.788e-04  3.406e-06   0.05  3.693e+47     0.00  5.725e+54  1.607e-04
J130516.26-210821.8       196.31780 -21.13941 15.129 14.440  3972808 J130516.26-210821.8   82631963178453072                                                                                    3972808    0.2539    0.1000 wiseScosPhotoz                                                                                                                                                                 57401.62  11246.95 19  0.295   7540.00 19  0.342  0.263  0.025  0.343  0.077 57038.87 58132.84 1 57210.77 57929.99 1  51.02  16.72  1.23  1.59  1.390e-12  3.310e-14  1.344e-12  5.505e-14  6.898e-05  1.954e-06  6.774e-05  3.728e-06   0.12  8.129e+44    -0.00  3.341e+52  1.593e-04
WISEA J153239.62+443203.0 233.16508  44.53419 14.004 13.891  3124002 J153239.62+443203.0  161442331651201646   2330143901241042464  WISE J153239.63+443203.2  670383 WISEA J153239.62+443203.0  3124002    0.0376    0.0000 NED-LVS                                                      0.024 low S/N liner                                                                                               59234.04  13675.25 19  0.799  18350.88 19  0.471  0.790  0.003  0.468  0.005 58663.85 59395.39 0 58663.85 59395.39 0  49.93  99.87  7.20  3.54  1.040e-12  1.233e-14  1.228e-12  1.310e-14  4.998e-05  1.007e-06  5.938e-05  1.041e-06   0.02  1.170e+43     0.00  5.481e+50  1.564e-04
WISEA J201133.97-415732.0 302.89158 -41.95906 11.644 11.397                                                                                                  1355438 WISEA J201133.97-415732.0 41792073    0.0486    0.0002 NED-LVS                                                                                                                                                                        57305.69   1490.54 18  4.454   3787.99 18  3.538  4.248  0.037  3.370  0.026 57129.20 58026.08 1 57129.20 58026.08 1   8.43  10.40  8.35 10.21  2.294e-12  1.111e-13  1.777e-12  4.623e-14  9.067e-05  6.046e-06  7.583e-05  3.048e-06   0.03  3.821e+43    -0.00  9.249e+50  1.548e-04
J225022.22+083847.6       342.59269   8.64661 14.274 14.074 19500975 J225022.22+083847.6  118373425926086411   3431109001241008185  WISE J225022.22+083847.8                                   19500975    0.1322    0.0169 PS1xWISE-STRM                                                                                                                                                                  59169.85   8403.28 18  0.625   7512.04 18  0.420  0.624  0.008  0.406  0.018 58805.58 59536.86 0 58805.58 59536.86 0  18.63  25.86  7.63  3.72  1.063e-12  1.755e-14  1.128e-12  2.110e-14  5.678e-05  1.742e-06  6.110e-05  1.981e-06   0.12  1.541e+44     0.00  7.452e+51  1.511e-04
J225413.36-214100.1       343.55562 -21.68339 16.055 15.709 18764904 J225413.36-214100.1   81983435555770212                                                                                   18764904    0.2094    0.0561 PS1xWISE-STRM                                                                            0.042 None    AT 2017gul   57966.51                                                   58428.67   6410.67 18  0.175   5221.54 18  0.288  0.131  0.007  0.170  0.029 58068.11 59524.22 0 58068.11 59524.22 0 104.48  41.34  2.02  1.42  1.299e-12  2.810e-14  1.122e-12  2.788e-14  6.432e-05  3.095e-06  6.519e-05  3.936e-06   0.29  5.126e+44  -134.93  2.035e+52  1.498e-04
J150726.91+811027.2       226.86166  81.17436 14.403 13.848 30152412 J150726.91+811027.2  205402268616379950   2237181701241000107  WISE J150726.91+811027.2                                   30152412    0.2026    0.0173 PS1xWISE-STRM                                                                                                                                                                  57754.07  25689.20 17  0.576  19168.57 17  0.598  0.545  0.003  0.509  0.005 57309.39 58562.13 1 57309.39 59500.27 0  75.74 106.63  3.85  2.42  8.865e-13  9.726e-15  8.261e-13  1.223e-14  5.876e-05  1.392e-06  6.138e-05  1.562e-06   0.33  3.061e+44   -66.96  1.876e+52  1.486e-04
J072003.18+375649.3       110.01329  37.94704 15.098 14.183  3447635 J072003.18+375649.3  153531100132297026                                                                                    3447635    0.3203    0.0142 PS1xWISE-STRM                                                                                                                     0.08 q                                       58765.72   7049.72 18  0.461   3454.43 18  0.506  0.284  0.006  0.326  0.013 57670.37 59497.04 0 58034.48 59497.04 0  39.56  14.08  3.31  5.29  7.153e-13  1.277e-14  6.188e-13  1.798e-14  5.928e-05  2.037e-06  5.333e-05  3.436e-06   0.06  6.946e+44    -0.00  5.310e+52  1.486e-04
J113257.85+604653.5       173.24109  60.78157 14.859 13.860  6031566 J113257.85+604653.5  180931732411008629                                                                                    6031566    0.2326    0.0030 SDSS_spec                                                    0.144 AGN (not liner)                                                0.12 QX                                      58593.08   5403.87 18  0.539   3126.84 18  0.753  0.293  0.010  0.390  0.014 57704.14 59530.71 0 57704.14 59530.71 0  10.10   9.87  8.03  6.68  6.952e-13  1.523e-14  5.997e-13  1.670e-14  6.219e-05  2.169e-06  5.612e-05  2.984e-06   0.05  3.251e+44     0.00  2.492e+52  1.448e-04
J164837.97+012814.7       252.15845   1.47050 15.338 15.259 38830503 J164837.97+012814.7  109762521584545077                                                                                   38830503    0.2067    0.0239 PS1xWISE-STRM                                                                                                                                                                  58626.39   8023.93 18  0.262   4486.99 18  0.226  0.241  0.004  0.162  0.008 58177.78 59437.09 0 58177.78 59437.09 0  71.56  32.13  4.06  5.62  1.015e-12  4.218e-14  8.880e-13  2.197e-14  6.535e-05  2.311e-06  6.294e-05  2.585e-06   0.96  3.638e+44   -67.72  1.900e+52  1.441e-04
WISEA J104306.54+271602.2 160.77732  27.26724 14.744 14.463 17568325 J104306.54+271602.2  140721607773501355   1605127201241016705  WISE J104306.55+271602.4 1699782 WISEA J104306.54+271602.2 17568325    0.1281    0.0000 NED-LVS                                                      0.209 low S/N liner                                                           SDSSJ104306.57+271602.2             57515.37   2394.53 18  0.610   1672.45 18  0.639  0.399  0.010  0.313  0.013 57156.49 59541.02 0 57156.49 59334.79 1  58.97   7.53  0.84  6.52  4.531e-13  2.221e-14  4.145e-13  2.547e-14  5.476e-05  3.033e-06  5.395e-05  3.679e-06   0.06  5.721e+43     0.00  6.436e+51  1.396e-04
J070307.97+071300.2       105.78324   7.21675 13.939 13.221   423668 J070307.97+071300.2  116661057832580586                                                                                     423668    0.1662    0.0144 PS1xWISE-STRM                                                                                                                                                                  55479.21   2287.46 16  0.449   3350.65 16  0.418  0.422  0.009  0.384  0.014 55479.21 57111.60 1 55479.21 57111.60 1  24.17  18.29  4.35  4.36  8.117e-13  1.892e-14  7.346e-13  1.570e-14  5.323e-05  2.300e-06  5.270e-05  2.312e-06   0.09  1.803e+44     0.00  1.128e+52  1.386e-04
WISEA J092758.17+231242.5 141.99241  23.21182 14.034 13.549  3585923 J092758.17+231242.5  135851419924544808   1417122701241029337  WISE J092758.17+231242.6 1044340 WISEA J092758.17+231242.5  3585923    0.0701    0.0000 NED-LVS                                                      0.047 low S/N liner                                                           SDSSJ092758.18+231242.6             55509.90   1158.73 18  0.530   1206.97 18  0.403  0.522  0.005  0.366  0.008 55509.90 57336.79 1 55509.90 57501.72 1  16.79  13.66  5.32  5.09  3.847e-13  1.797e-14  3.797e-13  1.920e-14  6.196e-06  6.584e-07  1.044e-05  9.445e-07   0.04  1.382e+43    -0.00  1.769e+51  1.386e-04
J094045.52-043910.0       145.18964  -4.65280 14.583 14.298  7272073 J094045.52-043910.0  102411451896837101   1458004601241020563  WISE J094045.52-043910.0                                    7272073    0.1636    0.0228 PS1xWISE-STRM                                                                                                                                                                  58601.11   7388.81 18  0.479   3894.41 18  0.342  0.455  0.005  0.306  0.009 58236.84 59538.79 0 58236.84 59538.79 0  56.86  39.34  3.14  3.00  8.631e-13  1.643e-14  6.981e-13  2.559e-14  5.765e-05  2.028e-06  5.075e-05  2.680e-06   0.13  1.860e+44    -0.00  1.071e+52  1.363e-04
J211558.97-133004.3       318.99572 -13.50124 14.915 14.086  9672173 J211558.97-133004.3   91793189956618920                                                                                    9672173    0.2888    0.1000 LSPhotoZZou                                                                                                                                                                    58611.54    634.50 12  0.700    327.41 12  0.997  0.515  0.016  0.518  0.060 58048.31 59342.53 1 57880.80 59506.57 0   9.40  27.19  4.99  0.72  6.730e-13  3.596e-14  7.680e-13  1.272e-13  5.289e-05  4.716e-06  7.113e-05  8.801e-06   0.11  5.895e+44     0.00  3.800e+52  1.350e-04
J230624.44-071621.2       346.60193  -7.27258 14.411 13.860 19311330 J230624.44-071621.2   99273466019073283                                                                                   19311330    0.1844    0.0400 LSPhotoZZou, wiseScosPhotoz                                                              0.421 None    AT 2017fot   57954.76                                                   58174.49   7450.79 16  0.654   3279.97 16  0.643  0.609  0.011  0.574  0.029 57909.21 58803.35 1 58075.57 59004.60 1  27.62  27.20  5.16  2.17  1.360e-12  2.347e-14  1.132e-12  5.097e-14  5.261e-05  1.805e-06  5.335e-05  2.898e-06   0.31  3.899e+44   -83.52  1.380e+52  1.348e-04
J215016.58-113257.0       327.56915 -11.54910 14.927 13.881 20558515 J215016.58-113257.0   94143275691211508                                                                                   20558515    0.2371    0.1000 LSPhotoZZou                                                                                                                       0.30 q                                       58157.06  11111.37 18  0.345   4815.13 18  0.478  0.310  0.005  0.394  0.013 57888.50 58986.94 1 57888.50 59150.36 1  50.94  32.19  6.06  3.64  1.339e-12  2.589e-14  1.019e-12  3.067e-14  6.332e-05  1.668e-06  5.748e-05  2.336e-06   0.13  8.048e+44   -79.64  2.418e+52  1.346e-04
WISEA J215925.29+114306.7 329.85536  11.71848 13.555 13.320                               122063298553742700   3290112101241015206  WISE J215925.30+114306.7  985010 WISEA J215925.29+114306.7 41296439    0.1210    0.0000 NED-LVS                                                      0.059 star_forming                                                            SDSSJ215925.29+114306.5             57901.18   8721.66 20  1.407  11604.74 20  1.066  1.399  0.006  1.043  0.011 57707.35 58428.66 1 57707.35 58631.97 1  48.27  32.25  7.93  7.55  2.090e-12  3.177e-14  1.673e-12  2.353e-14  4.906e-05  1.184e-06  5.074e-05  1.066e-06   0.53  2.344e+44    -0.00  5.463e+51  1.340e-04
WISEA J062717.40-351250.7  96.82237 -35.21450 12.200 12.101                                                                                                   697238 WISEA J062717.40-351250.7 41583120    0.0538    0.0002 NED-LVS                                                                                                                                                                        57104.90   1307.06 13  2.141   6999.58 13  1.875  2.084  0.083  1.369  0.048 56936.22 57299.65 1 56936.22 58029.10 1   3.38  15.68  2.93  2.91  7.259e-13  7.962e-14  1.436e-12  5.181e-14  1.637e-05  2.411e-06  4.080e-05  1.260e-06   0.17  4.441e+43   184.80  9.855e+50  1.337e-04
J093336.85+194358.1       143.40353  19.73277 14.938 14.744 15865359 J093336.85+194358.1  131671434034879776   1440119601241019868  WISE J093336.85+194358.3                                   15865359    0.1255    0.0133 PS1xWISE-STRM                                                                                                                                                                  57145.00   2536.87 18  0.548   1468.24 18  0.581  0.348  0.009  0.223  0.019 56974.87 59529.72 0 56974.87 59529.72 0  15.36  25.26  4.14  1.48  4.892e-13  1.397e-14  4.633e-13  2.385e-14  4.822e-05  3.582e-06  5.658e-05  5.154e-06   0.18  5.964e+43    -0.00  5.877e+51  1.333e-04
WISEA J215055.73-010654.1 327.73223  -1.11504 15.366 14.693  1141394 J215055.73-010654.1  106663277322312387                                                 1750645 WISEA J215055.73-010654.1  1141394    0.0879    0.0000 NED-LVS                                                      0.086 AGN (not liner)       0.103 None    AT 2021aetz  59524.20      0.08 N   SDSSJ215055.73-010654.2             58888.53   8205.37 16  0.233   2635.19 16  0.244  0.224  0.005  0.222  0.007 58422.55 59153.77 0 58422.55 59153.77 0  78.38  33.55  2.83  4.66  8.985e-13  3.640e-14  7.371e-13  3.745e-14  4.946e-05  1.442e-06  4.059e-05  2.032e-06   0.04  5.515e+43  -428.33  2.745e+51  1.332e-04
WISEA J135246.87+202443.9 208.19530  20.41218 13.632 13.576                               132492081953305121   2080119601241032627  WISE J135246.88+202444.0  427179 WISEA J135246.87+202443.9 40634517    0.0544    0.0000 NED-LVS                                                      0.054 composite             0.164 None    AT 2019idm   58658.23                                                   59119.92   4981.80 21  1.058   3328.18 21  0.641  1.048  0.013  0.624  0.008 58856.42 59747.90 0 58856.42 59747.90 0  36.59  49.72  2.03  2.95  8.366e-13  2.956e-14  8.040e-13  2.296e-14  3.289e-05  1.155e-06  3.364e-05  1.641e-06   0.04  1.713e+43   -97.68  9.987e+50  1.325e-04
J220316.85-203403.7       330.82021 -20.56772 14.712 14.363    33589 J220316.85-203403.7   83313308202259097   3309021301241036709  WISE J220316.85-203403.6                                      33589    0.1818    0.0441 PS1xWISE-STRM                                                                                                                                                                  57888.21   1341.68 16  0.716   1794.59 16  0.782  0.437  0.009  0.325  0.014 57524.06 59150.30 0 57524.06 59150.30 0  14.12  12.07  3.93  4.10  4.306e-13  2.170e-14  4.574e-13  2.200e-14  4.585e-05  3.360e-06  5.584e-05  4.285e-06   0.01  1.256e+44    -0.00  1.292e+52  1.302e-04
J010601.88-133614.2        16.50787 -13.60398 15.307 15.109  1883264 J010601.88-133614.2   91670165078185665    170013701241020493  WISE J010601.88-133614.2                                    1883264    0.0934    0.0285 PS1xWISE-STRM                                                                                                                                                                  57292.29   2496.64 17  0.386   1361.32 17  0.482  0.261  0.006  0.238  0.023 57020.00 58667.01 1 57020.00 58667.01 1  24.86  11.12  4.77  4.22  6.613e-13  2.803e-14  7.096e-13  7.122e-14  3.612e-05  2.987e-06  4.919e-05  6.143e-06   0.05  4.532e+43    80.62  3.014e+51  1.286e-04
WISEA J104832.78+122857.1 162.13661  12.48253 13.246 13.209                               122971621366089528   1622112101241023583  WISE J104832.79+122857.1  364810 WISEA J104832.78+122857.1 40399552    0.0537    0.0000 NED-LVS                                                                                                                                                                        58897.99   2438.91 20  1.509   4375.56 20  0.901  1.492  0.008  0.881  0.009 58818.80 59914.27 0 58818.80 59914.27 0  48.41  44.56  3.02  4.09  9.785e-13  4.109e-14  1.028e-12  2.989e-14  4.164e-05  2.524e-06  4.908e-05  1.951e-06   0.01  2.055e+43    75.15  9.377e+50  1.277e-04
J180346.22+312404.2       270.94236  31.40091 15.510 14.626 38969181 J180346.22+312404.2  145682709423671688                                                                                   38969181    0.2279    0.1000 LSPhotoZZou                                                                                                                                                                    58363.43   9011.54 18  0.418   4961.87 18  0.502  0.189  0.003  0.221  0.006 57834.35 59458.88 0 57834.35 59458.88 0  61.78  32.48  2.85  3.92  4.611e-13  1.782e-14  4.844e-13  1.528e-14  4.886e-05  1.758e-06  5.538e-05  2.388e-06   0.24  2.211e+44    -0.00  2.089e+52  1.272e-04
J131613.68-223330.0       199.05700 -22.55839 13.854 13.111  5884589 J131613.68-223330.0   80931990570180312                                                                                    5884589    0.1600    0.0000 TNS                                                                                      0.077 SLSN-II SN 2020edi   58914.42                                                   59127.74   9405.74 19  0.888   1225.67 19  0.993  0.878  0.008  0.976  0.015 59024.62 59391.50 0 59024.62 59391.50 0  87.21  38.91  3.14  3.09  1.895e-12  2.678e-14  1.178e-12  8.027e-14  0.000e+00  0.000e+00  0.000e+00  0.000e+00   0.07  6.319e+44   -88.90  9.508e+51  1.270e-04
J213508.45+003031.2       323.78524   0.50864 15.135 14.744 13749215 J213508.45+003031.2  108613237852070848   3236100001241035756  WISE J213508.44+003031.3                                   13749215    0.1158    0.0112 PS1xWISE-STRM                                                                                                                                                                  57888.99   1875.83 16  0.531   1512.51 16  0.683  0.274  0.008  0.230  0.019 57695.55 59514.91 0 57695.55 59514.91 0  28.50  27.39  3.22  1.98  6.860e-13  2.973e-14  6.699e-13  3.987e-14  4.072e-05  3.454e-06  4.689e-05  3.335e-06   0.06  7.126e+43    -0.00  4.696e+51  1.266e-04
WISEA J214956.71-195148.7 327.48628 -19.86353 13.592 13.161                                84163274862944120   3280019701241008325  WISE J214956.71-195148.6  769211 WISEA J214956.71-195148.7 41250042    0.1389           NED-LVS                                                                                                                                                                        59430.11   4834.94 19  1.135   2627.94 19  0.943  1.128  0.007  0.908  0.011 59348.35 59876.44 0 59348.35 59876.44 0  37.29  36.62  5.68  5.73  1.349e-12  2.315e-14  1.560e-12  1.736e-13  1.623e-05  6.844e-07  2.107e-05  2.332e-06   0.02  2.331e+44    71.78  6.939e+51  1.262e-04
J233831.20-101951.6       354.63006 -10.33102 14.880 14.511 13476716 J233831.20-101951.6   95603546301083118                                                                                   13476716    0.1849    0.0423 PS1xWISE-STRM                                                                                                                                                                  58444.66   2724.96 18  0.480   1693.61 18  0.444  0.357  0.007  0.253  0.013 58081.19 59540.11 0 58081.19 59540.11 0  24.93  36.98  4.15  2.15  6.187e-13  2.035e-14  6.821e-13  3.174e-14  4.667e-05  2.854e-06  5.326e-05  4.335e-06   0.09  1.926e+44     0.00  1.286e+52  1.249e-04
J041749.15+122843.8        64.45490  12.47887 15.116 14.892 23846910 J041749.15+122843.8  122970644549275155                                                                                   23846910    0.1391    0.0207 PS1xWISE-STRM                                                                                                                                                                  58880.14   6075.85 18  0.273   3467.31 18  0.193  0.262  0.004  0.179  0.008 58357.38 59452.94 0 58357.38 59452.94 0  63.35  31.33  2.85  4.87  6.924e-13  1.949e-14  7.916e-13  2.418e-14  4.117e-05  1.566e-06  4.716e-05  2.396e-06   0.29  1.190e+44    -0.00  6.788e+51  1.231e-04
WISEA J085342.38+742906.3 133.42653  74.48511 13.521 13.291                               197381334266002904   1323174201241030781  WISE J085342.40+742906.3 1159770 WISEA J085342.38+742906.3 41090117    0.0782           NED-LVS                                                                                                                                                                        59393.80  12109.65 20  1.167  10533.13 20  0.798  1.138  0.005  0.753  0.008 59133.32 59863.57 0 59133.32 59863.57 0  23.58  20.49  8.75  7.98  8.894e-13  2.571e-14  8.724e-13  1.519e-14  3.464e-05  8.144e-07  3.618e-05  8.269e-07   0.05  3.986e+43   -97.26  1.978e+51  1.231e-04
WISEA J121825.51+295154.7 184.60631  29.86523 14.495 14.073  2361507 J121825.51+295154.7  143831846063068860   1843130201241012571  WISE J121825.51+295154.8  415555 WISEA J121825.51+295154.7  2361507    0.1356    0.0000 NED-LVS                                                      0.048 AGN (not liner)                                                0.05 N   SDSSJ121825.51+295154.9             59013.99   5009.01 19  0.508   5272.83 19  0.401  0.497  0.008  0.379  0.017 58465.76 59560.77 0 58465.76 59560.77 0  63.71  41.00  1.24  1.87  5.681e-13  2.424e-14  8.363e-13  2.195e-14  3.697e-05  1.441e-06  4.985e-05  2.261e-06   0.01  1.237e+44   161.05  6.360e+51  1.220e-04
J175120.22+523244.5       267.83423  52.54571 14.983 14.920  2038499 J175120.22+523244.5  171052678342695550   2687153001241010119  WISE J175120.21+523244.6                                    2038499    0.0770    0.0121 PS1xWISE-STRM                                                                                                                                                                  58721.30   6084.34 16  0.356   7998.56 16  0.243  0.315  0.002  0.197  0.005 58193.30 59452.62 0 58357.08 59452.62 0 121.89  32.75  2.54  6.71  5.621e-13  9.640e-15  6.976e-13  1.283e-14  2.882e-05  9.729e-07  4.126e-05  1.148e-06   0.03  2.951e+43    -0.00  1.897e+51  1.219e-04
WISEA J164754.38+384341.9 251.97658  38.72834 14.674 14.424  1944980 J164754.38+384341.9  154472519765964655   2516139301241001898  WISE J164754.39+384342.0 1454071 WISEA J164754.38+384341.9  1944980    0.0855    0.0000 NED-LVS                                                      0.112 star_forming                                                            SDSSJ164754.38+384341.9             58169.19  12921.41 16  0.439   8910.27 16  0.304  0.428  0.003  0.286  0.005 57971.46 59062.95 0 57971.46 59062.95 0  90.34  74.54  3.28  3.04  7.079e-13  1.239e-14  6.781e-13  1.743e-14  3.131e-05  9.680e-07  3.581e-05  1.109e-06   0.06  3.816e+43     0.00  2.340e+51  1.206e-04
J100657.19+305945.5       151.73822  30.99602 16.123 15.575 21999070 J100657.19+305945.5  145191517382435826                                                                                   21999070    0.2840    0.0534 PS1xWISE-STRM                                                                                                                                                                  58595.02   5456.37 18  0.401   3323.50 18  0.567  0.111  0.007  0.173  0.010 57148.05 59532.73 0 57867.47 59532.73 0  71.09  13.99  0.90  5.03  4.186e-13  1.155e-14  4.447e-13  3.196e-14  5.334e-05  2.338e-06  5.661e-05  3.290e-06   0.16  3.334e+44    -0.00  3.220e+52  1.189e-04
WISEA J090924.54+192004.7 137.35230  19.33467 14.504 14.358  4173910 J090924.54+192004.7  131201373522872153   1376119601241009772  WISE J090924.54+192004.8 1693507 WISEA J090924.54+192004.7  4173910    0.1072    0.0000 NED-LVS                                                      0.033 low S/N star-forming                                                    SDSSJ090924.55+192004.8             58141.29   2395.22 18  0.579   2023.72 18  0.541  0.529  0.008  0.332  0.014 57698.38 58951.27 1 57698.38 59525.07 0   9.70  28.03  5.08  2.10  3.375e-13  1.404e-14  5.237e-13  2.308e-14  3.024e-05  2.052e-06  4.794e-05  2.769e-06   0.03  4.872e+43    71.18  3.692e+51  1.176e-04
J124904.51+150538.8       192.26880  15.09406 15.424 14.689 16475479 J124904.51+150538.8  126111922688033360                                                                                   16475479    0.2633    0.1000 LSPhotoZZou, wiseScosPhotoz                                                                                                                                                    57749.60   3134.16 18  0.373   2073.91 18  0.482  0.211  0.007  0.194  0.013 57382.49 59368.87 0 57382.49 59368.87 0  34.30  26.34  2.68  2.37  5.649e-13  1.446e-14  5.185e-13  1.685e-14  4.430e-05  2.916e-06  5.046e-05  3.260e-06   0.11  3.528e+44     0.00  2.680e+52  1.176e-04
WISEA J130532.90+395337.9 196.38712  39.89388 13.613 13.419                               155871963871353271   1954139301241032148  WISE J130532.91+395337.9  412014 WISEA J130532.90+395337.9 40679491    0.0725    0.0000 NED-LVS                                                                                                                                    SDSSJ130532.91+395337.9             57901.16   2661.32 20  1.183   2293.77 20  0.834  1.125  0.012  0.717  0.019 57738.26 59200.79 1 57738.26 59359.97 1  26.29  23.29  3.01  2.65  8.633e-13  2.618e-14  7.669e-13  2.492e-14  3.402e-05  2.506e-06  4.043e-05  3.060e-06   0.03  3.224e+43     0.00  1.606e+51  1.171e-04
J071338.31+601614.7       108.40967  60.27073 14.383 14.091  5429134 J071338.31+601614.7  180321084097315662   1080160501241014051  WISE J071338.31+601614.7                                    5429134    0.1461    0.0149 PS1xWISE-STRM                                                                                                                                                                  57104.55   3508.39 18  0.699   2785.82 18  0.622  0.555  0.006  0.449  0.015 56936.87 59492.63 0 56936.87 58552.28 1  37.63  14.08  2.62  3.39  5.453e-13  3.020e-14  4.816e-13  3.385e-14  5.206e-05  3.003e-06  4.627e-05  4.146e-06   0.10  9.626e+43  -146.31  7.151e+51  1.166e-04
LCRS B042442.3-423056      66.58375 -42.40397 14.233 13.983                                                                                                   184275 LCRS B042442.3-423056     41398758    0.1248    0.0003 NED-LVS                                                                                                                                                                        57514.37   2636.71 18  0.714   4334.22 18  0.709  0.633  0.004  0.412  0.006 57416.03 59231.49 1 57248.40 59439.33 0  18.45  48.53  6.42  2.78  4.280e-13  1.226e-14  5.576e-13  1.435e-14  2.738e-05  2.072e-06  4.902e-05  3.067e-06   0.04  6.746e+43    87.43  4.956e+51  1.138e-04
WISEA J134821.39+024914.9 207.08914   2.82077 13.545 13.309                               111382070891785392   2072103001241011877  WISE J134821.40+024914.9  474836 WISEA J134821.39+024914.9 40792012    0.0855    0.0000 NED-LVS                                                      0.143 composite                                                                                                   59593.21   6613.82 21  1.171   5829.23 21  0.782  1.165  0.006  0.776  0.008 59228.97 59753.95 0 59228.97 59753.95 0  31.99  48.86  6.33  4.44  1.053e-12  2.349e-14  1.123e-12  2.175e-14  2.899e-05  7.146e-07  2.894e-05  6.958e-07   0.12  6.028e+43     0.00  2.194e+51  1.131e-04
J171914.47+294624.9       259.81029  29.77361 15.433 15.065   698360 J171914.47+294624.9  143722598103198926                                                                                     698360    0.1639    0.0282 PS1xWISE-STRM                                                                                                                                                                  57087.04   3421.07 16  0.383   3345.32 16  0.474  0.209  0.005  0.161  0.008 56906.26 59076.82 0 56906.26 59076.82 0  89.10  92.33  1.11  0.97  4.254e-13  1.018e-14  4.381e-13  1.122e-14  3.766e-05  1.937e-06  4.681e-05  2.218e-06   0.10  9.672e+43     0.00  8.789e+51  1.114e-04
WISE J010429.51+443059.3   16.12294  44.51646 13.637 13.607                               161420161229540433    166143901241045801  WISE J010429.51+443059.3                                   41004855    0.0680    0.0061 PS1xWISE-STRM                                                                                                                                                                  59056.76   4522.16 21  1.097   4573.83 21  0.633  1.080  0.005  0.623  0.007 58850.27 59788.09 0 58850.27 59788.09 0  60.86  44.53  4.43  4.43  1.095e-12  2.329e-14  9.110e-13  2.146e-14  2.603e-05  9.682e-07  2.863e-05  9.076e-07   0.04  3.579e+43     0.00  1.333e+51  1.111e-04
J172740.43+625636.2       261.91848  62.94341 14.970 14.847  1541083 J172740.43+625636.2  183532619184642788   2609163601241002283  WISE J172740.43+625636.2                                    1541083    0.1263    0.0159 PS1xWISE-STRM                                                                                                                                                                  57420.05  11063.17 16  0.474  12115.08 16  0.517  0.319  0.006  0.209  0.011 57230.16 59042.81 0 57230.16 59042.81 0  31.38  62.77  2.62  1.27  4.559e-13  7.455e-15  5.479e-13  9.827e-15  2.686e-05  1.073e-06  3.781e-05  1.451e-06   0.04  6.652e+43    -0.00  4.948e+51  1.108e-04
WISEA J213014.75-131520.7 322.56145 -13.25575 13.119 12.918                                92093225615073447   3227013701241025600  WISE J213014.75-131520.5  918199 WISEA J213014.75-131520.7 41008458    0.0789           NED-LVS                                                                                                                                                                        58978.99   2571.86 20  1.699   3353.62 20  1.168  1.676  0.008  1.154  0.013 58978.99 59874.20 0 58978.99 59874.20 0  23.83  40.48  4.99  2.57  8.707e-13  2.349e-14  8.934e-13  2.342e-14  2.697e-05  1.674e-06  3.160e-05  1.736e-06   0.02  4.100e+43    -0.00  1.803e+51  1.101e-04
J015937.69+541348.8        29.90699  54.23024 15.009 14.219  7284431 J015937.69+541348.8  173070299070987068                                                                                    7284431    0.3717    0.0668 PS1xWISE-STRM                                                                                                                                                                  57778.01   4371.44 18  0.465   2627.39 18  0.738  0.343  0.005  0.379  0.011 57247.55 59231.28 1 57247.55 59438.62 0  19.05  34.74  6.09  2.04  5.512e-13  1.301e-14  5.266e-13  2.156e-14  4.512e-05  2.807e-06  5.579e-05  5.032e-06   0.02  7.730e+44    -0.00  5.550e+52  1.098e-04
J210258.60+145310.4       315.74422  14.88626 15.505 15.415  4878299 J210258.60+145310.4  125863157442434041                                                                                    4878299    0.1505    0.0158 PS1xWISE-STRM                                                                                                                                                                  57333.71   2765.65 18  0.344   1412.86 18  0.398  0.193  0.006  0.139  0.013 57157.79 59512.43 0 57157.79 59512.43 0  81.28  37.72  1.52  1.48  6.089e-13  1.862e-14  4.635e-13  1.940e-14  4.340e-05  2.919e-06  4.270e-05  3.911e-06   0.03  1.123e+44    -0.00  7.149e+51  1.092e-04
WISEA J220729.79+493057.5 331.87450  49.51594 11.771 11.773                                                                                                  1238089 WISEA J220729.79+493057.5 41705378    0.0942           NED-LVS                                                                                                                                                                        57913.01   3247.19 16  1.441   2678.71 16  1.434  1.418  0.012  1.308  0.024 57732.25 58454.51 1 57732.25 58454.51 1  14.53   7.55  5.19  6.63  8.054e-13  2.530e-14  7.830e-13  3.163e-14  2.728e-05  1.467e-06  2.959e-05  1.750e-06   0.08  5.840e+43  -165.19  2.604e+51  1.091e-04
J043047.54+201402.4        67.69802  20.23406 15.941 15.419 19333191 J043047.54+201402.4  132280676980031451                                                                                   19333191    0.1376    0.0258 PS1xWISE-STRM                                                                                                                                                                  56904.20   4780.94 18  0.362   2240.48 18  0.478  0.197  0.008  0.283  0.019 56904.20 58887.04 1 56904.20 58361.46 1  15.89   9.69  5.38  4.28  5.941e-13  1.537e-14  5.205e-13  1.913e-14  3.865e-05  2.015e-06  3.471e-05  2.736e-06   0.12  8.692e+43    -0.00  5.809e+51  1.080e-04
J045813.25+023618.2        74.55526   2.60508 14.025 13.716  4552827 J045813.25+023618.2  111120745552256512    741103001241013501  WISE J045813.25+023618.2                                    4552827    0.1311    0.0121 PS1xWISE-STRM                                                                                                                                                                  58159.50   5375.71 18  0.865   3017.51 18  0.693  0.759  0.006  0.570  0.008 58001.42 59463.95 0 58001.42 59463.95 0  79.19  60.36  2.55  2.51  1.004e-12  1.709e-14  8.268e-13  2.114e-14  4.451e-05  2.079e-06  4.453e-05  2.463e-06   0.03  1.328e+44     0.00  5.147e+51  1.062e-04
WISEA J132744.21-052848.5 201.93422  -5.48012 13.932 13.534  4787569 J132744.21-052848.5  101422019342564304   2020006101241035759  WISE J132744.22-052848.4  242545 WISEA J132744.21-052848.5  4787569    0.0814    0.0003 NED-LVS                                                                                                                                                                        57764.91   1329.17 19  0.885   1577.95 19  0.830  0.867  0.007  0.716  0.012 57568.74 58496.15 1 57568.74 58860.39 1  11.08  15.44  7.15  5.42  5.196e-13  1.979e-14  6.584e-13  2.069e-14  2.152e-05  2.431e-06  3.454e-05  3.129e-06   0.04  3.139e+43     0.00  1.839e+51  1.051e-04
WISEA J001111.36+451207.7   2.79730  45.20212 13.483 13.147                               162240027973133214     21145401241017276  WISE J001111.36+451207.7  668837 WISEA J001111.36+451207.7 41249953    0.1103           NED-LVS                                                                                                                                                                        58498.12   2616.77 21  1.235   2610.84 21  0.945  1.229  0.007  0.928  0.010 58114.61 59047.52 1 58114.61 59206.65 1  15.01  24.12  6.15  4.23  5.870e-13  3.466e-14  6.963e-13  3.306e-14  2.768e-05  1.667e-06  3.441e-05  1.859e-06   0.05  6.332e+43   163.97  3.482e+51  1.043e-04
J040145.11-255158.2        60.43798 -25.86623 14.808 14.664  8639278 J040145.11-255158.2   76960604379260840    600025801241018262  WISE J040145.10-255158.2                                    8639278    0.0865    0.0147 PS1xWISE-STRM                                                                                                                                                                  57416.33   1682.86 18  0.533   1336.67 18  0.501  0.399  0.005  0.222  0.010 56885.66 58708.58 1 56885.66 59439.82 0  10.25  28.57  7.42  2.24  3.584e-13  1.989e-14  4.078e-13  1.955e-14  3.221e-05  2.385e-06  4.095e-05  3.075e-06   0.08  2.213e+43    -0.00  2.062e+51  1.037e-04
J143205.62+121742.5       218.02340  12.29506 15.995 15.368 25627464 J143205.62+121742.5  122752180234434595                                                                                   25627464    0.2439    0.0538 PS1xWISE-STRM                                                                                                                                                                  58301.02   4888.20 19  0.187   3597.89 19  0.234  0.158  0.004  0.178  0.012 58140.11 59396.44 0 58140.11 59396.44 0  30.48  24.39  5.66  3.51  6.450e-13  2.082e-14  6.611e-13  3.798e-14  2.623e-05  1.398e-06  3.413e-05  2.247e-06   0.08  3.550e+44    -0.00  1.961e+52  1.024e-04
J181249.00+403038.8       273.20417  40.51078 14.549 14.161  1145136 J181249.00+403038.8  156612732041153527   2729140801241015617  WISE J181249.00+403038.8                                    1145136    0.1222    0.0254 PS1xWISE-STRM                                                                                                                                                                  58732.73  10282.61 16  0.486  10443.15 16  0.369  0.477  0.003  0.356  0.006 58203.24 59098.46 0 58203.24 59098.46 0  90.02  76.37  2.63  2.26  7.093e-13  1.059e-14  6.998e-13  1.137e-14  3.247e-05  7.511e-07  3.162e-05  7.780e-07   0.05  8.316e+43     0.00  4.259e+51  1.022e-04
J071252.16+202042.2       108.21737  20.34508 14.451 13.586  4356266 J071252.16+202042.2  132411082172764631   1088119601241042035  WISE J071252.16+202042.1                                    4356266    0.1563    0.0234 PS1xWISE-STRM                                                                                                                     0.09 q                                       59028.48   5282.39 18  0.529   2718.37 18  0.629  0.511  0.005  0.609  0.008 58923.72 59497.77 0 58923.72 59497.77 0  24.45  20.06  9.33  7.53  9.732e-13  2.398e-14  8.150e-13  4.075e-14  1.838e-05  5.749e-07  2.310e-05  1.009e-06   0.02  2.688e+44   -90.60  7.237e+51  1.018e-04
J123711.42+632707.3       189.29753  63.45211 16.088 15.792 19297148 J123711.42+632707.3  184141892975153307                                                                                   19297148    0.0969    0.0159 PS1xWISE-STRM                                                                                                                                                                  57790.73   4867.17 18  0.296   1035.88 18  0.416  0.124  0.003  0.155  0.012 57345.49 59536.45 0 57510.79 59536.45 0  55.32  13.62  2.00  2.56  3.274e-13  1.066e-14  2.755e-13  2.057e-14  3.918e-05  1.610e-06  3.762e-05  2.545e-06   0.22  2.258e+43   -73.72  2.568e+51  1.015e-04
WISEA J042805.79+274041.3  67.02421  27.67814 13.313 12.952                                                                                                   347887 WISEA J042805.79+274041.3 41458444    0.0561           NED-LVS                                                                                                                                                                        57532.71   2888.58 16  1.694   1965.75 16  1.328  1.517  0.018  1.237  0.014 57072.72 58520.32 1 57266.47 58156.02 1  14.80  13.70  4.69  7.50  1.102e-12  3.396e-14  9.571e-13  3.761e-14  4.972e-05  2.318e-06  4.550e-05  2.358e-06   0.09  2.402e+43   -95.52  8.103e+50  1.011e-04
J153542.38-032429.5       233.92641  -3.40832 15.792 15.683 35243978 J153542.38-032429.5  103912339264410540                                                                                   35243978    0.1677    0.0217 PS1xWISE-STRM                                                                                                                                                                  58688.15   3913.41 18  0.175   1927.90 18  0.276  0.158  0.005  0.206  0.020 58161.57 59419.40 0 58323.91 59419.40 0  54.66  13.14  2.43  3.43  5.608e-13  2.061e-14  5.935e-13  2.686e-14  3.530e-05  1.575e-06  3.796e-05  2.441e-06   0.66  1.365e+44     0.00  8.363e+51  1.008e-04
J233600.49+130022.3       354.00201  13.00620 14.381 14.168 13236764 J233600.49+130022.3  123603540019977912   3537113601241001688  WISE J233600.48+130022.5                                   13236764    0.0967    0.0154 PS1xWISE-STRM                                                                                                                                                                  58290.24   3491.50 19  0.599   2097.98 19  0.443  0.570  0.005  0.378  0.009 58091.75 59548.00 0 58091.75 59548.00 0  33.15  22.97  4.01  4.29  5.913e-13  1.974e-14  5.655e-13  2.353e-14  3.169e-05  2.000e-06  3.222e-05  2.772e-06   0.09  4.136e+43    -0.00  2.517e+51  9.988e-05
J133843.73+435618.0       204.68221  43.93836 15.598 15.294  3216960 J133843.73+435618.0  160722046822406671   2039143901241016052  WISE J133843.74+435618.1                                    3216960    0.1345    0.0207 PS1xWISE-STRM                                                                                                                                                                  58997.14   3469.29 18  0.210   3437.93 18  0.173  0.198  0.004  0.157  0.007 58474.25 59364.29 0 58474.25 59364.29 0  36.50  34.01  3.69  4.17  4.336e-13  2.446e-14  6.282e-13  2.040e-14  2.161e-05  9.827e-07  3.171e-05  1.273e-06   0.00  9.113e+43   183.05  5.048e+51  9.857e-05
CGCG 249-030              233.28341  44.53569 11.950 11.925                               161442332834513455   2330143901241040441  WISE J153308.04+443208.6   37133 CGCG 249-030              40855561    0.0367    0.0000 NED-LVS                                                      0.122 low S/N liner         0.279 AGN     AT 2018dyk   58269.31                                       WTP18aamced 58503.32   3351.15 21  4.737   5019.55 21  2.662  4.699  0.015  2.613  0.012 58299.75 58869.92 1 58299.75 59395.47 1  14.93  25.81  9.39  9.41  1.853e-12  3.870e-14  1.828e-12  3.223e-14  5.764e-05  3.106e-06  6.160e-05  2.180e-06   0.01  1.745e+43     0.00  3.278e+50  9.797e-05
WISEA J003326.06+233354.7   8.35859  23.56525 13.833 13.557  6492562 J003326.06+233354.7  136270083586218868     82124201241003402  WISE J003326.05+233354.9  996331 WISEA J003326.06+233354.7  6492562    0.0889           NED-LVS                                                                                                                                                                        59119.05   2703.93 18  0.926   1241.32 18  0.675  0.917  0.005  0.658  0.008 58835.05 59405.37 0 58835.05 59405.37 0  39.22  37.83  4.90  4.32  9.101e-13  3.780e-14  8.322e-13  6.080e-14  2.399e-05  9.195e-07  1.973e-05  1.148e-06   0.17  5.513e+43   -74.42  2.063e+51  9.785e-05
J122651.90+403710.3       186.71634  40.61953 16.315 16.479 17899900 J122651.90+403710.3  156741867164204105                                                                                   17899900    0.1082    0.0121 PS1xWISE-STRM                                                                                                                                                                  58825.90  13309.19 18  0.113   3441.89 18  0.184  0.107  0.003  0.160  0.023 58620.48 59557.15 0 58620.48 59557.15 0  95.10  34.94  3.08  1.34  8.683e-13  1.382e-14  7.100e-13  2.776e-14  2.132e-05  4.547e-07  1.784e-05  1.112e-06   0.24  7.612e+43     0.00  3.118e+51  9.721e-05
J163334.94+654445.6       248.39556  65.74599 15.148 14.677  2746446 J163334.94+654445.6  186892483954495935                                                                                    2746446    0.2412    0.0160 PS1xWISE-STRM                                                                                                                                                                  57901.00  14876.55 18  0.384   8302.84 18  0.443  0.289  0.008  0.255  0.018 57738.05 59358.72 0 57738.05 59358.72 0  51.71  54.55  2.09  1.04  7.474e-13  1.003e-14  6.570e-13  1.477e-14  2.877e-05  1.106e-06  3.265e-05  1.716e-06   0.16  3.796e+44    -0.00  1.805e+52  9.665e-05
WISEA J011313.49-272613.6  18.30620 -27.43716 14.152 13.462  9503478 J011313.49-272613.6   75070183061915761    185027301241009129  WISE J011313.48-272613.5  549674 WISEA J011313.49-272613.6  9503478    0.1359    0.0003 NED-LVS                                                                                                                                                                        55552.53    724.62 19  0.464    751.45 19  0.396  0.456  0.009  0.362  0.017 55552.53 57375.12 1 55552.53 57375.12 1  12.00  14.01  3.67  2.51  3.640e-13  1.906e-14  3.922e-13  2.307e-14  5.010e-06  1.268e-06  8.894e-06  1.537e-06   0.10  5.666e+43    -0.00  5.042e+51  9.623e-05
J130330.97+465507.2       195.87860  46.91852 14.737 14.166 39103071 J130330.97+465507.2  164301958787642815                                                                                   39103071    0.2428    0.1000 wiseScosPhotoz                                                                                                                                                                 57452.09   5082.02 19  0.379   3112.69 19  0.406  0.357  0.005  0.343  0.008 57368.87 58623.18 1 57368.87 58623.18 1  40.60  30.23  4.62  5.06  8.710e-13  2.779e-14  7.897e-13  3.038e-14  2.418e-05  1.146e-06  2.950e-05  1.816e-06   0.67  4.632e+44   -66.96  1.813e+52  9.562e-05
J145409.92+064851.2       223.54126   6.81428 16.158 14.975 20938209 J145409.92+064851.2  116172235413257554                                                                                   20938209    0.3332    0.0705 PS1xWISE-STRM                                                                                                                     0.31 q                                       58230.74   1438.21 16  0.309   1785.30 16  0.591  0.144  0.007  0.201  0.011 57782.46 59403.75 0 57782.46 59403.75 0  19.31  56.95  3.00  0.94  3.345e-13  1.198e-14  3.716e-13  1.807e-14  2.737e-05  1.702e-06  3.920e-05  2.822e-06   0.23  4.360e+44   212.19  3.697e+52  9.442e-05
J062917.99+664727.3        97.32505  66.79100 14.987 14.865 15867412 J062917.99+664727.3  188140973249929910                                                                                   15867412    0.1075    0.0611 PS1xWISE-STRM                                                                                                                                                                  57097.54   1952.23 18  0.461   1428.48 18  0.446  0.313  0.006  0.191  0.010 57097.54 59483.36 0 57097.54 59483.36 0  55.89  46.41  1.43  1.21  4.335e-13  1.188e-14  3.801e-13  2.182e-14  3.702e-05  3.685e-06  4.348e-05  4.179e-06   0.10  3.730e+43     0.00  2.965e+51  9.371e-05
J203926.35-302440.7       309.85978 -30.41129 14.406 14.292 10472213 J203926.35-302440.7   71503098597876794                                                                                   10472213    0.0872    0.0400 wiseScosPhotoz                                                                                                                                                                 59328.05   2509.88 18  0.563   3202.95 18  0.352  0.550  0.007  0.339  0.008 58760.92 59492.26 0 58760.92 59492.26 0  22.92  17.48  3.68  7.85  5.230e-13  1.987e-14  7.201e-13  6.176e-14  1.822e-05  9.865e-07  2.628e-05  1.389e-06   0.12  4.025e+43     0.00  1.895e+51  9.364e-05
J202903.86-261304.5       307.26611 -26.21790 15.270 15.307  4338000 J202903.86-261304.5   76533072661118880                                                                                    4338000    0.1155    0.0300 PS1xWISE-STRM                                                                                                                                                                  57674.48    664.83 18  0.373    673.85 18  0.398  0.240  0.007  0.139  0.013 57135.95 59491.37 0 57135.95 59491.37 0  21.62  35.98  1.86  1.01  2.389e-13  1.345e-14  3.006e-13  1.929e-14  2.759e-05  3.832e-06  3.847e-05  5.472e-06   0.05  3.018e+43    -0.00  3.453e+51  9.364e-05
J213051.56-202910.8       322.71491 -20.48637 14.198 13.708  9539576 J213051.56-202910.8   83413227148466713   3228021301241036082  WISE J213051.56-202910.7                                    9539576    0.1665    0.0160 PS1xWISE-STRM                                                                                                                                                                  59344.02   3936.44 18  0.622   4872.55 18  0.502  0.606  0.006  0.492  0.010 58776.82 59507.90 0 58776.82 59507.90 0  36.86  34.99  4.69  4.39  9.411e-13  3.276e-14  9.761e-13  2.312e-14  3.676e-05  1.291e-06  3.866e-05  1.141e-06   0.08  2.224e+44    -0.00  7.585e+51  9.291e-05
J115256.80+750832.8       178.23698  75.14248 15.576 15.168 18741572 J115256.80+750832.8  198171782366801805                                                                                   18741572    0.1878    0.0296 PS1xWISE-STRM                                                                                                                                                                  58784.12   3320.34 17  0.309   4019.16 17  0.412  0.189  0.004  0.174  0.007 58052.86 59512.59 0 58052.86 59512.59 0  25.50  14.80  4.33  6.68  3.490e-13  1.963e-14  4.577e-13  1.902e-14  2.663e-05  1.491e-06  3.247e-05  1.614e-06   0.18  1.334e+44     0.00  9.837e+51  9.228e-05
J065452.85+693914.8       103.72028  69.65406 14.808 14.367 15805382 J065452.85+693914.8  191581037203015688                                                                                   15805382    0.1994    0.0400 LSPhotoZZou                                                                                                                                                                    57459.53   1316.92 16  0.560   1438.91 16  0.653  0.398  0.007  0.326  0.011 57295.08 59121.37 1 57295.08 59121.37 1  73.75  13.93  0.97  3.93  4.272e-13  1.596e-14  3.941e-13  1.317e-14  2.488e-05  2.231e-06  3.544e-05  2.660e-06   0.07  1.427e+44    -0.00  1.109e+52  9.105e-05
J154924.47+110805.0       237.35200  11.13476 14.731 14.271  3708383 J154924.47+110805.0  121362373519462226   2369110601241034408  WISE J154924.47+110805.1                                    3708383    0.1610    0.0157 PS1xWISE-STRM                                                                                                                                                                  57978.09   2574.50 18  0.545   1843.12 18  0.535  0.402  0.006  0.332  0.009 57599.78 59419.19 0 57599.78 59419.19 0  20.76  17.36  4.18  4.12  4.333e-13  1.536e-14  4.059e-13  1.494e-14  3.425e-05  2.285e-06  3.811e-05  3.084e-06   0.03  9.107e+43  -157.84  6.887e+51  9.083e-05
J114651.59+564537.6       176.71490  56.76040 15.346 14.817 18657454 J114651.59+564537.6  176111767150243231                                                                                   18657454    0.2402    0.1000 LSPhotoZZou, wiseScosPhotoz                                                                                                                                                    58336.47   6049.46 18  0.341   3483.42 18  0.347  0.241  0.005  0.187  0.008 57871.09 59330.06 1 57871.09 59536.61 0  20.05  46.66  6.27  2.11  5.142e-13  8.869e-15  5.330e-13  2.374e-14  4.039e-05  1.576e-06  4.394e-05  2.368e-06   0.10  2.725e+44    83.98  1.675e+52  9.055e-05
WISEA J123542.86-471338.5 188.92871 -47.22736 11.665 11.683                                                                                                  1287718 WISEA J123542.86-471338.5 41743527    0.0275    0.0002 NED-LVS                                                                                                                                                                        57044.41   1026.12 16  4.744   2228.98 16  2.708  4.686  0.018  2.491  0.029 57044.41 57407.44 1 57044.41 58869.98 1  19.33  14.44  5.52  4.53  1.730e-12  6.391e-14  1.230e-12  3.273e-14  1.603e-05  3.366e-06  2.666e-05  2.492e-06   0.03  9.573e+42    -0.00  1.660e+50  8.961e-05
J232623.04-171640.2       351.59598 -17.27788 14.950 14.814 11489570 J232623.04-171640.2   87263515959686956   3521016701241006398  WISE J232623.03-171640.1                                   11489570    0.1067    0.0133 PS1xWISE-STRM                                                                                                                                                                  57812.49   4441.36 18  0.371   2112.45 18  0.304  0.335  0.007  0.245  0.014 57545.52 58803.81 1 57715.35 58803.81 1  30.86  16.42  3.66  4.47  6.975e-13  1.735e-14  6.690e-13  2.626e-14  3.412e-05  1.582e-06  3.502e-05  2.585e-06   0.08  5.971e+43    87.77  2.785e+51  8.958e-05
WISEA J154955.19+332751.9 237.47999  33.46443 14.850 14.674   288905 J154955.19+332751.9  148152374800187925   2375133301241022196  WISE J154955.20+332752.0 1592432 WISEA J154955.19+332751.9   288905    0.0857    0.0000 NED-LVS                                                      0.027 star_forming                                                            SDSSJ154955.20+332751.9             57233.08   5693.07 16  0.453   5836.40 16  0.443  0.392  0.006  0.260  0.009 57233.08 58517.81 1 57233.08 58679.68 1  32.50  30.87  5.78  4.57  9.280e-13  1.920e-14  8.468e-13  1.837e-14  3.010e-05  1.409e-06  3.875e-05  2.105e-06   0.06  4.950e+43     0.00  1.746e+51  8.957e-05
J162207.59-265130.6       245.53201 -26.85869 14.097 13.731 39566140 J162207.59-265130.6   75762455319689918                                                                                   39566140    0.1199    0.0187 PS1xWISE-STRM                                                                                                                                                                  57080.16   2476.77 16  0.850   1510.30 16  0.811  0.775  0.044  0.749  0.040 56897.34 57618.02 1 56897.34 57444.44 1  12.13   6.83  1.96  4.30  9.312e-13  4.552e-14  7.575e-13  3.771e-14  3.530e-05  2.753e-06  3.077e-05  1.986e-06   0.32  1.019e+44     0.00  3.580e+51  8.953e-05
WISEA J021747.24+850900.3  34.44689  85.15013 12.941 12.241                               210180344470290962    288184801241034246  WISE J021747.26+850900.3 1136829 WISEA J021747.24+850900.3 40625634    0.0946           NED-LVS                                                                                                                                                                        59106.76   6202.61 20  2.028   6649.71 20  2.100  2.016  0.004  2.082  0.005 59106.76 59835.05 0 59106.76 59835.05 0  29.63  33.04  6.55  6.27  7.152e-13  1.398e-14  7.141e-13  1.680e-14  2.898e-05  9.245e-07  3.532e-05  1.036e-06   0.02  4.869e+43     0.00  2.138e+51  8.893e-05
J121627.68+242858.0       184.11532  24.48276 14.421 13.973 13555839 J121627.68+242858.0  137371841153059886                                                                                   13555839    0.1868    0.0213 PS1xWISE-STRM                                                                                                                                                                  58547.16   5628.93 18  0.538   1997.35 18  0.479  0.530  0.006  0.432  0.010 58260.17 59357.97 0 58260.17 59357.97 0  22.68  20.67  5.18  3.92  5.750e-13  1.400e-14  5.261e-13  2.963e-14  2.270e-05  9.901e-07  2.575e-05  1.508e-06   0.04  1.655e+44   -66.94  9.263e+51  8.797e-05
WISEA J121907.88+051645.6 184.78288   5.27936 14.424 13.855  7186389 J121907.88+051645.6  114331847829065654   1853104501241031029  WISE J121907.88+051645.6 1530304 WISEA J121907.88+051645.6  7186389    0.0825    0.0000 NED-LVS                                                      0.021 composite                                                               SDSSJ121907.89+051645.7             58111.36   2051.94 17  0.540   1425.51 17  0.514  0.531  0.009  0.403  0.023 57747.12 58475.63 1 57747.12 58634.70 1  17.21  15.33  5.67  3.51  7.680e-13  3.457e-14  8.143e-13  3.335e-14  2.533e-05  1.841e-06  2.741e-05  1.719e-06   0.08  4.063e+43    -0.00  1.559e+51  8.657e-05
J181104.76+420326.0       272.76991  42.05723 14.435 13.990  5809198 J181104.76+420326.0  158462727699129344   2730142401241012048  WISE J181104.77+420326.1                                    5809198    0.1483    0.0141 PS1xWISE-STRM                                                                                                                                                                  57645.74   5317.74 18  0.633   3897.28 18  0.620  0.546  0.003  0.440  0.006 57284.68 58933.91 1 57284.68 59462.16 0  25.69  32.51  6.76  3.57  4.916e-13  8.471e-15  4.600e-13  1.208e-14  3.080e-05  1.424e-06  3.878e-05  1.729e-06   0.06  8.580e+43    -0.00  5.477e+51  8.644e-05
J063720.38+522439.3        99.33499  52.41089 14.599 14.243 14642163 J063720.38+522439.3  170890993349953746    986153001241001967  WISE J063720.38+522439.4                                   14642163    0.1084    0.0146 PS1xWISE-STRM                                                                                                                                                                  58286.50   5501.86 18  0.488   6247.65 18  0.372  0.463  0.004  0.368  0.007 58182.94 59278.37 1 58182.94 59120.96 1  49.98  23.49  5.38  6.94  9.387e-13  1.690e-14  7.453e-13  1.525e-14  1.715e-05  8.368e-07  2.232e-05  1.267e-06   0.05  8.382e+43   -93.43  2.751e+51  8.553e-05
J233012.19-244814.4       352.55094 -24.80407 16.006 15.371 27516333 J233012.19-244814.4   78233525510965350                                                                                   27516333    0.5761    0.0683 PS1xWISE-STRM                                                                                                                                                                  57990.75   1398.73 18  0.390    477.78 18  0.511  0.161  0.012  0.157  0.025 56995.19 59531.53 0 56995.19 59531.53 0   6.88   6.85  4.89  2.97  3.489e-13  1.687e-14  3.276e-13  2.611e-14  5.076e-05  5.109e-06  5.111e-05  6.370e-06   0.27  1.372e+45   -52.82  1.215e+53  8.474e-05
J033449.79+250201.1        53.70747  25.03362 14.885 14.197 10907723 J033449.79+250201.1  138040537074680931                                                                                   10907723    0.2712    0.1000 wiseScosPhotoz                                                                                                                                                                 58795.49   3147.93 18  0.365   2744.11 18  0.383  0.349  0.019  0.383  0.017 58350.22 59445.86 0 58509.31 59445.86 0  35.76   7.54  0.90  6.29  5.379e-13  2.551e-14  5.213e-13  3.548e-14  2.717e-05  1.842e-06  3.136e-05  1.841e-06   0.07  3.588e+44   225.13  2.059e+52  8.451e-05
WISEA J102713.78+150533.1 156.80732  15.09242 14.657 14.035 31993975 J102713.78+150533.1  126111568073321441   1565115101241015161  WISE J102713.78+150533.2 1660362 WISEA J102713.78+150533.1 31993975    0.1839    0.0000 NED-LVS                                                      0.144 composite                                                                                                   59177.77   6277.21 18  0.465   2171.84 18  0.460  0.453  0.004  0.449  0.010 58969.01 59542.15 0 58969.01 59542.15 0  40.78  34.41  5.79  3.01  8.513e-13  1.798e-14  6.827e-13  3.083e-14  2.035e-05  5.407e-07  1.913e-05  8.002e-07   0.28  2.380e+44    -0.00  8.465e+51  8.321e-05
J183319.42+344102.5       278.33095  34.68428 14.920 14.604 34932017 J183319.42+344102.5  149622783309851766                                                                                   34932017    0.1879    0.0437 PS1xWISE-STRM                                                                            0.258 None    AT 2019hbh   58632.32                                                   58941.30   3949.59 11  0.509   2960.91 11  0.415  0.429  0.016  0.361  0.040 58740.93 59470.66 0 58740.93 59470.66 0   9.18  22.01  5.76  1.15  7.315e-13  3.501e-14  6.638e-13  3.580e-14  2.260e-05  9.634e-07  2.490e-05  1.498e-06   1.69  2.133e+44    -0.00  8.840e+51  8.286e-05
J173306.40+731511.5       263.27682  73.25322 15.254 14.720  8775310 J173306.40+731511.5  195902632768304634                                                                                    8775310    0.1966    0.0231 PS1xWISE-STRM                                                                                                                                                                  57470.01   4568.29 18  0.328   3898.96 18  0.387  0.245  0.003  0.222  0.004 57109.46 59496.51 0 57109.46 59496.51 0  39.41  30.29  2.38  3.28  2.437e-13  6.927e-15  2.861e-13  9.911e-15  2.634e-05  1.188e-06  3.410e-05  1.625e-06   0.07  9.185e+43     0.00  9.759e+51  8.268e-05
WISEA J133233.90+442336.3 203.14124  44.39347 13.707 13.620                               161272031412882815   2039143901241039452  WISE J133233.91+442336.4  448376 WISEA J133233.90+442336.3 40359759    0.0674           NED-LVS                                                                                                                                                                        57099.42   1320.71 20  1.039   1100.12 20  0.681  1.010  0.005  0.650  0.011 57014.58 58471.89 1 57014.58 58471.89 1  32.98  25.67  3.59  2.41  5.485e-13  2.374e-14  4.389e-13  3.020e-14  2.661e-05  2.242e-06  2.757e-05  2.442e-06   0.07  2.217e+43   -79.49  9.671e+50  8.219e-05
J033835.37-211109.6        54.64744 -21.18600 15.225 14.846 10575455 J033835.37-211109.6   82570546474167126                                                                                   10575455    0.1916    0.0199 PS1xWISE-STRM                                                                                                                                                                  57774.74   2302.87 19  0.450   1543.70 19  0.479  0.273  0.017  0.229  0.019 57412.52 59435.07 0 57412.52 59228.24 1  20.07   7.88  1.30  2.94  3.852e-13  2.009e-14  2.874e-13  2.847e-14  3.327e-05  4.093e-06  3.146e-05  4.027e-06   0.03  1.225e+44     0.00  9.021e+51  8.098e-05
WISEA J100350.97+020227.6 150.96242   2.04102 14.212 13.822  4605013 J100350.97+020227.6  110441509624459655   1512101501241032921  WISE J100350.99+020227.6  252056 WISEA J100350.97+020227.6  4605013    0.1247    0.0000 NED-LVS                                                      0.032 AGN (not liner)                                                         SDSSJ100350.98+020227.7             58239.80   1650.38 16  0.778   1176.58 16  0.733  0.615  0.006  0.463  0.012 58081.83 59541.55 0 58081.83 59541.55 0  18.80  14.32  3.78  3.13  4.055e-13  1.276e-14  3.552e-13  1.650e-14  2.743e-05  1.638e-06  2.788e-05  2.378e-06   0.07  5.122e+43  -140.46  3.515e+51  8.082e-05
J141433.48-310213.4       213.63947 -31.03703 14.093 13.473 12613360 J141433.48-310213.4   70752136395565816                                                                                   12613360    0.1909    0.0400 wiseScosPhotoz                                                                           0.091 None    AT 2017jaf   58103.47                                                   58311.21   2918.43 18  0.750   1376.78 18  0.767  0.720  0.006  0.710  0.011 58149.36 58678.41 1 58149.36 59244.89 1  20.59  17.65  8.65  5.88  9.898e-13  2.540e-14  7.373e-13  2.541e-14  1.952e-05  1.119e-06  2.218e-05  2.033e-06   0.10  3.129e+44    -0.00  8.711e+51  7.879e-05
J180257.83+330647.6       270.74098  33.11324 14.982 14.717   455087 J180257.83+330647.6  147732707409666489   2699133301241018801  WISE J180257.84+330647.7                                     455087    0.1009    0.0188 PS1xWISE-STRM                                                                                                                                                                  58728.30  10070.26 16  0.321   7293.09 16  0.237  0.318  0.003  0.227  0.004 58564.07 59094.44 0 58564.07 59094.44 0 151.77  75.50  2.61  3.91  8.768e-13  1.519e-14  8.535e-13  1.379e-14  1.840e-05  3.541e-07  2.085e-05  4.934e-07   0.03  6.764e+43    -0.00  2.165e+51  7.848e-05
J144306.10-271823.2       220.77548 -27.30645 15.388 15.099 10201610 J144306.10-271823.2   75232207754702560                                                                                   10201610    0.1454    0.0257 PS1xWISE-STRM                                                                                                                                                                  57235.94   1666.35 17  0.339   1640.34 17  0.429  0.250  0.008  0.218  0.012 57058.11 58520.77 1 57058.11 58520.77 1  28.04  16.15  3.21  4.71  6.000e-13  2.700e-14  5.825e-13  1.962e-14  2.968e-05  2.353e-06  3.348e-05  2.633e-06   0.05  1.017e+44    -0.00  4.751e+51  7.831e-05
J050416.96-202534.9        76.07071 -20.42640 15.029 14.578 10563834 J050416.96-202534.9   83480760707518631    768019701241006906  WISE J050416.95-202534.9                                   10563834    0.1938    0.0184 PS1xWISE-STRM                                                                                                                                                                  58810.32   6467.95 18  0.330   3363.09 18  0.274  0.313  0.004  0.257  0.010 58522.42 59462.59 0 58522.42 59462.59 0  31.44  51.70  5.87  1.78  6.954e-13  1.519e-14  6.303e-13  3.137e-14  3.172e-05  1.049e-06  3.277e-05  1.463e-06   0.04  2.160e+44   -66.26  8.912e+51  7.796e-05
J070338.93+580533.3       105.91245  58.09257 15.174 14.835 25995158 J070338.93+580533.3  177711059124981798                                                                                   25995158    0.1605    0.0252 PS1xWISE-STRM                                                                                                                                                                  58551.97   3506.51 18  0.276   2494.57 18  0.202  0.261  0.004  0.180  0.007 58394.69 59491.60 0 58394.69 59491.60 0  45.41  36.43  3.44  3.57  5.792e-13  1.537e-14  6.172e-13  2.490e-14  2.249e-05  1.118e-06  2.804e-05  1.614e-06   0.14  1.286e+44    -0.00  5.846e+51  7.760e-05
J144815.77+030325.7       222.06566   3.05722 15.889 15.095 21519555 J144815.77+030325.7  111662220656759100                                                                                   21519555    0.2663    0.1000 LSPhotoZZou, wiseScosPhotoz                                                                                                                                                    58309.93   2560.23 19  0.245   1080.03 19  0.196  0.154  0.005  0.162  0.010 57782.14 59403.56 0 57947.67 59403.56 0  26.64  25.08  4.12  2.39  4.479e-13  1.439e-14  3.917e-13  3.045e-14  2.953e-05  1.707e-06  3.186e-05  2.876e-06   0.12  2.999e+44  -286.09  1.804e+52  7.716e-05
J154649.98+195659.5       236.70826  19.94989 14.190 13.462  3979700 J154649.98+195659.5  131942367082850440                                                                                    3979700    0.1896    0.0400 LSPhotoZZou                                                                                                                                                                    57791.08   6520.22 18  0.613   4462.31 18  0.650  0.565  0.005  0.584  0.008 57596.55 58684.42 1 57596.55 58684.42 1  22.95  18.74  8.28  7.88  8.613e-13  1.493e-14  7.854e-13  2.551e-14  1.851e-05  8.155e-07  2.515e-05  1.010e-06   0.07  2.564e+44     0.00  8.320e+51  7.643e-05
J141548.80+090354.8       213.95336   9.06520 14.924 14.254  6433586 J141548.80+090354.8  118872139533918700                                                                                    6433586    0.6540    0.0200 NEDz, NEDz_extcats                                                                                                                0.12 QR                                      57395.03   4140.14 19  0.357   3728.41 19  0.389  0.327  0.005  0.321  0.010 56856.86 58137.59 1 56856.86 58137.59 1  36.49  23.46  4.94  6.04  7.624e-13  1.704e-14  8.800e-13  2.515e-14  3.939e-05  2.353e-06  4.605e-05  2.652e-06   0.06  4.670e+45   108.49  1.485e+53  7.618e-05
WISEA J001249.52+323233.2   3.20636  32.54255 13.227 12.982                               147050032063531669     35131801241038582  WISE J001249.52+323233.2  336967 WISEA J001249.52+323233.2 40632765    0.1141    0.0000 NED-LVS                                                                                                                                                                        59566.09   2822.05 20  1.538   1754.83 20  1.140  1.523  0.006  1.127  0.008 59405.06 59769.38 0 59405.06 59769.38 0  33.56  36.85  6.23  5.13  1.035e-12  4.021e-14  9.573e-13  3.037e-14  1.417e-05  4.565e-07  1.183e-05  4.635e-07   0.06  1.033e+44  -144.53  2.731e+51  7.601e-05
J141407.45-173702.5       213.53104 -17.61735 15.544 15.094  6509336 J141407.45-173702.5   86852135311019553                                                                                    6509336    0.1749    0.0279 PS1xWISE-STRM                                                                                                                                                                  59058.65   2333.22 19  0.212   1355.78 19  0.177  0.201  0.004  0.164  0.010 58509.64 59402.18 0 58509.64 59402.18 0  30.17  40.62  3.84  1.80  4.533e-13  2.039e-14  4.645e-13  2.728e-14  2.895e-05  1.470e-06  3.177e-05  2.541e-06   0.23  1.173e+44  -155.10  6.896e+51  7.578e-05
J171955.85+414049.4       259.98271  41.68041 14.181 13.584   346687 J171955.85+414049.4  158012599826687178                                                                                     346687    0.1540    0.0400 wiseScosPhotoz                                                                           0.018 AGN     AT 2017fro   57961.36                                                   58179.74   9552.58 14  0.797   4597.58 14  0.797  0.661  0.005  0.622  0.007 57982.21 59074.32 0 57982.21 59074.32 0  67.97  40.79  3.02  3.57  8.402e-13  1.019e-14  6.361e-13  1.076e-14  2.760e-05  1.348e-06  2.410e-05  1.178e-06   0.06  1.635e+44     0.00  5.153e+51  7.489e-05
J012628.14+072113.5        21.61726   7.35378 14.910 13.627  4374993 J012628.14+072113.5  116820216172165054                                                                                    4374993    0.3520    0.1000 LSPhotoZZou                                                                                                                       0.09 q                                       57947.89   2033.11 19  0.353   2405.68 19  0.678  0.327  0.006  0.594  0.011 57583.68 58839.91 1 57583.68 58839.91 1  31.98  18.66  3.68  4.92  5.874e-13  3.603e-14  6.694e-13  4.645e-14  3.318e-05  2.519e-06  4.427e-05  2.600e-06   0.08  8.123e+44    -0.00  3.317e+52  7.455e-05
WISEA J043959.61-651404.4  69.99867 -65.23419 13.266 13.129                                                                                                   711621 WISEA J043959.61-651404.4 41597400    0.1349           NED-LVS                                                                                  0.229 None    AT 2020jgh   58974.75                                                   59022.19   4708.25 17  1.022   5414.66 17  0.788  1.008  0.003  0.784  0.005 59022.19 59547.23 0 59022.19 59547.23 0  67.00  54.21  6.03  3.74  1.152e-12  2.068e-14  7.193e-13  2.011e-14  2.133e-05  6.194e-07  1.860e-05  5.204e-07   0.06  2.204e+44     0.00  3.828e+51  7.428e-05
WISEA J151600.18+184353.2 229.00072  18.73146 13.710 13.545                               130472290007698264   2283118101241035156  WISE J151600.18+184353.2  370149 WISEA J151600.18+184353.2 40637496    0.0860    0.0000 NED-LVS                                                      0.069 composite                                                               SDSSJ151600.17+184353.3             56868.63   1650.98 18  1.104   2239.58 18  0.881  1.046  0.008  0.808  0.014 56868.63 58147.95 1 56868.63 57949.39 1  19.18  12.65  4.69  5.19  6.413e-13  2.218e-14  6.038e-13  1.859e-14  1.743e-05  1.563e-06  2.102e-05  1.806e-06   0.05  3.483e+43    -0.00  1.459e+51  7.414e-05
J091903.33+265256.0       139.76384  26.88217 14.373 13.811 18283578 J091903.33+265256.0  140251397638659217                                                                                   18283578    0.1678    0.0400 LSPhotoZZou, wiseScosPhotoz                                                                                                                                                    57859.41   5873.15 18  0.585   2478.93 18  0.554  0.555  0.005  0.505  0.008 57698.14 58219.95 1 57698.14 58429.43 1  24.03  20.74  7.69  7.81  8.468e-13  1.694e-14  8.582e-13  2.253e-14  2.757e-05  7.822e-07  3.001e-05  1.409e-06   0.05  2.009e+44    -0.00  6.148e+51  7.399e-05
J064742.50+394002.2       101.92706  39.66725 14.215 14.060  6676627 J064742.50+394002.2  155601019270531302   1025139301241020366  WISE J064742.50+394002.2                                    6676627    0.0924    0.0102 PS1xWISE-STRM                                                                                                                                                                  58917.02   1181.52 18  0.671    908.88 18  0.423  0.660  0.005  0.412  0.008 58549.99 59490.92 0 58549.99 59490.92 0  26.06  38.44  3.58  1.99  4.274e-13  1.634e-14  4.173e-13  2.770e-14  2.050e-05  1.779e-06  2.449e-05  2.218e-06   0.04  2.741e+43     0.00  1.686e+51  7.363e-05
J142746.39+293038.1       216.94333  29.51063 14.361 13.383  5323295 J142746.39+293038.1  143412169433083294                                                                                    5323295    0.3736    0.0030 SDSS_spec                                                    0.042 star_forming          0.024 None    AT 2019brs   58552.60      0.04 Q                                       59124.08   4400.94 19  0.586   2534.07 19  0.719  0.550  0.004  0.701  0.008 58656.63 59387.81 0 58656.63 59387.81 0  31.31  21.90  6.65  5.71  8.202e-13  3.066e-14  6.512e-13  2.706e-14  4.310e-05  1.474e-06  3.167e-05  1.445e-06   0.04  1.249e+45   -75.18  3.747e+52  7.324e-05
J094421.91+672840.1       146.09155  67.47786 16.013 15.600 23098281 J094421.91+672840.1  188971460915244225                                                                                   23098281    0.2803    0.0412 PS1xWISE-STRM                                                                                                                                                                  57220.93   3077.78 18  0.269   1537.68 18  0.366  0.167  0.010  0.189  0.012 56956.18 59509.79 0 56956.18 59144.77 1   6.51   6.57  6.06  5.78  3.481e-13  1.360e-14  3.042e-13  1.896e-14  2.577e-05  2.391e-06  3.121e-05  2.847e-06   0.23  2.519e+44  -206.79  1.921e+52  7.308e-05
J233225.45+194513.1       353.10611  19.75365 16.000 15.098  6084889 J233225.45+194513.1  131703531060574901                                                                                    6084889    0.2106    0.0330 PS1xWISE-STRM                                                                                                                                                                  57466.04   6522.88 19  0.158   3006.34 19  0.268  0.154  0.005  0.205  0.014 57196.98 58093.65 1 57196.98 58454.39 1  28.43  16.24  6.04  4.39  7.291e-13  1.470e-14  6.578e-13  3.215e-14  2.928e-05  1.048e-06  3.065e-05  1.604e-06   0.09  2.736e+44   -78.46  1.003e+52  7.286e-05
WISEA J112018.31+193345.8 170.07630  19.56275 13.745 13.364                               131471700762835819   1696119601241016286  WISE J112018.32+193345.9  594032 WISEA J112018.31+193345.8 40411788    0.1279    0.0000 NED-LVS                                                      0.103 composite                                                               SDSSJ112018.32+193345.8             57727.22   4712.45 20  1.011   3266.49 20  0.877  0.991  0.007  0.869  0.012 57168.35 58249.90 1 57727.22 58249.90 1  28.28  13.90  5.63  7.71  9.890e-13  2.113e-14  8.511e-13  3.931e-14  3.861e-05  1.338e-06  3.738e-05  1.901e-06   0.03  1.234e+44    -0.00  3.346e+51  7.285e-05
J110015.37-115446.8       165.06403 -11.91303 14.609 14.445  9897658 J110015.37-115446.8   93701650640634724   1653012201241025398  WISE J110015.39-115446.8                                    9897658    0.0883    0.0127 PS1xWISE-STRM                                                                                                                                                                  58465.68   3174.54 19  0.471   2180.16 19  0.308  0.461  0.005  0.314  0.010 58465.68 58988.52 1 58465.68 58988.52 1  46.80  28.06  5.96  6.18  1.169e-12  2.731e-14  1.123e-12  2.889e-14  7.949e-06  4.061e-07  1.073e-05  7.553e-07   0.15  6.763e+43    -0.00  1.514e+51  7.278e-05
J072410.72+275358.5       111.04475  27.89953 14.397 14.170 22435446 J072410.72+275358.5  141481110447560069   1115127201241039148  WISE J072410.72+275358.4                                   22435446    0.0858    0.0092 PS1xWISE-STRM                                                                                                                                                                  57308.14   2370.12 17  0.682   1487.20 17  0.622  0.543  0.008  0.464  0.015 57113.73 59499.24 0 57113.73 58561.07 1  45.57  11.31  1.80  4.74  5.998e-13  2.089e-14  5.277e-13  2.508e-14  3.258e-05  3.072e-06  3.116e-05  3.595e-06   0.09  3.192e+43     0.00  1.408e+51  7.195e-05
J063213.59+201900.7        98.05660  20.31696 15.350 14.941 21661293 J063213.59+201900.7  132380980566070900                                                                                   21661293    0.2321    0.0225 PS1xWISE-STRM                                                                                                                                                                  58105.21   1057.58 18  0.400   1371.37 18  0.495  0.238  0.011  0.204  0.038 57662.39 59489.46 0 57824.81 59489.46 0  27.34  13.76  1.58  1.19  4.102e-13  2.973e-14  4.046e-13  2.818e-14  3.567e-05  4.679e-06  4.203e-05  5.917e-06   0.25  1.951e+44   -63.82  1.230e+52  7.182e-05
J220351.01-271859.8       330.96259 -27.31665 14.724 14.117  4546564 J220351.01-271859.8   75223309625990372                                                                                    4546564    0.2143    0.1000 wiseScosPhotoz                                                                                                                                                                 57969.72   2476.20 18  0.397   1310.45 18  0.435  0.292  0.008  0.355  0.015 57157.79 58781.13 1 57692.72 58781.13 1  14.15  12.77  7.22  5.32  7.323e-13  2.117e-14  6.568e-13  4.773e-14  4.310e-05  2.215e-06  4.068e-05  2.909e-06   0.03  2.856e+44   -68.91  1.028e+52  7.179e-05
J031424.04-143910.7        48.60016 -14.65301 14.496 14.183  9595038 J031424.04-143910.7   90410486001256749                                                                                    9595038    0.2894    0.0112 PS1xWISE-STRM                                                                                                                                                                  59064.04   1843.02 19  0.530   1252.73 19  0.407  0.518  0.005  0.393  0.007 58699.75 59431.12 0 58699.75 59431.12 0  36.79  35.57  4.36  3.92  7.524e-13  2.834e-14  6.618e-13  6.160e-14  2.517e-05  1.153e-06  2.194e-05  1.716e-06   0.07  5.789e+44     0.00  1.988e+52  7.027e-05
WISEA J075212.96+705508.9 118.05400  70.91912 13.005 12.897                               193101180539263696   1170171101241012045  WISE J075212.95+705509.0  102614 WISEA J075212.96+705508.9 41233199    0.0589           NED-LVS                                                                                                                                                                        58031.91   2651.54 20  1.935   3278.80 20  1.224  1.924  0.006  1.217  0.007 58031.91 58920.58 1 58031.91 58920.58 1  32.26  24.38  3.38  4.60  6.034e-13  1.746e-14  4.892e-13  1.406e-14  1.526e-05  1.155e-06  1.928e-05  1.038e-06   0.02  1.468e+43    -0.00  6.115e+50  6.884e-05
J235050.25-101028.9       357.70935 -10.17468 14.223 13.604  9223500 J235050.25-101028.9   95793577093120768                                                                                    9223500    0.1892    0.0400 LSPhotoZZou                                                                                                                       0.15 q                                       58001.19   1710.19 18  0.753   1041.82 18  0.832  0.683  0.008  0.717  0.013 57553.21 58648.90 1 57553.21 58811.46 1  11.72   9.93  7.13  6.21  5.944e-13  2.384e-14  5.059e-13  3.260e-14  3.537e-05  2.856e-06  3.424e-05  2.883e-06   0.06  1.756e+44   -70.07  7.420e+51  6.844e-05
J080622.12+212627.4       121.59227  21.44100 15.649 15.157 20705234 J080622.12+212627.4  133721215922799755                                                                                   20705234    0.2493    0.0497 PS1xWISE-STRM                                                                            0.098 AGN     AT 2022sxl   59824.51                                                   57482.47   3233.95 17  0.277   1349.92 17  0.349  0.183  0.007  0.250  0.023 57318.01 59509.01 0 57318.01 58570.47 1  32.62   9.28  2.40  2.96  5.179e-13  1.390e-14  4.089e-13  1.985e-14  3.245e-05  3.472e-06  2.999e-05  5.248e-06   0.18  2.882e+44    -0.00  1.374e+52  6.826e-05
J091502.92+111946.9       138.76223  11.32967 14.878 14.426 10056047 J091502.92+111946.9  121591387622586123                                                                                   10056047    0.1721    0.0240 PS1xWISE-STRM                                                                                                                                                                  57782.33   3225.59 18  0.397   2425.73 18  0.370  0.369  0.005  0.309  0.009 57701.72 58590.46 1 57701.72 58954.62 1  22.39  22.83  5.67  4.34  5.051e-13  2.810e-14  5.580e-13  1.502e-14  2.196e-05  1.036e-06  2.827e-05  1.619e-06   0.02  1.333e+44    68.77  5.959e+51  6.784e-05
WISEA J115326.73+403719.1 178.36149  40.62197 14.430 13.961 19460957 J115326.73+403719.1  156741783614566971   1780140801241012142  WISE J115326.73+403719.1  451960 WISEA J115326.73+403719.1 19460957    0.1451    0.0000 NED-LVS                                                      0.169 star_forming                                                            SDSSJ115326.76+403719.2             58455.52   1625.03 18  0.585   2235.31 18  0.487  0.543  0.004  0.443  0.007 58246.89 59551.08 0 58246.89 59551.08 0  16.26  22.66  5.82  4.06  3.676e-13  3.227e-14  4.072e-13  1.694e-14  2.180e-05  1.889e-06  2.974e-05  1.729e-06   0.12  6.742e+43     0.00  4.072e+51  6.739e-05
J115018.41+030829.2       177.57671   3.14150 15.180 14.884  8534149 J115018.41+030829.2  111771775767760636   1769103001241014549  WISE J115018.42+030829.3                                    8534149    0.0988    0.0222 PS1xWISE-STRM                                                                                                                                                                  57182.66   3397.07 18  0.334   1392.37 18  0.288  0.290  0.006  0.243  0.009 57012.96 58470.49 1 57012.96 58106.15 1  19.37  12.19  4.02  4.90  4.127e-13  1.334e-14  3.677e-13  1.938e-14  2.481e-05  1.350e-06  2.660e-05  2.030e-06   0.04  2.967e+43    -0.00  1.773e+51  6.716e-05
WISEA J202832.87-255238.4 307.13704 -25.87725 12.773 12.762                                                                                                   722665 WISEA J202832.87-255238.4 41601603    0.0400    0.0002 NED-LVS                                                                                  0.141 None    AT 2020ovo   59043.34                                                   59327.09   1367.70 18  1.599    925.60 18  0.930  1.590  0.011  0.924  0.010 59127.07 59491.34 0 59127.07 59491.34 0  30.18  29.17  3.20  4.04  9.267e-13  4.272e-14  7.817e-13  3.667e-14  1.430e-05  9.179e-07  1.175e-05  6.436e-07   0.10  1.005e+43     0.00  2.666e+50  6.688e-05
J010632.13+271928.3        16.63389  27.32454 14.366 13.902    26784 J010632.13+271928.3  140790166339370012    169127201241021832  WISE J010632.13+271928.4                                      26784    0.1162    0.0176 PS1xWISE-STRM                                                                                                                                                                  58580.52   3082.45 14  0.594   1741.98 14  0.484  0.586  0.006  0.467  0.008 58478.81 59049.48 0 58478.81 59049.48 0  53.91  39.05  2.10  2.82  6.004e-13  1.838e-14  5.675e-13  3.660e-14  1.339e-05  5.648e-07  1.665e-05  8.544e-07   0.05  6.119e+43   -91.12  2.483e+51  6.647e-05
J071706.54+394902.8       109.27726  39.81744 15.074 14.601   373707 J071706.54+394902.8  155781092771881585                                                                                     373707    0.1921    0.0230 PS1xWISE-STRM                                                                                                                                                                  57109.17   1041.13 16  0.371    784.82 16  0.452  0.278  0.009  0.247  0.015 56940.47 59128.80 0 56940.47 59128.80 0  76.84  22.91  0.50  1.57  3.019e-13  1.426e-14  3.477e-13  1.681e-14  2.267e-05  2.822e-06  3.042e-05  4.341e-06   0.08  1.062e+44     0.00  7.399e+51  6.602e-05
WISEA J190650.26+561458.5 286.70961  56.24944 13.596 13.462                               175502867096140051   2879156001241032536  WISE J190650.31+561458.1 1212635 WISEA J190650.26+561458.5 40788325    0.1094           NED-LVS                                                                                                                                                                        58609.87   1773.51 18  1.155   1495.84 18  0.796  1.102  0.003  0.700  0.007 58408.38 59868.76 0 58408.38 59868.76 0  28.28  25.88  5.70  3.51  4.799e-13  1.834e-14  4.044e-13  2.110e-14  2.386e-05  1.583e-06  2.410e-05  1.707e-06   0.00  4.288e+43    -0.00  2.167e+51  6.598e-05
J120514.29+163808.3       181.30953  16.63559 14.618 14.117 18166380 J120514.29+163808.3  127961813096083284                                                                                   18166380    0.1964    0.0213 PS1xWISE-STRM                                                                                                                                                                  57638.42   2525.52 18  0.487   1019.57 18  0.474  0.459  0.006  0.421  0.008 57539.58 58627.62 1 57539.58 58627.62 1  11.71  14.22  7.92  5.63  4.824e-13  2.339e-14  4.369e-13  1.765e-14  1.827e-05  1.248e-06  1.913e-05  2.367e-06   0.06  1.713e+44   -82.62  7.758e+51  6.591e-05
J135920.79+320100.9       209.83660  32.01692 15.593 15.335 10466561 J135920.79+320100.9  146422098366300906   2100131801241029772  WISE J135920.80+320101.0                                   10466561    0.1313    0.0253 PS1xWISE-STRM                                                                                                                                                                  58281.37   1865.08 19  0.215   2102.12 19  0.147  0.200  0.004  0.132  0.007 58121.59 59376.82 0 58121.59 59376.82 0  27.62  40.80  3.47  2.13  3.324e-13  1.479e-14  3.937e-13  1.303e-14  1.986e-05  1.392e-06  2.773e-05  2.121e-06   0.10  5.203e+43     0.00  3.161e+51  6.501e-05
J130303.86-285628.4       195.76605 -28.94136 14.333 13.721 27202501 J130303.86-285628.4   73271957660520638   1954028801241014403  WISE J130303.87-285628.3                                   27202501    0.2091    0.1000 wiseScosPhotoz                                                                                                                                                                 58135.26   1927.38 16  0.581    815.07 16  0.669  0.534  0.007  0.458  0.017 57572.28 58296.15 1 57572.28 58660.34 1  11.63   9.94  7.03  5.92  5.386e-13  3.116e-14  6.566e-13  3.726e-14  2.423e-05  1.313e-06  2.770e-05  1.745e-06   0.28  2.416e+44    -0.00  8.595e+51  6.348e-05
J153653.09+315115.6       234.22123  31.85438 15.083 15.014  5215178 J153653.09+315115.6  146222342212225848   2347131801241024505  WISE J153653.09+315115.7                                    5215178    0.0995    0.0182 PS1xWISE-STRM                                                                                                                                                                  58674.80   2961.16 19  0.307   1365.88 19  0.195  0.295  0.005  0.181  0.006 58514.94 59406.62 0 58514.94 59406.62 0  37.10  31.59  2.92  3.16  4.427e-13  1.345e-14  3.906e-13  2.235e-14  1.816e-05  8.995e-07  1.984e-05  1.835e-06   0.07  3.228e+43     0.00  1.685e+51  6.288e-05
WISEA J013455.28-084352.4  23.73036  -8.73127 13.183 12.521                                97520237302992813    229009101241028942  WISE J013455.27-084352.4  799022 WISEA J013455.28-084352.4 41007976    0.0924    0.0000 NED-LVS                                                      0.024 composite                                                                                                   59200.50    661.66 21  1.639    689.52 21  1.667  1.614  0.010  1.618  0.014 59200.50 59770.72 0 59039.29 59770.72 0  13.62   9.47  5.12  7.97  6.368e-13  4.527e-14  6.656e-13  7.495e-14  1.850e-05  1.492e-06  2.413e-05  2.280e-06   0.02  4.237e+43     0.00  1.435e+51  6.273e-05
WISEA J140401.43-100658.0 211.00599 -10.11617 13.299 12.715                                95862110060291037   2107010701241032571  WISE J140401.44-100658.0 1346743 WISEA J140401.43-100658.0 41276820    0.1200           NED-LVS                                                                                                                                                                        58666.34   1682.13 21  1.499   1758.47 21  1.447  1.455  0.013  1.423  0.014 58504.95 59033.47 1 58666.34 59033.47 1  12.60  10.02  6.42  7.60  9.346e-13  3.528e-14  7.064e-13  2.641e-14  2.535e-05  1.453e-06  2.066e-05  9.482e-07   0.03  1.059e+44    -0.00  2.506e+51  6.258e-05
J020730.59-283502.3        31.87745 -28.58399 14.399 14.015  1027290 J020730.59-283502.3   73690318773959494    325028801241025841  WISE J020730.58-283502.3                                    1027290    0.1711    0.0193 PS1xWISE-STRM                                                                                                                                                                  57943.09   1336.43 16  0.609    910.30 16  0.533  0.596  0.011  0.417  0.027 57746.79 58469.55 1 57746.79 59039.81 0   8.12  41.78  5.61  0.66  4.307e-13  2.767e-14  4.852e-13  3.143e-14  2.251e-05  4.194e-06  3.006e-05  2.981e-06   0.18  1.150e+44    -0.00  5.294e+51  6.102e-05
J124739.36-175643.5       191.91406 -17.94541 15.456 15.216  3165828 J124739.36-175643.5   86461919141375867                                                                                    3165828    0.1502    0.0406 PS1xWISE-STRM                                                                                                                                                                  57564.71   1237.69 18  0.302    589.60 18  0.329  0.188  0.006  0.246  0.017 57206.02 59381.04 0 57396.86 58492.31 1  26.22   6.84  2.28  4.50  3.310e-13  1.555e-14  3.416e-13  5.640e-14  2.681e-05  2.306e-06  2.636e-05  5.118e-06   0.13  6.225e+43    -0.00  3.883e+51  5.957e-05
J075433.12+092939.3       118.63805   9.49417 15.767 15.580 19278589 J075433.12+092939.3  119391186380323625                                                                                   19278589    0.1802    0.0253 PS1xWISE-STRM                                                                            0.175 None    AT 2018ige   58423.52                                                   59144.13   1997.45 17  0.188   1225.13 17  0.178  0.172  0.004  0.152  0.009 58412.98 59508.33 0 58412.98 59508.33 0  27.00  12.98  3.75  4.64  3.738e-13  1.362e-14  3.691e-13  2.694e-14  2.399e-05  1.494e-06  2.221e-05  1.770e-06   0.14  1.023e+44     0.00  5.784e+51  5.949e-05
J111421.07+802415.0       168.58764  80.40418 14.307 13.746  5322793 J111421.07+802415.0  204481685875375818                                                                                    5322793    0.1617    0.0400 wiseScosPhotoz                                                                                                                                                                 58927.36   2600.29 17  0.659   2110.17 17  0.616  0.515  0.007  0.491  0.008 58563.26 59501.43 0 58770.25 59501.43 0   9.99   9.46  9.09  7.42  5.281e-13  1.498e-14  3.820e-13  1.287e-14  2.338e-05  8.474e-07  1.893e-05  7.853e-07   0.02  1.228e+44  -135.24  4.508e+51  5.883e-05
J031551.85-005931.7        48.96611  -0.99206 15.424 14.811 20987428 J031551.85-005931.7  106810489661070054                                                                                   20987428    0.3104    0.0322 PS1xWISE-STRM                                                                                                                                                                  57692.00   4314.42 19  0.233   2657.21 19  0.260  0.223  0.004  0.244  0.011 57413.05 58496.65 1 57608.82 58496.65 1  37.67  14.55  4.37  4.93  6.107e-13  1.766e-14  5.343e-13  1.618e-14  2.425e-05  1.342e-06  2.604e-05  1.513e-06   0.23  5.614e+44   -63.48  1.954e+52  5.879e-05
J142843.88+755510.6       217.18238  75.91963 15.863 15.089 26479473 J142843.88+755510.6  199102171824364348                                                                                   26479473    0.2830    0.0369 PS1xWISE-STRM                                                                                                                                                                  58135.41   9643.26 16  0.180   3752.33 16  0.248  0.161  0.003  0.176  0.006 57853.73 58944.70 1 57853.73 59309.71 1  39.17  37.07  3.80  2.60  4.180e-13  6.856e-15  3.905e-13  1.258e-14  2.252e-05  6.994e-07  2.569e-05  1.067e-06   0.12  3.066e+44   -61.36  1.579e+52  5.873e-05
J140442.78+432739.2       211.17829  43.46081 14.098 13.872 22873730 J140442.78+432739.2  160152111783623585   2101143901241013885  WISE J140442.78+432739.1                                   22873730    0.1195    0.0145 PS1xWISE-STRM                                                                                                                                                                  58639.45   3857.06 16  0.748   1860.18 16  0.526  0.737  0.005  0.508  0.007 58480.80 59370.17 0 58480.80 59370.17 0  19.70  14.80  4.98  5.25  3.939e-13  1.195e-14  3.622e-13  1.925e-14  1.446e-05  7.813e-07  1.587e-05  9.729e-07   0.04  4.281e+43    -0.00  2.326e+51  5.867e-05
J002804.09+250820.4         7.01706  25.13898 14.655 14.327  4279796 J002804.09+250820.4  138160070170467351                                                                                    4279796    0.1978    0.0108 PS1xWISE-STRM                                                                                                                                                                  57844.26   1313.81 18  0.509    703.13 18  0.463  0.441  0.006  0.312  0.008 57577.87 59199.76 1 57577.87 59404.95 0  35.56  19.78  1.80  2.44  3.246e-13  1.714e-14  2.651e-13  2.430e-14  2.528e-05  2.458e-06  2.481e-05  3.037e-06   0.05  1.191e+44   -81.86  6.993e+51  5.848e-05
WISE J004051.56+211204.1   10.21490  21.20110 13.512 13.215                               133440102148371890     96121201241015271  WISE J004051.56+211204.1                                   40948482    0.0754    0.0089 PS1xWISE-STRM                                                                                                                                                                  57747.28   2027.46 19  1.153   1526.34 19  0.904  1.161  0.009  0.894  0.017 57747.28 58107.94 1 57747.28 58107.94 1  28.91  29.70  4.27  3.16  1.018e-12  2.769e-14  1.041e-12  4.694e-14  5.961e-06  4.043e-07  8.035e-06  3.948e-07   0.03  4.350e+43    -0.00  8.673e+50  5.826e-05
J023709.98+093351.7        39.29167   9.56439 15.691 15.353 20310841 J023709.98+093351.7  119470392916397792                                                                                   20310841    0.1451    0.0400 LSPhotoZZou, wiseScosPhotoz                                                                                                                                                    58698.43   2525.50 19  0.193   1143.26 19  0.218  0.180  0.006  0.175  0.016 58331.23 59429.78 0 58331.23 59429.78 0  21.71  10.41  3.55  3.08  3.838e-13  3.885e-14  3.239e-13  6.475e-14  2.378e-05  1.577e-06  2.262e-05  2.667e-06   0.18  5.578e+43  -181.13  3.514e+51  5.815e-05
J175530.97+712404.4       268.87908  71.40127 14.780 14.398  5021972 J175530.97+712404.4  193682688790412362   2700171101241034207  WISE J175530.97+712404.5                                    5021972    0.1369    0.0140 PS1xWISE-STRM                                                                                                                                                                  58545.14   4289.14 16  0.478   4212.12 16  0.411  0.451  0.002  0.353  0.003 58180.45 59484.54 0 58180.45 59484.54 0  81.50  67.37  1.97  2.37  3.209e-13  6.692e-15  3.633e-13  8.457e-15  1.299e-05  5.334e-07  1.790e-05  6.363e-07   0.47  5.282e+43    -0.00  3.030e+51  5.688e-05
J034637.65-185750.2        56.65688 -18.96396 15.228 14.942  6359285 J034637.65-185750.2   85240566569133581                                                                                    6359285    0.1393    0.0205 PS1xWISE-STRM                                                                                                                                                                  59151.89   1682.88 18  0.263   2209.65 18  0.199  0.259  0.004  0.195  0.012 58866.00 59438.15 0 58866.00 59438.15 0  43.16  23.63  3.37  3.30  5.599e-13  2.571e-14  5.919e-13  2.028e-14  7.577e-06  3.008e-07  7.638e-06  2.660e-07   0.14  9.069e+43    68.75  3.103e+51  5.614e-05
J162055.86+401626.3       245.23278  40.27398 15.156 14.710  1427986 J162055.86+401626.3  156322452328289392                                                                                    1427986    0.1927    0.0204 PS1xWISE-STRM                                                                                                                                                                  57238.78   7775.18 16  0.296   2733.38 16  0.280  0.278  0.003  0.225  0.006 57061.43 58158.30 1 57061.43 58319.86 1  36.77  42.98  4.76  2.51  4.280e-13  7.184e-15  3.925e-13  1.083e-14  2.236e-05  7.931e-07  2.318e-05  1.188e-06   0.05  1.323e+44    -0.00  6.327e+51  5.608e-05
J150944.70+114532.6       227.43637  11.75912 15.227 14.781 23927369 J150944.70+114532.6  122112274363851444                                                                                   23927369    0.1938    0.0632 PS1xWISE-STRM                                                                                                                                                                  58310.60   1627.57 19  0.267   1347.57 19  0.230  0.256  0.004  0.208  0.008 58148.85 59405.99 0 58148.85 59405.99 0  37.34  20.14  2.43  3.10  3.192e-13  2.292e-14  3.094e-13  1.482e-14  1.897e-05  1.464e-06  2.623e-05  2.083e-06   0.19  1.019e+44    -0.00  6.404e+51  5.601e-05
J234838.55-024607.7       357.16061  -2.76882 14.845 13.747  7172796 J234838.55-024607.7  104673571605837817                                                                                    7172796    0.2395    0.1000 LSPhotoZZou                                                                                                                       0.13 q                                       58368.29   2151.99 18  0.395    908.04 18  0.591  0.383  0.011  0.583  0.018 58088.78 59018.37 1 58088.78 58813.57 1  20.79   7.08  2.50  4.37  4.996e-13  6.407e-14  3.722e-13  2.432e-14  1.457e-05  1.777e-06  1.466e-05  1.406e-06   0.08  2.268e+44  -225.50  1.012e+52  5.508e-05
WISEA J115150.92-311559.4 177.96225 -31.26647 13.455 13.130                                                                                                  1312699 WISEA J115150.92-311559.4 41763305    0.1062           NED-LVS                                                                                                                                                                        57755.63   1856.35 19  1.294   1433.59 19  0.963  1.281  0.007  0.960  0.010 57559.11 58119.84 1 57559.11 58119.84 1  34.71  29.60  3.76  4.04  8.288e-13  2.977e-14  7.859e-13  2.785e-14  2.537e-05  1.167e-06  2.702e-05  1.658e-06   0.06  7.061e+43    -0.00  1.655e+51  5.375e-05
J060621.75+714720.2        91.59061  71.78893 15.765 15.479  2475649 J060621.75+714720.2  194140915906067476                                                                                    2475649    0.2183    0.0684 PS1xWISE-STRM                                                                                                                                                                  57289.02   1032.03 18  0.233    540.14 18  0.250  0.156  0.007  0.124  0.011 56927.12 59480.31 0 56927.12 59480.31 0  31.05  10.57  1.02  2.66  1.980e-13  1.032e-14  1.983e-13  1.433e-14  2.124e-05  2.301e-06  2.381e-05  3.172e-06   0.11  8.373e+43    -0.00  7.984e+51  5.356e-05
WISE J003731.60-231607.1    9.38176 -23.26873 13.329 12.830                                80070093816947892     97022801241004756  WISE J003731.60-231607.1                                   41259124    0.0813    0.0108 PS1xWISE-STRM                                                                                                                                                                  59547.23    835.75 21  1.312   1093.75 21  1.132  1.314  0.010  1.075  0.014 59385.02 59911.21 0 59385.02 59911.21 0  10.74   7.89  5.76  7.71  5.395e-13  2.974e-14  5.524e-13  2.938e-14  7.227e-06  4.294e-07  8.373e-06  4.805e-07   0.02  2.706e+43     0.00  9.337e+50  5.345e-05
J165013.53+050705.7       252.55652   5.11844 15.414 15.226 33166986 J165013.53+050705.7  114142525564132424                                                                                   33166986    0.0960    0.0223 PS1xWISE-STRM                                                                                                                                                                  59274.44   2235.37 18  0.234   1097.25 18  0.165  0.225  0.005  0.164  0.011 58708.06 59436.96 0 58708.06 59436.96 0  25.94  14.92  3.26  3.95  3.879e-13  1.678e-14  4.196e-13  2.326e-14  1.096e-05  6.455e-07  1.157e-05  7.329e-07   0.04  2.872e+43    -0.00  1.323e+51  5.324e-05
J081016.72+490819.5       122.56960  49.13878 15.479 15.265 13549695 J081016.72+490819.5  166961225695957256                                                                                   13549695    0.1168    0.0157 PS1xWISE-STRM                                                                                                                                                                  58851.32   4327.10 17  0.220   2568.62 17  0.181  0.210  0.004  0.150  0.008 58408.19 59503.68 0 58565.52 59503.68 0  66.64  21.51  2.23  4.16  4.928e-13  1.075e-14  4.568e-13  1.290e-14  2.530e-05  1.054e-06  2.610e-05  1.375e-06   0.15  5.068e+43   -70.19  1.992e+51  5.273e-05
J002713.24-120545.7         6.80539 -12.09607 14.716 14.247 32577842 J002713.24-120545.7   93480068053845128                                                                                   32577842    0.2027    0.1000 wiseScosPhotoz                                                                                                                                                                 57370.38   4383.01 19  0.386   2280.36 19  0.361  0.364  0.006  0.339  0.035 57196.46 58291.66 1 57196.46 58093.20 1  66.59  26.30  4.53  2.45  1.730e-12  4.489e-14  1.481e-12  2.467e-13  4.320e-05  1.583e-06  4.854e-05  3.942e-06   0.34  4.091e+44   158.11  6.628e+51  5.246e-05
J162125.24-141516.2       245.35522 -14.25450 15.177 14.718  3236102 J162125.24-141516.2   90892453552414959                                                                                    3236102    0.1416    0.0308 PS1xWISE-STRM                                                                                                                                                                  57809.56    735.43 18  0.329    773.08 18  0.288  0.301  0.007  0.231  0.013 57615.78 58537.86 1 57615.78 58904.92 1  20.05  13.17  3.76  3.59  4.848e-13  3.072e-14  4.010e-13  6.390e-14  2.206e-05  2.163e-06  2.428e-05  3.004e-06   0.04  6.149e+43   146.12  2.983e+51  5.208e-05
J104043.67+303503.8       160.18204  30.58441 15.790 15.135  9314061 J104043.67+303503.8  144701601820341878                                                                                    9314061    0.2664    0.0559 PS1xWISE-STRM                                                                                                                                                                  58158.58   2340.64 18  0.191   1097.50 18  0.226  0.152  0.004  0.165  0.007 58079.61 59539.32 0 58079.61 59333.03 1  45.73  14.78  2.40  5.21  4.065e-13  1.368e-14  3.618e-13  1.588e-14  1.485e-05  1.069e-06  1.831e-05  1.809e-06   0.10  2.679e+44   -62.36  1.218e+52  5.206e-05
WISEA J212129.17-141914.5 320.37156 -14.32076 13.320 13.218                                90813203715395488   3196013701241000071  WISE J212129.16-141914.5  788774 WISEA J212129.17-141914.5 40530486    0.0811           NED-LVS                                                                                                                                                                        58048.83    919.61 18  1.509    680.93 18  1.094  1.474  0.017  1.007  0.041 57688.47 58776.43 1 57881.52 58776.43 1  21.85   7.89  2.70  2.95  8.973e-13  8.197e-14  6.158e-13  4.447e-14  4.112e-05  4.473e-06  3.360e-05  3.981e-06   0.05  3.358e+43   184.74  8.972e+50  5.160e-05
J040152.06-242458.0        60.46689 -24.41620 15.649 14.985 21372505 J040152.06-242458.0   78700604668420866                                                                                   21372505    0.2778    0.1000 LSPhotoZZou, wiseScosPhotoz                                                                                                                                                    58868.24   2667.78 16  0.169   1030.83 16  0.215  0.161  0.009  0.182  0.017 58504.21 59440.57 0 58709.18 59440.57 0  41.47   6.84  1.42  5.52  4.809e-13  1.690e-14  4.298e-13  2.252e-14  1.830e-05  9.256e-07  1.764e-05  1.249e-06   0.22  3.376e+44    -0.00  1.329e+52  5.157e-05
J175101.13+145506.6       267.75476  14.91855 14.949 14.871  8266067 J175101.13+145506.6  125902677547452789   2676115101241015386  WISE J175101.14+145506.6                                    8266067    0.0932    0.0203 PS1xWISE-STRM                                                                            0.692 None    AT 2019cle   58558.48                                                   58824.78   2644.33 18  0.355   1901.22 18  0.216  0.346  0.003  0.206  0.008 58723.67 59454.92 0 58723.67 59454.92 0  28.27  28.46  4.43  2.62  3.803e-13  1.118e-14  3.774e-13  1.146e-14  1.412e-05  6.279e-07  1.694e-05  1.052e-06   0.10  2.502e+43   -92.49  1.202e+51  5.152e-05
J020104.26-041013.0        30.26778  -4.17030 15.615 14.816   710351 J020104.26-041013.0  102990302677846099                                                                                     710351    0.2665    0.1000 LSPhotoZZou                                                                                                                       0.03 q                                       57954.52    877.34 17  0.317    512.65 17  0.427  0.203  0.005  0.233  0.013 57223.16 58843.31 1 57223.16 58843.31 1   8.85   9.73  6.19  3.53  2.622e-13  1.572e-14  2.809e-13  2.294e-14  2.449e-05  2.132e-06  2.540e-05  2.792e-06   0.07  1.818e+44    -0.00  1.204e+52  5.137e-05
J053714.37-113131.6        84.30985 -11.52544 15.167 14.488 14414239 J053714.37-113131.6   94160843098769888                                                                                   14414239    0.3548    0.0746 PS1xWISE-STRM                                                                                                                                                                  57087.78   5188.91 18  0.302   1843.56 18  0.328  0.288  0.004  0.296  0.007 56919.77 57811.77 1 56919.77 58013.18 1  28.98  20.55  5.58  5.34  6.025e-13  1.161e-14  5.280e-13  2.247e-14  2.261e-05  8.986e-07  2.445e-05  1.370e-06   0.24  7.426e+44     0.00  2.328e+52  5.136e-05
2MASX J17392191+4440561   264.84112  44.68222                                                                                                                 110111 2MASX J17392191+4440561   41371273    0.0561           NED-LVS                                                                                                                                                                        58717.34   2285.09 16  1.458   2754.39 16  0.918  1.455  0.004  0.901  0.005 58553.62 59082.07 1 58553.62 59284.82 1  36.72  39.28  5.74  4.89  7.371e-13  1.777e-14  6.677e-13  1.906e-14  1.672e-05  6.674e-07  1.816e-05  7.328e-07   0.02  1.618e+43    -0.00  4.094e+50  5.094e-05
J192140.13+470523.9       290.41718  47.08999 15.803 15.270 11392677 J192140.13+470523.9  164502904171658574                                                                                   11392677    0.2160    0.0317 PS1xWISE-STRM                                                                                                                                                                  58236.74   1538.65 18  0.248   1425.95 18  0.262  0.165  0.003  0.127  0.005 57872.46 59497.12 0 57872.46 59497.12 0  21.32  21.73  3.91  3.15  2.111e-13  9.329e-15  2.128e-13  1.100e-14  1.724e-05  1.427e-06  2.038e-05  1.746e-06   0.14  8.845e+43   736.32  7.404e+51  5.084e-05
WISEA J111122.46+592334.2 167.84353  59.39287 14.453 14.142  8504081 J111122.46+592334.2  179271678435452173                                                 1538876 WISEA J111122.46+592334.2  8504081    0.1697    0.0000 NED-LVS                                                      0.026 low S/N liner                                                           SDSSJ111122.44+592334.3             58224.76   1635.50 18  0.581   1026.35 18  0.466  0.525  0.005  0.384  0.007 58067.93 59528.99 0 58067.93 59528.99 0  28.43  22.18  1.86  2.43  2.518e-13  1.228e-14  2.286e-13  1.180e-14  1.663e-05  1.404e-06  1.744e-05  1.555e-06   0.12  5.863e+43    -0.00  4.290e+51  5.035e-05
J220036.17+120209.2       330.15077  12.03579 15.711 15.009 23715458 J220036.17+120209.2  122443301507613497                                                                                   23715458    0.2067    0.0574 PS1xWISE-STRM                                                                                                                                                                  58248.71   1787.61 18  0.253   1040.13 18  0.257  0.189  0.004  0.161  0.008 57901.60 59524.50 0 57901.60 59524.50 0  25.13  41.73  3.75  1.67  3.174e-13  1.403e-14  3.481e-13  1.541e-14  1.694e-05  1.458e-06  2.193e-05  1.909e-06   0.16  1.250e+44   149.45  6.633e+51  5.028e-05
J033628.61-074942.9        54.11925  -7.82857 14.413 14.018  6147348 J033628.61-074942.9   98600541192006083    533007601241013668  WISE J033628.61-074942.8                                    6147348    0.1597    0.0137 PS1xWISE-STRM                                                                                                                                                                  57247.83    787.55 18  0.602    525.05 18  0.563  0.561  0.006  0.447  0.014 56883.34 57976.18 1 56883.34 58502.45 1  11.88  10.55  5.83  3.45  3.513e-13  3.494e-14  3.408e-13  2.778e-14  1.787e-05  2.453e-06  2.020e-05  2.942e-06   0.11  7.316e+43    -0.00  3.727e+51  4.998e-05
J084322.70+082458.8       130.84459   8.41631 14.840 14.399 10603055 J084322.70+082458.8  118101308446030204                                                                                   10603055    0.2338    0.0316 PS1xWISE-STRM                                                                                                                                                                  57958.24   1493.65 18  0.433    818.02 18  0.462  0.397  0.005  0.316  0.009 57496.05 58581.44 1 57496.05 59155.25 1  11.23  10.59  5.16  4.73  2.714e-13  1.317e-14  2.979e-13  2.965e-14  1.598e-05  1.221e-06  2.102e-05  1.785e-06   0.07  1.422e+44   -82.31  8.670e+51  4.982e-05
J025519.72-112448.6        43.83217 -11.41349 14.566 14.204  8903166 J025519.72-112448.6   94300438321684163    432012201241033995  WISE J025519.71-112448.5                                    8903166    0.1258    0.0214 PS1xWISE-STRM                                                                            0.072 SN IIn  SN 2020iq    58850.17                                                   59140.18   2612.30 19  0.470   2206.24 19  0.362  0.462  0.004  0.361  0.011 58856.15 59425.94 0 59060.27 59425.94 0  39.40  38.33  4.27  2.56  6.402e-13  1.959e-14  7.132e-13  2.628e-14  1.678e-05  6.364e-07  2.049e-05  8.575e-07   0.10  8.637e+43    70.98  2.207e+51  4.978e-05
J175200.18+103721.6       268.00083  10.62276 14.974 14.728 23344713 J175200.18+103721.6  120742680008387810                                                                                   23344713    0.1241    0.0145 PS1xWISE-STRM                                                                                                                                                                  58359.96   1785.78 18  0.342    901.40 18  0.242  0.331  0.004  0.224  0.008 58196.18 59291.55 1 58196.18 59455.46 0  17.87  41.82  5.36  1.77  3.695e-13  1.954e-14  3.673e-13  3.595e-14  1.782e-05  1.559e-06  1.996e-05  1.965e-06   0.27  4.493e+43     0.00  2.142e+51  4.976e-05
J110525.95-140145.1       166.35815 -14.02927 14.867 14.612 12005724 J110525.95-140145.1   91161663581625288   1660013701241013101  WISE J110525.96-140145.1                                   12005724    0.1445    0.0172 PS1xWISE-STRM                                                                                                                                                                  58546.94   1382.74 18  0.367    664.40 18  0.266  0.368  0.007  0.232  0.009 58103.08 58990.43 1 58103.08 59355.65 0   7.59  24.40  7.30  2.25  3.289e-13  1.620e-14  3.270e-13  2.658e-14  1.891e-05  1.551e-06  1.971e-05  1.777e-06   0.06  5.482e+43   -69.49  2.975e+51  4.967e-05
WISE J140222.10-250704.3  210.59204 -25.11787 13.697 13.213                                77852105920848856   2100025801241037546  WISE J140222.10-250704.3                                   41124333    0.1893    0.0155 PS1xWISE-STRM                                                                                                                                                                  58957.01   1173.73 21  0.937    729.57 21  0.818  0.932  0.006  0.804  0.010 58876.34 59766.35 0 58876.34 59766.35 0  17.44  13.83  5.75  4.78  5.332e-13  2.687e-14  4.524e-13  5.775e-14  2.096e-05  1.871e-06  2.262e-05  2.616e-06   0.06  1.624e+44   -67.83  5.387e+51  4.964e-05
J004643.79+155423.7        11.68244  15.90658 15.999 15.896  6270214 J004643.79+155423.7  127080116823738392                                                                                    6270214    0.1160    0.0218 PS1xWISE-STRM                                                                                                                                                                  57746.43   2294.17 18  0.193   1344.07 18  0.249  0.145  0.005  0.205  0.018 57746.43 59037.84 1 57746.43 58834.86 1  19.42  14.03  5.34  2.76  4.799e-13  1.795e-14  4.476e-13  2.060e-14  1.614e-05  1.188e-06  1.727e-05  1.750e-06   0.15  4.912e+43    -0.00  1.805e+51  4.854e-05
WISEA J154357.60+100613.4 235.98998  10.10375 14.656 14.307  6770257 J154357.60+100613.4  120122359899835048   2353110601241000106  WISE J154357.60+100613.5 1659364 WISEA J154357.60+100613.4  6770257    0.1753    0.0000 NED-LVS                                                                                                                                                                        59255.68   3505.08 18  0.427   1577.24 18  0.316  0.421  0.004  0.318  0.006 58686.76 59418.05 0 58889.28 59418.05 0  48.49  16.60  2.64  7.31  4.834e-13  1.611e-14  5.077e-13  1.923e-14  2.003e-05  6.903e-07  1.929e-05  1.001e-06   0.07  1.290e+44    -0.00  4.375e+51  4.783e-05
J032544.39-153427.1        51.43500 -15.57422 15.257 14.977   998948 J032544.39-153427.1   89310514349871334    516015201241009559  WISE J032544.39-153427.1                                     998948    0.1253    0.0253 PS1xWISE-STRM                                                                                                                                                                  58416.75   2001.94 17  0.270   1274.94 17  0.187  0.253  0.005  0.176  0.009 57971.10 59067.98 0 57971.10 59067.98 0  21.21  13.65  4.06  4.14  3.832e-13  1.948e-14  3.270e-13  1.726e-14  2.430e-05  1.568e-06  2.332e-05  1.867e-06   0.08  4.603e+43   -69.91  2.088e+51  4.747e-05
WISEA J124255.37+253727.9 190.73072  25.62443 14.682 14.527   325788 J124255.37+253727.9  138741907307519928   1900125701241015071  WISE J124255.38+253728.0  162513 WISEA J124255.37+253727.9   325788    0.0879    0.0000 NED-LVS                                                      0.062 low S/N liner                                                           SDSSJ124255.37+253728.0             58108.26    983.65 16  0.468    682.60 16  0.278  0.434  0.006  0.265  0.012 57905.05 58996.00 0 57905.05 58996.00 0  13.18  33.45  4.16  1.12  2.723e-13  1.247e-14  3.041e-13  1.965e-14  1.499e-05  1.426e-06  1.811e-05  2.008e-06   0.08  1.713e+43    -0.00  9.636e+50  4.680e-05
WISEA J120338.33+585911.5 180.90969  58.98648 14.682 14.481 19015324 J120338.33+585911.5  178781809097574632   1814159001241021304  WISE J120338.33+585911.7 1537972 WISEA J120338.33+585911.5 19015324    0.0469    0.0000 NED-LVS                                                      0.548 star_forming                                                            SDSSJ120338.30+585911.9 WTP17aanbso 58337.42   1253.97 18  0.439   1229.58 18  0.350  0.420  0.010  0.279  0.007 58077.11 59172.60 1 58077.11 59536.89 0  11.83  21.71  2.31  2.73  2.375e-13  1.317e-14  2.741e-13  1.333e-14  1.092e-05  1.454e-06  1.733e-05  1.455e-06   0.08  4.135e+42    99.29  2.586e+50  4.666e-05
J122751.98+484235.1       186.96661  48.70975 14.593 14.362    24547 J122751.98+484235.1  166451869665992419   1867148401241027659  WISE J122751.98+484235.2                                      24547    0.0851    0.0159 PS1xWISE-STRM                                                                                                                                                                  58534.46   3542.78 16  0.491   1839.70 16  0.323  0.480  0.005  0.313  0.006 58456.44 59185.50 0 58456.44 59185.50 0  30.08  39.02  3.92  2.99  4.890e-13  1.257e-14  4.451e-13  1.670e-14  1.248e-05  5.357e-07  1.499e-05  7.287e-07   0.01  2.565e+43   -71.90  8.971e+50  4.666e-05
J082557.75+451508.9       126.49058  45.25250 14.174 14.019 14599778 J082557.75+451508.9  162301264906173682   1256145401241014487  WISE J082557.76+451509.4                                   14599778    0.1175    0.0119 PS1xWISE-STRM                                                                                                                                                                  58307.44   1239.24 15  0.779    749.42 15  0.585  0.705  0.006  0.504  0.011 58047.63 59507.16 0 58203.01 59300.46 1  26.84  10.38  2.55  4.38  3.757e-13  1.937e-14  3.139e-13  2.800e-14  2.157e-05  1.647e-06  2.219e-05  2.145e-06   0.18  4.161e+43   -93.46  1.783e+51  4.662e-05
J042655.43-141357.5        66.73099 -14.23264 14.088 13.753   880731 J042655.43-141357.5   90920667309701225    667013701241003155  WISE J042655.42-141357.5                                     880731    0.1176    0.0293 PS1xWISE-STRM                                                                                                                                                                  58354.86    861.68 16  0.727   1478.50 16  0.564  0.711  0.007  0.540  0.010 58149.23 59086.15 0 58149.23 59086.15 0  24.98  25.51  2.22  2.91  3.231e-13  1.732e-14  4.994e-13  2.496e-14  8.432e-06  6.693e-07  1.549e-05  9.871e-07   0.04  5.497e+43     0.00  1.785e+51  4.659e-05
J144643.50-275151.4       221.68125 -27.86431 14.599 14.118  5407838 J144643.50-275151.4   74562216812473113   2214027301241001965  WISE J144643.50-275151.4                                    5407838    0.1809    0.0284 PS1xWISE-STRM                                                                                                                                                                  59047.80   1983.96 18  0.437   1421.34 18  0.391  0.432  0.005  0.384  0.010 58885.89 59411.96 0 58885.89 59411.96 0  23.45  18.89  3.77  3.76  4.177e-13  1.366e-14  4.637e-13  2.768e-14  1.187e-05  5.233e-07  1.393e-05  7.524e-07   0.00  1.245e+44     0.00  4.511e+51  4.601e-05
WISEA J122823.86+361729.0 187.09944  36.29141 14.613 14.328   820653 J122823.86+361729.0  151551870995030377   1865136301241017497  WISE J122823.87+361729.1 1616532 WISEA J122823.86+361729.0   820653    0.1337    0.0000 NED-LVS                                                      0.059 low S/N star-forming                                                    SDSSJ122823.87+361729.1             58178.03   3455.99 17  0.459   2284.22 17  0.339  0.443  0.005  0.308  0.006 58099.39 59195.78 0 58099.39 59195.78 0  34.80  20.55  3.15  5.48  4.640e-13  1.089e-14  4.422e-13  1.935e-14  9.975e-06  7.481e-07  1.429e-05  1.101e-06   0.01  6.504e+43   -69.37  2.311e+51  4.570e-05
J004647.21+151846.1        11.69674  15.31282 15.440 14.773  3893774 J004647.21+151846.1  126370116967195955                                                                                    3893774    0.3360    0.1980 PS1xWISE-STRM                                                                                                                                                                  58936.09   1601.94 14  0.245    794.24 14  0.226  0.230  0.019  0.195  0.044 58673.52 59405.01 0 58673.52 59405.01 0  13.75  12.40  2.40  1.29  5.521e-13  3.214e-14  4.548e-13  3.632e-14  1.854e-05  1.318e-06  1.898e-05  2.584e-06   0.12  6.056e+44   -76.03  1.813e+52  4.541e-05
J151813.97-010737.5       229.55824  -1.12709 15.298 14.887  5823818 J151813.97-010737.5  106642295582087939                                                                                    5823818    0.1913    0.0254 PS1xWISE-STRM                                                                            0.117 None    AT 2017dsz   57849.50                                                   58418.79    766.58 18  0.282    589.06 18  0.264  0.257  0.005  0.177  0.008 57955.94 59047.78 1 57955.94 59411.99 0  13.33  33.59  4.37  1.57  2.631e-13  2.441e-14  2.734e-13  2.446e-14  1.653e-05  1.559e-06  2.104e-05  2.090e-06   0.14  8.492e+43    86.08  4.916e+51  4.424e-05
J112928.67+022007.3       172.36942   2.33537 16.096 15.648 15516140 J112928.67+022007.3  110801723694652852                                                                                   15516140    0.2157    0.0227 PS1xWISE-STRM                                                                                                                                                                  58546.08   3662.73 18  0.139   1003.20 18  0.205  0.124  0.006  0.171  0.036 58258.32 59354.14 0 58258.32 59354.14 0  31.84  18.76  2.97  0.96  4.765e-13  1.543e-14  4.230e-13  3.032e-14  2.104e-05  1.243e-06  2.184e-05  2.471e-06   0.14  1.757e+44    65.41  6.398e+51  4.407e-05
WISEA J060439.01+300504.4  91.16249  30.08464 13.889 13.702 22605581 J060439.01+300504.4  144100911624932179                                                 1171821 WISEA J060439.01+300504.4 22605581    0.1061           NED-LVS                                                                                                                                                                        58384.66   3301.68 16  0.937    992.90 16  0.739  0.930  0.016  0.682  0.021 58178.27 58751.88 1 58384.66 58906.59 1  17.72   8.82  3.54  5.83  8.608e-13  2.212e-14  6.913e-13  2.812e-14  1.782e-05  8.301e-07  1.539e-05  2.036e-06   0.04  7.266e+43    -0.00  1.353e+51  4.404e-05
J000711.07+774337.2         1.79599  77.72700 15.296 15.255 10238894 J000711.07+774337.2  201270017960653205                                                                                   10238894    0.1305    0.0100 PS1xWISE-STRM                                                                                                                                                                  58354.52   1248.13 18  0.252   2233.56 18  0.154  0.241  0.003  0.136  0.004 58149.02 59450.41 0 58149.02 59450.41 0  31.75  36.38  2.32  3.06  1.822e-13  8.430e-15  2.971e-13  1.030e-14  1.088e-05  8.152e-07  1.811e-05  1.207e-06   0.11  4.196e+43     0.00  2.095e+51  4.369e-05
WISEA J104138.79+341253.6 160.41165  34.21488 14.068 13.722  1248585 J104138.79+341253.6  149051604116568449   1608134801241004745  WISE J104138.80+341253.7 1198586 WISEA J104138.79+341253.6  1248585    0.1403    0.0000 NED-LVS                                                      0.059 composite                                                               SDSSJ104138.80+341253.6             57873.20    597.48 16  0.801    694.62 16  0.652  0.772  0.007  0.597  0.011 57713.29 58600.49 1 57713.29 58600.49 1  13.80   7.69  3.75  5.18  3.334e-13  2.157e-14  2.907e-13  1.938e-14  1.364e-05  1.484e-06  1.453e-05  1.490e-06   0.03  5.088e+43     0.00  2.452e+51  4.368e-05
J215516.06+010346.3       328.81697   1.06284 15.181 14.333  6315409 J215516.06+010346.3  109273288169875953                                                                                    6315409    0.2507    0.1000 LSPhotoZZou                                                                                                                                                                    58624.89    714.64 17  0.247    837.70 17  0.329  0.250  0.005  0.293  0.008 58424.08 58991.99 1 58424.08 59519.79 0  10.32  16.39  6.86  4.33  3.005e-13  1.706e-14  3.556e-13  4.529e-14  1.130e-05  1.092e-06  1.760e-05  1.576e-06   0.11  2.067e+44   130.70  8.816e+51  4.326e-05
J015217.16+463239.0        28.07156  46.54426 14.165 13.832 21481574 J015217.16+463239.0  163850280716273823                                                                                   21481574    0.1411    0.0267 PS1xWISE-STRM                                                                                                                                                                  57049.16   3823.62 19  0.691    952.04 19  0.538  0.689  0.006  0.522  0.012 56877.78 57606.57 1 57049.16 57970.87 1  20.05  15.62  5.41  3.74  5.809e-13  1.503e-14  4.562e-13  2.054e-14  1.832e-05  9.872e-07  1.873e-05  1.744e-06   0.16  9.155e+43     0.00  2.457e+51  4.319e-05
J102235.47-164645.1       155.64776 -16.77919 14.633 14.353 11712994 J102235.47-164645.1   87861556477775321   1556016701241020213  WISE J102235.47-164645.0                                   11712994    0.0938    0.0097 PS1xWISE-STRM                                                                                                                                                                  58982.07   2266.59 18  0.446    853.10 18  0.333  0.436  0.005  0.314  0.008 58823.74 59554.87 0 58823.74 59554.87 0  40.36  27.74  3.02  3.58  5.320e-13  3.075e-14  4.870e-13  3.344e-14  2.253e-05  1.206e-06  2.209e-05  1.714e-06   0.19  3.443e+43     0.00  1.013e+51  4.286e-05
J104538.98+525234.9       161.41236  52.87635 14.966 14.033  9936949 J104538.98+525234.9  171451614123472324                                                                                    9936949    0.3013    0.1000 LSPhotoZZou                                                                                                                                                                    57144.92   1972.88 18  0.336   1059.59 18  0.491  0.324  0.003  0.398  0.007 56975.48 58068.61 1 56975.48 58591.91 1  18.67  22.87  4.67  2.81  2.591e-13  1.060e-14  3.091e-13  1.575e-14  1.220e-05  9.111e-07  1.764e-05  1.452e-06   0.09  2.607e+44    -0.00  1.328e+52  4.280e-05
J065257.81+564141.7       103.24088  56.69492 14.731 14.509  2640707 J065257.81+564141.7  176031032408654646   1039156001241037718  WISE J065257.81+564141.7                                    2640707    0.1284    0.0412 PS1xWISE-STRM                                                                                                                                                                  58837.51   1483.85 18  0.416   1453.63 18  0.279  0.413  0.003  0.272  0.008 58758.76 59280.36 1 58758.76 59490.07 0  23.98  31.32  6.68  2.81  4.684e-13  2.133e-14  4.682e-13  2.681e-14  1.413e-05  8.683e-07  1.644e-05  9.394e-07   0.01  6.077e+43   -69.79  1.974e+51  4.261e-05
J084900.10+200807.5       132.25073  20.13526 15.062 14.646 38342579 J084900.10+200807.5  132161322507252856                                                                                   38342579    0.2331    0.0321 PS1xWISE-STRM                                                                                                                                                                  58058.22    635.96 18  0.370    575.32 18  0.374  0.298  0.006  0.237  0.009 57855.06 59520.78 0 57855.06 59520.78 0  17.71  12.05  2.30  3.02  1.979e-13  1.179e-14  2.217e-13  1.572e-14  1.572e-05  1.841e-06  2.096e-05  2.477e-06   0.44  1.048e+44     0.00  7.324e+51  4.235e-05
J162352.99+552608.4       245.97093  55.43572 15.657 15.283 20842339 J162352.99+552608.4  174522459710393592                                                                                   20842339    0.2217    0.0225 PS1xWISE-STRM                                                                                                                                                                  57409.54    895.29 19  0.235   1081.49 19  0.274  0.185  0.004  0.141  0.005 56860.80 58871.92 1 56860.80 59397.77 0  10.31  18.99  4.86  3.15  1.661e-13  1.183e-14  2.085e-13  1.788e-14  1.648e-05  1.685e-06  2.388e-05  2.453e-06   0.21  8.760e+43    -0.00  6.473e+51  4.192e-05
J132441.00-122926.7       201.17084 -12.49076 15.092 14.704  1456281 J132441.00-122926.7   93012011708901469                                                                                    1456281    0.2487    0.0261 PS1xWISE-STRM                                                                                                                                                                  58214.21    779.24 17  0.330    572.10 17  0.296  0.306  0.007  0.226  0.012 57766.57 58658.59 1 57766.57 59022.65 0   8.70  16.76  6.06  2.62  3.057e-13  1.714e-14  3.410e-13  4.655e-14  1.406e-05  1.295e-06  1.796e-05  1.831e-06   0.12  2.024e+44    64.33  8.379e+51  4.184e-05
LCRS B005503.9-442630      14.34151 -44.17152 14.330 14.104                                                                                                   176974 LCRS B005503.9-442630     41391457    0.1341    0.0003 NED-LVS                                                                                                                                                                        59173.22    956.36 18  0.602   1321.07 18  0.409  0.583  0.005  0.411  0.009 58808.61 59539.85 0 59011.20 59539.85 0  22.06  17.43  5.57  4.35  4.965e-13  2.221e-14  4.638e-13  1.719e-14  1.271e-05  7.208e-07  1.201e-05  7.843e-07   0.08  6.957e+43    -0.00  2.118e+51  4.162e-05
J225047.20+313202.3       342.69671  31.53397 14.651 14.013   322684 J225047.20+313202.3  145843426966991368                                                                                     322684    0.2057    0.1000 LSPhotoZZou, wiseScosPhotoz                                                                                                                                                    57557.63   2559.67 17  0.443   1251.04 17  0.462  0.423  0.004  0.425  0.008 57557.63 58653.04 1 57557.63 58653.04 1  24.26  13.29  4.12  4.61  3.963e-13  1.163e-14  3.356e-13  1.512e-14  1.196e-05  7.536e-07  1.285e-05  1.029e-06   0.03  1.406e+44    -0.00  5.423e+51  4.155e-05
J193357.32+654016.8       293.48890  65.67134 16.023 14.682  3273366 J193357.32+654016.8  186802934888646352                                                                                    3273366    1.6870    0.0200 NEDz, NEDz_extcats                                                                                                                0.07 QRX                                     57565.56   3863.85 19  0.233   3681.59 19  0.389  0.171  0.005  0.295  0.010 57014.93 58822.76 1 57014.93 58822.76 1  44.87  38.10  6.27  5.28  1.144e-12  2.406e-14  1.333e-12  2.625e-14  3.827e-05  2.483e-06  4.325e-05  3.148e-06   0.04  7.256e+46    -0.00  8.310e+53  4.154e-05
J140702.40+252923.6       211.76000  25.48990 15.104 14.815  1412820 J140702.40+252923.6  138582117600058486   2116125701241012202  WISE J140702.41+252923.7                                    1412820    0.1571    0.0324 PS1xWISE-STRM                                                                                                                                                                  57565.50    593.37 17  0.381    721.29 17  0.409  0.299  0.008  0.218  0.012 57397.87 59017.67 0 57397.87 59017.67 0   5.79  11.16  5.73  3.04  2.326e-13  1.985e-14  2.647e-13  3.277e-14  1.269e-05  1.612e-06  1.973e-05  2.508e-06   0.03  5.195e+43    -0.00  2.979e+51  4.142e-05
J044102.40+055910.5        70.26002   5.98624 14.952 14.558  8001806 J044102.40+055910.5  115180702600313987                                                                                    8001806    0.1407    0.0139 PS1xWISE-STRM                                                                                                                                                                  58520.19   1398.48 18  0.399    656.95 18  0.349  0.370  0.004  0.319  0.008 57997.73 58887.30 1 58155.94 58887.30 1   9.55   8.74  9.42  5.65  3.486e-13  1.902e-14  2.656e-13  1.749e-14  1.569e-05  9.037e-07  1.291e-05  1.210e-06   0.02  5.549e+43     0.00  2.335e+51  4.129e-05
J230816.64+374210.5       347.06935  37.70299 14.899 14.825 12280174 J230816.64+374210.5  153243470693804169                                                                                   12280174    0.1020    0.0121 PS1xWISE-STRM                                                                                                                                                                  57736.69    486.31 17  0.512    440.59 17  0.476  0.420  0.009  0.276  0.020 57375.96 59027.49 1 57375.96 59555.86 0  10.78  15.63  3.22  1.66  2.692e-13  3.590e-14  3.471e-13  3.669e-14  1.795e-05  2.613e-06  2.784e-05  3.589e-06   0.17  2.676e+43    -0.00  1.166e+51  4.125e-05
WISEA J110633.19+481534.9 166.63827  48.25971 13.353 12.545                                                                                                  1192496 WISEA J110633.19+481534.9 41699150    0.0720    0.0000 NED-LVS                                                      0.065 AGN (not liner)                                                0.05 A   SDSSJ110633.18+481535.0             57344.85   1909.43 18  1.396   1373.87 18  1.578  1.375  0.005  1.547  0.010 57151.17 57510.05 1 57151.17 57709.88 1  14.04  10.81 10.35  8.31  6.270e-13  3.077e-14  5.830e-13  2.344e-14  1.566e-05  7.832e-07  1.511e-05  7.664e-07   0.06  2.328e+43    -0.00  5.569e+50  4.124e-05
J035737.82+692328.0        59.40752  69.39120 15.026 14.715 18914549 J035737.82+692328.0  191270594074120229                                                                                   18914549    0.2201    0.0306 PS1xWISE-STRM                                                                                                                                                                  58524.45   1476.77 16  0.326   1176.59 16  0.274  0.308  0.004  0.250  0.009 58369.51 59465.04 0 58369.51 59256.00 1  66.71  25.10  2.28  3.61  6.007e-13  2.289e-14  5.353e-13  2.228e-14  1.656e-05  1.014e-06  1.959e-05  1.386e-06   0.04  2.486e+44     0.00  6.251e+51  4.113e-05
2MASX J14593309+1527410   224.88792  15.46145 12.718 12.338                               126552248879574274   2253115101241025955  WISE J145933.10+152741.3  495915 2MASX J14593309+1527410   41086957    0.0744    0.0000 NED-LVS                                                      0.081 AGN (not liner)       0.123 None    AT 2021lau   59335.29      0.09 AX                                      59606.90   2945.31 18  2.282   3061.38 18  1.628  2.276  0.010  1.611  0.009 59402.11 59767.41 0 59402.11 59767.41 0  21.46  21.65  7.27  8.30  1.430e-12  3.946e-14  1.109e-12  2.968e-14  0.000e+00  0.000e+00  0.000e+00  0.000e+00   0.01  5.774e+43    -0.00  5.947e+50  4.105e-05
WISEA J001354.72-193344.8   3.47801 -19.56246 12.630 12.211                                84520034779785355     32019701241016166  WISE J001354.71-193344.7  303488 WISEA J001354.72-193344.8 40788983    0.0961    0.0001 NED-LVS                                                                                                                                                                        57190.85    635.78 19  2.678    582.72 19  2.258  2.637  0.043  2.077  0.048 57005.75 57364.64 1 57190.85 57555.08 1   6.29   5.67  4.97  5.59  1.198e-12  9.813e-14  9.853e-13  7.090e-14  1.629e-05  1.384e-06  1.341e-05  1.084e-06   0.01  8.140e+43    -0.00  1.010e+51  4.055e-05
WISE J090145.80+704357.9  135.44081  70.73268 14.750 14.306                               192871354408889976   1350171101241011274  WISE J090145.80+704357.9                                   40550914    0.1814    0.0229 PS1xWISE-STRM                                                                                                                                                                  59215.23   2966.02 19  0.409   1601.16 19  0.336  0.403  0.003  0.328  0.005 58928.06 59866.55 0 59137.94 59866.55 0  28.38  12.29  4.55  7.11  3.266e-13  1.372e-14  3.030e-13  1.672e-14  1.250e-05  5.711e-07  1.301e-05  7.354e-07   0.13  8.849e+43   -65.42  3.949e+51  4.000e-05
J181905.01+383009.8       274.77087  38.50310 15.017 14.283 39079503 J181905.01+383009.8  154202747709234336                                                                                   39079503    0.3343    0.1000 LSPhotoZZou                                                                                                                                                                    55465.79    696.83 18  0.211    790.76 18  0.185  0.206  0.003  0.185  0.007 55465.79 57110.02 1 55465.79 57110.02 1  14.28   9.81  4.93  4.87  1.944e-13  8.429e-15  2.236e-13  1.086e-14  7.984e-07  1.330e-07  1.282e-06  1.592e-07   0.63  2.404e+44    -0.00  1.551e+52  3.930e-05
WISEA J214603.88+104128.5 326.51619  10.69129 14.587 14.193  8075056 J214603.88+104128.5  120833265162020104   3261110601241019645  WISE J214603.87+104128.6 1519390 WISEA J214603.88+104128.5  8075056    0.1636    0.0000 NED-LVS                                                      0.074 low S/N star-forming                                                    SDSSJ214603.88+104128.7             58261.87   1409.87 18  0.521    672.76 18  0.469  0.474  0.004  0.380  0.008 58064.69 59520.85 0 58064.69 59520.85 0  17.46  16.34  5.19  3.52  3.196e-13  1.379e-14  2.820e-13  1.433e-14  2.070e-05  1.752e-06  2.164e-05  2.377e-06   0.05  6.831e+43     0.00  3.058e+51  3.893e-05
J115139.11-021249.4       177.91303  -2.21371 15.806 15.346  9574729 J115139.11-021249.4  105341779130473978                                                                                    9574729    0.2215    0.0438 PS1xWISE-STRM                                                                                                                                                                  59099.89   2445.86 17  0.163    622.61 17  0.201  0.159  0.004  0.185  0.016 58631.89 59363.11 0 58839.69 59363.11 0  45.40  10.43  2.64  3.51  4.209e-13  1.389e-14  3.705e-13  2.341e-14  1.203e-05  4.817e-07  9.933e-06  9.766e-07   0.06  1.615e+44    85.07  5.965e+51  3.870e-05
J051007.17+224013.2        77.52970  22.67042 14.967 14.634 32887040 J051007.17+224013.2  135200775296975040                                                                                   32887040    0.1564    0.0307 PS1xWISE-STRM                                                                                                                                                                  58163.99   2408.22 18  0.377    796.81 18  0.296  0.369  0.007  0.290  0.013 58006.07 58373.07 1 58006.07 58531.08 1  17.64  17.59  5.05  3.19  5.869e-13  1.592e-14  4.822e-13  2.999e-14  1.493e-05  5.924e-07  1.279e-05  9.055e-07   0.62  1.152e+44  -136.56  2.747e+51  3.858e-05
J224518.33+350202.7       341.32653  35.03403 15.851 15.235 26992260 J224518.33+350202.7  150043413265411445                                                                                   26992260    0.3203    0.0708 PS1xWISE-STRM                                                                                                                                                                  59102.17   1514.97 19  0.153    575.36 19  0.181  0.143  0.004  0.170  0.010 58816.15 59547.47 0 58816.15 59547.47 0  18.53   9.84  5.05  4.13  3.003e-13  1.213e-14  2.652e-13  1.913e-14  7.880e-06  5.349e-07  7.174e-06  8.698e-07   0.09  2.671e+44    61.39  1.367e+52  3.824e-05
J130524.88+215715.9       196.35366  21.95443 15.038 14.849  2086589 J130524.88+215715.9  134341963537045909   1969121201241036018  WISE J130524.89+215716.0                                    2086589    0.0746    0.0100 PS1xWISE-STRM                                                                            0.478 None    AT 2018lhv   58474.50                                                   58638.35   3239.87 18  0.315   1018.31 18  0.203  0.318  0.009  0.196  0.010 58638.35 59369.53 0 58638.35 59369.53 0  17.24  34.69  3.97  1.91  5.290e-13  1.318e-14  4.127e-13  1.596e-14  1.259e-05  9.618e-07  1.128e-05  1.477e-06   0.05  2.140e+43     0.00  5.562e+50  3.821e-05
J091345.46+274542.2       138.43940  27.76178 15.173 14.386 16194272 J091345.46+274542.2  141311384393974727                                                                                   16194272    0.2734    0.1000 LSPhotoZZou                                                                                                                                                                    58218.76   2939.03 18  0.320   1230.12 18  0.380  0.306  0.004  0.363  0.008 58061.18 58582.81 1 58061.18 58582.81 1  25.57  19.22  4.93  4.50  4.879e-13  1.526e-14  4.618e-13  2.592e-14  1.650e-05  6.717e-07  1.687e-05  1.014e-06   0.18  3.352e+44     0.00  9.476e+51  3.815e-05
J144931.99+384757.9       222.38333  38.79941 15.414 14.768  2919034 J144931.99+384757.9  154552223833289887   2225139301241003605  WISE J144931.99+384757.9                                    2919034    0.2067    0.0126 PS1xWISE-STRM                                                                                                                                                                  58030.48    575.91 19  0.261    709.73 19  0.298  0.225  0.004  0.222  0.007 57568.42 59020.69 1 57568.42 59020.69 1  11.49   8.30  4.44  6.27  1.644e-13  1.085e-14  2.208e-13  2.254e-14  1.071e-05  1.119e-06  1.785e-05  1.735e-06   0.12  1.111e+44    83.83  5.006e+51  3.791e-05
J202906.09+003126.8       307.27542   0.52416 15.420 14.917  9207985 J202906.09+003126.8  108623072754569470                                                                                    9207985    0.2092    0.0178 PS1xWISE-STRM                                                                                                                                                                  57415.19    981.50 18  0.319    584.99 18  0.321  0.237  0.005  0.213  0.009 57142.24 58604.97 1 57142.24 58604.97 1  10.66  10.73  6.17  4.50  2.755e-13  1.582e-14  2.758e-13  5.748e-14  1.723e-05  1.568e-06  1.799e-05  2.374e-06   0.11  1.020e+44   -77.51  5.129e+51  3.782e-05
J110555.12+265702.7       166.47973  26.95074 15.378 14.808  9039094 J110555.12+265702.7  140341664797601474                                                                                    9039094    0.3542    0.0284 PS1xWISE-STRM                                                                                                                                                                  57620.76   1992.70 18  0.289    809.41 18  0.359  0.258  0.005  0.214  0.012 57354.47 58450.18 1 57354.47 59548.43 0  11.98  17.89  6.63  2.36  3.515e-13  1.457e-14  3.232e-13  1.604e-14  1.723e-05  1.732e-06  2.446e-05  3.185e-06   0.04  4.545e+44   -74.44  1.707e+52  3.779e-05
J060219.48+751856.1        90.58086  75.31564 15.874 15.567 22085256 J060219.48+751856.1  198370905806019632                                                                                   22085256    0.2225    0.1000 wiseScosPhotoz                                                                                                                                                                 58019.74   1098.34 18  0.242    757.98 18  0.274  0.157  0.004  0.150  0.009 57453.31 59479.85 0 57453.31 59479.85 0  13.94   6.70  3.80  4.41  1.769e-13  1.059e-14  1.720e-13  1.209e-14  1.955e-05  1.630e-06  2.057e-05  2.334e-06   0.28  7.701e+43    -0.00  5.840e+51  3.750e-05
J203652.26-262342.0       309.21778 -26.39502 15.263 14.718  1386660 J203652.26-262342.0   76323092177686265                                                                                    1386660    0.2536    0.0242 PS1xWISE-STRM                                                                                                                                                                  58679.28   1047.72 16  0.280    798.34 16  0.252  0.258  0.006  0.239  0.010 58233.00 59128.45 0 58397.25 59128.45 0  16.22   8.43  3.79  5.26  3.025e-13  2.156e-14  2.843e-13  2.102e-14  1.564e-05  1.389e-06  1.592e-05  1.809e-06   0.03  1.731e+44   -65.46  7.762e+51  3.710e-05
WISEA J143701.72+532358.4 219.25713  53.39961 12.993 12.979                               172082192571260276   2194153001241031337  WISE J143701.72+532358.5  509299 WISEA J143701.72+532358.4 40670806    0.0469    0.0000 NED-LVS                                                      0.036 low S/N liner                                                                                               59207.66   2775.51 20  1.878   1909.97 20  1.088  1.871  0.006  1.085  0.006 59207.66 59572.49 1 59207.66 59572.49 1  21.17  37.00  6.89  4.56  7.761e-13  1.649e-14  6.961e-13  2.039e-14  0.000e+00  0.000e+00  0.000e+00  0.000e+00   0.16  1.174e+43    -0.00  2.037e+50  3.670e-05
J163753.96+340255.8       249.47485  34.04882 15.021 14.649  6900733 J163753.96+340255.8  148852494748599208   2501133301241043592  WISE J163753.97+340255.9                                    6900733    0.1487    0.0215 PS1xWISE-STRM                                                                                                                                                                  57606.83   3380.69 18  0.317   3095.10 18  0.252  0.309  0.003  0.245  0.004 57606.83 58167.76 1 57606.83 58167.76 1  28.90  30.57  7.08  5.41  4.783e-13  1.226e-14  4.738e-13  1.814e-14  3.144e-06  1.127e-07  4.401e-06  1.737e-07   0.07  8.597e+43    -0.00  2.334e+51  3.662e-05
WISE J143418.48+491236.6  218.57701  49.21014 13.767 13.166                               167052185770922854   2182148401241037532  WISE J143418.48+491236.6                                   40909337    0.2485    0.0030 SDSS_spec (formerly PS1xWISE-STRM)                           0.035 low S/N liner                                                  0.07 AX                                      57652.67   1970.79 20  1.045   1560.80 20  1.093  1.015  0.007  1.060  0.020 57387.38 58276.35 1 57553.06 58276.35 1  15.86   7.14  6.87  5.09  6.260e-13  5.112e-14  4.745e-13  2.362e-14  2.217e-05  1.325e-06  1.979e-05  1.833e-06   0.03  2.868e+44    79.78  7.257e+51  3.631e-05
WISEA J171355.15-060243.9 258.47983  -6.04565 12.440 12.239                               100742584798165618   2582006101241023722  WISE J171355.15-060243.9 1855264 WISEA J171355.15-060243.9 40389284    0.0281           NED-LVS                                                                                                                                                                        59646.84    574.33 20  3.015   1862.11 20  2.035  2.988  0.014  2.021  0.020 59646.84 59810.36 0 59646.84 59810.36 0  13.34  20.11  7.18  4.01  1.186e-12  8.402e-14  1.065e-12  3.211e-14  0.000e+00  0.000e+00  0.000e+00  0.000e+00   0.19  6.264e+42    -0.00  6.902e+49  3.564e-05
J150733.42+310623.3       226.88931  31.10648 15.835 15.198  7882281 J150733.42+310623.3  145322268893398390                                                                                    7882281    0.3354    0.0557 PS1xWISE-STRM                                                                                                                                                                  58323.09   1251.07 19  0.168   1028.00 19  0.239  0.148  0.004  0.154  0.007 57941.46 59397.33 0 57941.46 59397.33 0  21.35  11.15  3.67  4.65  2.447e-13  9.405e-15  2.319e-13  1.189e-14  1.554e-05  1.484e-06  2.068e-05  1.881e-06   0.15  2.673e+44  -136.38  1.406e+52  3.534e-05
WISEA J021617.41-334844.6  34.07259 -33.81242 14.208 13.631  9237499 J021617.41-334844.6   67420340725185408                                                  518654 WISEA J021617.41-334844.6  9237499    0.1666    0.0003 NED-LVS                                                                                                                                                                        57482.45    443.55 18  0.644    408.35 18  0.592  0.637  0.012  0.591  0.016 57212.05 57746.22 1 57212.05 57746.22 1  10.55   5.92  3.65  5.66  4.065e-13  5.605e-14  3.505e-13  5.954e-14  9.708e-06  1.240e-06  9.404e-06  1.200e-06   0.03  9.036e+43   -81.91  2.866e+51  3.504e-05
J022121.29-024011.0        35.33875  -2.66973 15.484 14.924  1941376 J022121.29-024011.0  104790353387266762                                                                                    1941376    0.2848    0.1000 LSPhotoZZou, wiseScosPhotoz                                                                                                                                                    58848.38   1560.58 17  0.219    836.24 17  0.205  0.216  0.004  0.193  0.009 58691.03 59055.16 0 58691.03 59055.16 0  34.87  32.59  4.74  2.91  5.949e-13  2.867e-14  5.531e-13  3.052e-14  8.873e-06  4.014e-07  8.826e-06  4.698e-07   0.05  4.459e+44    -0.00  9.270e+51  3.400e-05
J192910.61+621414.8       292.29423  62.23737 16.231 15.004 21513381 J192910.61+621414.8  182682922942415609                                                                                   21513381    0.2559    0.1000 LSPhotoZZou                                                                                                                       0.32 q                                       58722.44   2023.37 18  0.115    997.39 18  0.203  0.109  0.003  0.177  0.005 58640.57 59535.17 0 58640.57 59535.17 0  26.62  14.90  3.50  4.81  2.445e-13  8.394e-15  2.541e-13  1.905e-14  1.150e-05  7.458e-07  1.290e-05  1.034e-06   0.06  1.480e+44    65.19  7.242e+51  3.391e-05
J050800.07-082811.4        77.00027  -8.46983 15.042 14.349  9690500 J050800.07-082811.4   97830770003076626                                                                                    9690500    0.2583    0.1000 wiseScosPhotoz                                                                                                                                                                 57903.44   1993.76 18  0.330    775.72 18  0.379  0.324  0.004  0.355  0.008 57803.68 58525.06 1 57803.68 58892.05 1  15.63  15.04  6.00  3.43  3.227e-13  1.144e-14  2.851e-13  2.423e-14  1.417e-05  7.803e-07  1.403e-05  1.198e-06   0.02  2.045e+44   -79.29  7.279e+51  3.338e-05
J104820.88+282106.6       162.08703  28.35182 15.264 14.616  5579148 J104820.88+282106.6  142021620869892790                                                                                    5579148    0.2801    0.1000 LSPhotoZZou, wiseScosPhotoz                                                                                                                                                    59256.28   1612.12 18  0.232   1199.05 18  0.240  0.234  0.003  0.233  0.007 58968.37 59541.54 0 58968.37 59541.54 0  16.58  21.02  6.18  4.04  3.000e-13  1.560e-14  3.704e-13  2.347e-14  9.297e-06  5.063e-07  1.002e-05  6.402e-07   0.10  2.651e+44   -61.75  8.747e+51  3.334e-05
J164442.04+012912.4       251.17510   1.48676 14.906 14.749 21897798 J164442.04+012912.4  109782511750744581   2510101501241022959  WISE J164442.03+012912.3                                   21897798    0.1116    0.0307 PS1xWISE-STRM                                                                                                                                                                  58258.28    979.39 16  0.344    553.73 16  0.280  0.294  0.004  0.232  0.008 58176.75 59436.13 0 58176.75 59071.23 1  13.00   8.91  5.30  4.81  2.540e-13  1.065e-14  2.292e-13  1.428e-14  1.183e-05  1.057e-06  1.292e-05  1.320e-06   0.04  2.369e+43   -73.36  1.129e+51  3.297e-05
J174301.46+410230.7       265.75609  41.04190 15.306 14.578  1133039 J174301.46+410230.7  157252657560640926                                                                                    1133039    0.2798    0.1000 wiseScosPhotoz                                                                                                                                                                 57183.56   3681.19 16  0.284   1186.37 16  0.323  0.243  0.004  0.286  0.005 56913.37 58719.53 1 56913.37 57991.92 1  39.97  10.52  1.90  5.57  3.000e-13  8.543e-15  1.991e-13  1.263e-14  2.069e-05  1.031e-06  1.488e-05  1.384e-06   0.08  3.045e+44   -69.41  8.619e+51  3.291e-05
J102255.38+301448.3       155.73082  30.24670 15.742 15.230 19599097 J102255.38+301448.3  144291557308506705                                                                                   19599097    0.2270    0.0367 PS1xWISE-STRM                                                                                                                                                                  57345.15   1553.49 18  0.209    763.32 18  0.236  0.190  0.004  0.129  0.011 57151.46 58076.35 1 57151.46 59536.10 0  22.74  45.06  4.94  1.20  3.737e-13  2.031e-14  3.938e-13  1.830e-14  1.119e-05  1.562e-06  1.632e-05  2.530e-06   0.07  1.781e+44    -0.00  5.338e+51  3.276e-05
WISEA J091308.53+350003.5 138.28548  35.00097 13.731 13.538                               150001382855281851   1388134801241021643  WISE J091308.53+350003.6 1552750 WISEA J091308.53+350003.5 40802962    0.1149    0.0000 NED-LVS                                                                                                                                                                        58868.85    544.21 20  0.996    852.55 20  0.688  0.976  0.005  0.667  0.007 58790.16 59885.67 0 58790.16 59885.67 0  16.29  19.28  4.56  3.70  3.081e-13  2.245e-14  3.468e-13  1.825e-14  1.276e-05  1.584e-06  1.805e-05  2.048e-06   0.07  3.577e+43    70.57  1.188e+51  3.257e-05
J170859.29+315215.0       257.24706  31.87086 14.807 14.076  2678157 J170859.29+315215.0  146242572470555590                                                                                    2678157    0.2717    0.1000 LSPhotoZZou, wiseScosPhotoz                                                                                                                                                    59274.13   3436.97 18  0.384   1217.59 18  0.366  0.376  0.003  0.356  0.004 58909.66 59437.83 0 58909.66 59437.83 0  21.16  15.19  6.23  7.11  3.725e-13  8.870e-15  3.139e-13  1.142e-14  1.046e-05  3.286e-07  8.562e-06  4.901e-07   0.06  2.480e+44     0.00  7.882e+51  3.220e-05
J091317.60+040708.4       138.32337   4.11905 15.770 15.242 11645468 J091317.60+040708.4  112941383233183288                                                                                   11645468    0.2251    0.0318 PS1xWISE-STRM                                                                                                                                                                  58147.65   1198.09 18  0.187    851.38 18  0.229  0.181  0.009  0.196  0.011 57864.65 58592.11 1 57864.65 58592.11 1  12.37   6.86  2.72  4.81  2.731e-13  2.046e-14  2.455e-13  1.496e-14  6.976e-06  5.449e-07  7.187e-06  5.463e-07   0.08  1.214e+44   -63.20  5.140e+51  3.217e-05
J175356.06+453514.2       268.48360  45.58732 15.036 14.787  4668357 J175356.06+453514.2  162702684835965474   2684145401241022681  WISE J175356.06+453514.2                                    4668357    0.0875    0.0127 PS1xWISE-STRM                                                                                                                                                                  57188.19   1178.47 18  0.324   1040.67 18  0.267  0.312  0.002  0.217  0.005 57100.00 58195.68 1 57100.00 58723.51 1  26.61  20.12  4.30  3.28  2.511e-13  9.551e-15  2.196e-13  1.023e-14  1.040e-05  1.001e-06  1.385e-05  1.170e-06   0.04  1.409e+43   -81.09  6.450e+50  3.160e-05
J011844.16-085059.1        19.68407  -8.84971 16.282 15.129 14913624 J011844.16-085059.1   97380196840100735                                                                                   14913624    2.0250    0.0200 NEDz, NEDz_extcats                                                                                                                0.05 qR                                      58105.08   5344.30 18  0.162   3437.51 18  0.278  0.140  0.006  0.240  0.015 57940.26 58465.87 1 57940.26 58465.87 1  12.55  15.57 12.06  5.99  7.666e-13  1.438e-14  9.158e-13  2.350e-14  1.266e-05  6.483e-07  1.591e-05  1.161e-06   0.07  7.784e+46     0.00  9.860e+53  3.153e-05
J235415.58-045218.8       358.56500  -4.87197 15.788 15.283 25317441 J235415.58-045218.8  102153585649604050                                                                                   25317441    0.1511    0.0174 PS1xWISE-STRM                                                                                                                                                                  58006.35    781.50 18  0.247    321.26 18  0.291  0.166  0.006  0.158  0.014 57366.49 59181.02 1 57366.49 59181.02 1  22.34  13.35  2.05  2.05  2.303e-13  1.368e-14  2.438e-13  1.865e-14  2.119e-05  2.334e-06  2.365e-05  3.987e-06   0.14  4.386e+43    71.92  2.069e+51  3.134e-05
WISEA J154303.00+412941.0 235.76257  41.49475 15.156 14.584  7363173 J154303.00+412941.0  157792357626054392                                                 1546694 WISEA J154303.00+412941.0  7363173    0.1778    0.0001 NED-LVS                                                      0.072 star_forming                                                                                                58509.00   2401.77 19  0.240    796.94 19  0.240  0.220  0.003  0.176  0.006 58144.08 58875.11 1 58144.08 58875.11 1  10.08   8.25  7.98  6.98  2.383e-13  7.060e-15  2.349e-13  1.170e-14  8.120e-06  5.050e-07  9.352e-06  7.275e-07   0.05  6.528e+43  -309.83  2.951e+51  3.127e-05
J064446.55+564530.5       101.19404  56.75853 15.281 14.819 13725306 J064446.55+564530.5  176111011940240999                                                                                   13725306    0.2436    0.1000 LSPhotoZZou, wiseScosPhotoz                                                              0.006 None    AT 2018btw   58253.46                                                   58652.71   2168.42 16  0.259   1068.81 16  0.260  0.253  0.005  0.235  0.009 58390.93 59121.62 1 58390.93 59279.17 1  28.23  20.76  3.23  3.08  3.971e-13  1.430e-14  3.648e-13  2.810e-14  1.192e-05  7.423e-07  1.357e-05  1.115e-06   0.04  2.067e+44   -84.19  5.910e+51  3.093e-05
J210603.43+080157.8       316.51432   8.03274 14.219 13.775  1956869 J210603.43+080157.8  117633165143469774   3157107501241035603  WISE J210603.43+080157.9                                    1956869    0.1602    0.0197 PS1xWISE-STRM                                                                                                                                                                  58251.72   2034.24 16  0.676   1826.61 16  0.602  0.670  0.006  0.569  0.009 58052.18 58615.83 1 58052.18 58980.30 1  20.45  21.07  5.17  4.13  5.990e-13  2.348e-14  5.274e-13  1.781e-14  1.283e-05  7.948e-07  1.559e-05  1.085e-06   0.06  1.223e+44    -0.00  2.306e+51  3.072e-05
J004141.05+354851.4        10.42106  35.81424 13.835 13.466  8889914 J004141.05+354851.4  150970104210347715    111136301241007007  WISE J004141.04+354851.4                                    8889914    0.1437    0.0170 PS1xWISE-STRM                                                                                                                                                                  59206.97   3027.46 19  0.894   2494.95 19  0.708  0.890  0.004  0.702  0.007 59048.27 59412.36 0 59048.27 59412.36 0  44.04  31.59  5.02  5.11  8.364e-13  2.024e-14  7.205e-13  1.686e-14  0.000e+00  0.000e+00  0.000e+00  0.000e+00   0.05  1.345e+44     0.00  1.806e+51  3.052e-05
J124246.87+071335.2       190.69532   7.22645 14.625 13.808   537337 J124246.87+071335.2  116671906953732250                                                                                     537337    0.2420    0.1000 LSPhotoZZou                                                                                                                                                                    58639.41   1948.67 16  0.493    726.23 16  0.540  0.480  0.018  0.525  0.012 58479.75 59006.41 0 58479.75 59006.41 0  14.47  17.50  2.38  3.01  5.525e-13  2.153e-14  3.962e-13  2.137e-14  1.341e-05  8.841e-07  1.122e-05  8.331e-07   0.02  3.074e+44    -0.00  5.720e+51  3.041e-05
J094451.91-233000.5       146.21632 -23.50008 15.668 14.897 17679261 J094451.91-233000.5   79801462163340210                                                                                   17679261    0.2147    0.0258 PS1xWISE-STRM                                                                                                                                                                  57884.50    498.43 18  0.237    366.97 18  0.262  0.196  0.005  0.178  0.008 57722.63 58976.25 1 57722.63 59549.36 0   9.03  10.75  5.69  3.57  2.238e-13  2.337e-14  2.086e-13  2.014e-14  1.096e-05  1.842e-06  1.206e-05  2.348e-06   0.05  8.847e+43    -0.00  4.312e+51  3.001e-05
J040953.47-290934.8        62.47281 -29.15971 15.082 14.501  3586659 J040953.47-290934.8   73000624727218714                                                                                    3586659    0.2718    0.0328 PS1xWISE-STRM                                                                                                                                                                  58345.18    596.94 18  0.369    510.34 18  0.372  0.304  0.005  0.290  0.008 57980.01 59440.90 0 57980.01 59440.90 0   7.47   6.94  7.02  5.23  2.227e-13  2.406e-14  1.970e-13  1.969e-14  1.553e-05  1.936e-06  1.723e-05  2.172e-06   0.01  1.485e+44    -0.00  7.305e+51  2.982e-05
J001811.53+095952.0         4.54802   9.99781 15.632 15.434 15407938 J001811.53+095952.0  119990045479787868                                                                                   15407938    0.2764    0.0586 PS1xWISE-STRM                                                                                                                                                                  57654.26   1127.59 19  0.221    904.94 19  0.237  0.208  0.005  0.195  0.012 57569.99 58099.26 1 57569.99 58665.60 1  11.27  11.37  7.58  3.75  3.752e-13  3.441e-14  3.354e-13  1.646e-14  1.480e-05  1.247e-06  1.608e-05  1.410e-06   0.21  2.599e+44   -66.03  7.587e+51  2.980e-05
J110452.76+775237.5       166.21982  77.87707 15.770 15.194 11044291 J110452.76+775237.5  201451662199943297                                                                                   11044291    0.2069    0.0493 PS1xWISE-STRM                                                                                                                                                                  57840.08   5553.13 17  0.165   1631.32 17  0.221  0.155  0.003  0.192  0.006 57678.57 58931.15 1 57840.08 58566.94 1  59.53   8.83  2.69  7.13  3.720e-13  6.582e-15  2.448e-13  9.843e-15  1.179e-05  4.892e-07  1.090e-05  6.656e-07   0.06  1.639e+44    -0.00  3.928e+51  2.969e-05
J034553.44+084157.6        56.47274   8.69934 15.212 14.677  8358063 J034553.44+084157.6  118430564727269649                                                                                    8358063    0.2158    0.0348 PS1xWISE-STRM                                                                                                                                                                  58349.39   1107.98 18  0.286    874.61 18  0.269  0.280  0.005  0.278  0.013 58349.39 59080.94 1 58349.39 58872.52 1  13.37   6.41  5.89  5.65  3.769e-13  1.775e-14  3.025e-13  2.013e-14  1.086e-05  7.118e-07  1.188e-05  9.398e-07   0.06  1.505e+44     0.00  4.203e+51  2.892e-05
J004123.03+375855.7        10.34599  37.98216 14.338 13.528  1910283 J004123.03+375855.7  153570103459479203                                                                                    1910283    0.3800    0.0100 NEDz, NEDz_extcats                                                                                                                0.06 QR                                      57395.03    975.07 17  0.673    875.61 17  0.727  0.589  0.005  0.683  0.008 57395.03 58842.62 1 57395.03 58478.42 1  12.60  14.84  7.07  5.19  4.177e-13  2.009e-14  4.181e-13  1.678e-14  9.853e-06  1.226e-06  9.232e-06  1.374e-06   0.04  6.303e+44    -0.00  1.533e+52  2.881e-05
J114212.33-081917.7       175.55139  -8.32167 14.329 13.699 21015018 J114212.33-081917.7   98011755514444426   1754007601241003044  WISE J114212.34-081917.7                                   21015018    0.2032    0.0158 PS1xWISE-STRM                                                                                                                                                                  57741.89   1350.25 17  0.605    509.85 17  0.638  0.559  0.010  0.543  0.015 57377.35 58472.89 1 57544.03 58472.89 1  19.23  10.02  3.16  5.34  5.353e-13  2.004e-14  5.067e-13  4.015e-14  2.187e-05  1.655e-06  2.125e-05  2.366e-06   0.04  1.880e+44    -0.00  3.655e+51  2.879e-05
J053028.21+220546.6        82.61759  22.09629 15.246 15.079   624129 J053028.21+220546.6  134510826175866111                                                                                     624129    0.1604    0.0398 PS1xWISE-STRM                                                                                                                                                                  57810.99    312.88 16  0.320    377.69 16  0.340  0.274  0.007  0.178  0.014 57446.92 58535.25 1 57446.92 58899.54 1   7.32  13.13  4.34  1.69  2.021e-13  2.704e-14  2.003e-13  1.825e-14  1.466e-05  2.339e-06  1.610e-05  2.533e-06   0.10  4.290e+43     0.00  2.140e+51  2.843e-05
J071651.60+465530.7       109.21500  46.92527 14.408 14.153 12675278 J071651.60+465530.7  164311092149830990   1090146901241020264  WISE J071651.60+465530.8                                   12675278    0.0874    0.0205 PS1xWISE-STRM                                                                                                                                                                  59128.10   2364.66 18  0.534   1014.82 18  0.363  0.528  0.004  0.362  0.006 58921.24 59495.19 0 59128.10 59495.19 0  38.92  23.27  3.85  4.30  5.029e-13  1.349e-14  4.195e-13  2.325e-14  5.692e-06  1.812e-07  5.501e-06  2.740e-07   0.13  2.789e+43     0.00  5.781e+50  2.839e-05
WISEA J131509.34+072737.6 198.78892   7.46047 13.101 12.843                               116951987889243019   1983107501241016651  WISE J131509.34+072737.7 1049717 WISEA J131509.34+072737.6 41120412    0.0918    0.0000 NED-LVS                                                      0.041 composite                                                               SDSSJ131509.34+072737.7             57757.88   2316.49 21  1.730   2214.89 21  1.293  1.717  0.010  1.220  0.012 57757.88 58121.94 1 57757.88 59013.40 1  15.80  19.00  8.52  7.15  1.232e-12  2.890e-14  1.028e-12  2.404e-14  1.584e-05  1.763e-06  1.733e-05  1.582e-06   0.08  7.580e+43     0.00  6.385e+50  2.826e-05
J174040.08+003608.9       265.16705   0.60275 14.909 14.854 36512256 J174040.08+003608.9  108722651670473699                                                                                   36512256    0.1438    0.0189 PS1xWISE-STRM                                                                                                                                                                  58639.59    743.16 16  0.409    386.91 16  0.324  0.372  0.006  0.261  0.010 58193.60 59288.85 1 58357.25 59452.58 0  11.48   8.45  4.32  4.44  2.456e-13  1.610e-14  2.393e-13  2.324e-14  1.464e-05  1.246e-06  1.505e-05  1.885e-06   0.49  3.960e+43   -71.56  1.661e+51  2.803e-05
J152408.27+052010.7       231.03447   5.33634 14.488 14.000  8849785 J152408.27+052010.7  114402310344734077   2308106001241004085  WISE J152408.28+052010.7                                    8849785    0.2089    0.0167 PS1xWISE-STRM                                                                                                                                                                  56967.98   1732.66 18  0.565    878.10 18  0.550  0.547  0.005  0.499  0.009 56877.48 57595.16 1 56877.48 57789.74 1  14.18   9.93  5.02  5.26  3.262e-13  1.215e-14  3.000e-13  1.581e-14  1.197e-05  7.988e-07  1.377e-05  1.229e-06   0.01  1.199e+44   -74.86  3.749e+51  2.776e-05
J163641.60+092458.9       249.17337   9.41643 15.303 14.140 14367916 J163641.60+092458.9  119302491733980240                                                                                   14367916    1.1550    0.0200 NEDz, NEDz_extcats                                                                                                                0.02 qR                                      58701.13   1442.92 16  0.265   1120.82 16  0.368  0.175  0.004  0.322  0.021 58539.04 59431.97 0 58701.13 59431.97 0  18.92  11.88 13.95  6.27  9.537e-13  6.231e-14  1.022e-12  6.958e-14  2.030e-05  1.407e-06  1.997e-05  1.972e-06   0.10  2.222e+46    -0.00  2.172e+53  2.759e-05
J155533.58+161112.3       238.88995  16.18678 15.642 15.397  3244835 J155533.58+161112.3  127422388899644664                                                                                    3244835    0.1491    0.0243 PS1xWISE-STRM                                                                                                                                                                  57960.94   1952.57 18  0.231    833.71 18  0.214  0.177  0.005  0.167  0.008 57795.01 59419.36 0 57960.94 58890.40 1  45.44   9.86  2.00  6.27  4.032e-13  1.105e-14  3.049e-13  1.874e-14  1.437e-05  1.136e-06  1.319e-05  1.685e-06   0.06  7.311e+43     0.00  1.734e+51  2.705e-05
J043008.65-152449.0        67.53615 -15.41360 15.838 15.082 22662097 J043008.65-152449.0   89500675361434091                                                                                   22662097    0.2607    0.1000 LSPhotoZZou, wiseScosPhotoz                                                                                                                                                    59086.74   1456.78 18  0.164    962.77 18  0.173  0.154  0.005  0.164  0.008 58879.32 59450.87 0 58879.32 59450.87 0  22.53  20.61  4.27  2.93  4.197e-13  1.657e-14  3.081e-13  1.620e-14  1.758e-05  9.356e-07  1.297e-05  9.275e-07   0.47  2.717e+44   125.73  6.020e+51  2.701e-05
WISEA J143114.71+171135.3 217.81129  17.19309 15.316 15.239 21145408 J143114.71+171135.3  128632178111932152                                                  448969 WISEA J143114.71+171135.3 21145408    0.0378    0.0000 NED-LVS                                                      0.238 star_forming          3.721 SN IIn  SN 2018ctj   58229.36                                                   58766.24   1534.10 19  0.244    662.25 19  0.157  0.243  0.004  0.151  0.008 58299.01 59028.26 1 58299.01 59394.00 0   9.56   8.16  8.49  5.29  2.538e-13  9.215e-15  2.356e-13  2.009e-14  1.199e-05  8.715e-07  1.163e-05  1.138e-06   2.18  2.459e+42   -99.24  9.535e+49  2.685e-05
J091943.46+405236.6       139.93116  40.87684 14.748 14.357  5630360 J091943.46+405236.6  157051399311422789                                                                                    5630360    0.1777    0.0295 PS1xWISE-STRM                                                                                                                                                                  58946.89    838.75 18  0.399    468.94 18  0.304  0.393  0.003  0.299  0.007 58789.65 59520.81 0 58789.65 59520.81 0  22.30  18.20  3.52  2.90  2.387e-13  1.662e-14  2.270e-13  2.537e-14  6.041e-06  3.955e-07  6.062e-06  5.647e-07   0.02  6.232e+43     0.00  2.512e+51  2.665e-05
J004529.71-140107.8        11.37382 -14.01899 15.385 15.121 28850453 J004529.71-140107.8   91170113737817658    108013701241013575  WISE J004529.71-140107.6                                   28850453    0.1466    0.0278 PS1xWISE-STRM                                                                                                                                                                  57374.48    469.16 19  0.251    334.08 19  0.247  0.238  0.005  0.198  0.009 57014.32 57930.89 1 57014.32 58096.28 1   8.55   7.78  5.14  4.50  1.789e-13  1.331e-14  2.068e-13  1.762e-14  1.020e-05  1.238e-06  1.184e-05  1.962e-06   0.15  3.483e+43     0.00  1.643e+51  2.656e-05
J035924.74-201615.2        59.85308 -20.27092 14.488 14.001  3630942 J035924.74-201615.2   83670598529705159                                                                                    3630942    0.1616    0.0170 PS1xWISE-STRM                                                                                                                                                                  58709.72    483.33 18  0.520    651.25 18  0.451  0.502  0.005  0.458  0.010 58504.69 59076.92 1 58709.72 59076.92 1  19.37   8.81  4.61  7.79  4.107e-13  2.584e-14  4.334e-13  3.807e-14  8.731e-06  8.965e-07  1.074e-05  7.870e-07   0.05  9.202e+43     0.00  2.031e+51  2.654e-05
J081438.96-023324.0       123.66241  -2.55676 15.399 14.903 21894252 J081438.96-023324.0  104931236623942313                                                                                   21894252    0.2209    0.0207 PS1xWISE-STRM                                                                                                                                                                  59151.26   1247.19 18  0.237    462.64 18  0.178  0.234  0.004  0.171  0.006 58942.05 59517.68 0 58942.05 59517.68 0  22.98  20.14  3.44  3.54  3.053e-13  1.721e-14  3.016e-13  2.912e-14  3.199e-06  1.842e-07  3.492e-06  3.236e-07   0.18  1.317e+44     0.00  4.046e+51  2.640e-05
J122139.98+161843.6       185.41664  16.31210 15.500 14.906  9323132 J122139.98+161843.6  127571854166215069                                                                                    9323132    0.2952    0.1000 LSPhotoZZou, wiseScosPhotoz                                                                                                                                                    58471.99   1083.84 18  0.206    316.89 18  0.218  0.189  0.005  0.194  0.012 58107.65 58995.41 1 58266.93 58995.41 1  13.16   9.86  4.08  3.05  2.581e-13  1.377e-14  2.313e-13  3.440e-14  1.192e-05  8.366e-07  1.187e-05  1.567e-06   0.04  2.084e+44     0.00  7.811e+51  2.637e-05
WISEA J232206.62+131135.0 350.52777  13.19310 13.467 13.393                               123833505277272253   3506113601241008652  WISE J232206.66+131135.3  375479 WISEA J232206.62+131135.0 40748437    0.0685           NED-LVS                                                                                                                                                                        59747.02   2898.42 19  1.238   1613.85 19  0.753  1.230  0.005  0.761  0.007 59545.27 59909.39 0 59747.02 59909.39 0  38.10  23.68  4.17  5.51  7.610e-13  2.221e-14  6.134e-13  3.503e-14  0.000e+00  0.000e+00  0.000e+00  0.000e+00   0.09  2.545e+43    -0.00  3.196e+50  2.622e-05
J070540.98+475632.2       106.42082  47.94226 13.976 13.649  6961331 J070540.98+475632.2  165531064208051404   1057148401241001785  WISE J070540.98+475632.3                                    6961331    0.0769    0.0078 PS1xWISE-STRM                                                                                                                                                                  57300.84   1985.00 18  0.813    959.48 18  0.652  0.814  0.004  0.639  0.007 57300.84 57666.48 1 57300.84 57666.48 1  28.31  16.66  4.76  4.85  5.231e-13  1.342e-14  3.857e-13  1.515e-14  3.533e-06  2.965e-07  3.903e-06  3.604e-07   0.06  2.339e+43    -0.00  4.058e+50  2.616e-05
J191354.46+563008.8       288.47677  56.50241 14.417 14.149 25526857 J191354.46+563008.8  175802884768833606   2879156001241038875  WISE J191354.46+563008.9                                   25526857    0.1301    0.0107 PS1xWISE-STRM                                                                                                                                                                  59142.54   2742.72 18  0.555   1801.25 18  0.373  0.548  0.003  0.371  0.005 59142.54 59508.90 0 59142.54 59508.90 0  35.80  42.67  5.72  3.15  4.892e-13  1.055e-14  4.083e-13  1.223e-14  9.835e-06  4.295e-07  1.012e-05  4.846e-07   0.21  6.353e+43     0.00  1.243e+51  2.606e-05
J063510.90+752254.8        98.79535  75.38187 15.605 15.201  9339295 J063510.90+752254.8  198450987954839113                                                                                    9339295    0.2395    0.0230 PS1xWISE-STRM                                                                                                                                                                  57456.29   2684.72 18  0.235   1393.29 18  0.209  0.189  0.004  0.140  0.007 57292.96 59275.74 1 57292.96 59482.62 0  29.88  88.71  3.59  0.80  3.741e-13  8.830e-15  3.314e-13  1.138e-14  1.514e-05  1.503e-06  1.617e-05  2.399e-06   0.12  1.871e+44     0.00  4.771e+51  2.597e-05
J115456.92-273620.1       178.73719 -27.60561 15.203 14.547   777431 J115456.92-273620.1   74871787372343590                                                                                     777431    0.2800    0.1000 wiseScosPhotoz                                                                                                                                                                 58849.94   1514.52 16  0.326    669.60 16  0.357  0.288  0.006  0.317  0.008 58278.60 59009.88 0 58278.60 59009.88 0   9.23   7.46  6.34  6.69  2.915e-13  1.559e-14  2.507e-13  2.205e-14  1.153e-05  7.044e-07  1.027e-05  1.019e-06   0.07  2.078e+44     0.00  6.796e+51  2.591e-05
J041618.25-021253.1        64.07604  -2.21478 14.862 13.682  1737070 J041618.25-021253.1  105340640759802639                                                                                    1737070    0.3417    0.1000 LSPhotoZZou                                                                                                                                                                    58148.85   1314.61 16  0.366    662.93 16  0.591  0.357  0.005  0.578  0.008 57990.29 58721.68 1 57990.29 58877.34 1  32.80  34.93  2.42  1.74  3.593e-13  1.376e-14  3.303e-13  2.220e-14  1.009e-05  7.228e-07  1.155e-05  1.010e-06   0.12  4.089e+44    -0.00  1.071e+52  2.578e-05
J173133.42+155909.1       262.88930  15.98584 15.471 14.804  6952192 J173133.42+155909.1  127182628892833570                                                                                    6952192    0.2523    0.1000 LSPhotoZZou, wiseScosPhotoz                                                                                                                                                    57823.33   1504.07 18  0.228    485.99 18  0.256  0.213  0.004  0.207  0.008 57458.92 58353.98 1 57458.92 58919.17 1  14.41  32.86  4.71  1.32  2.129e-13  8.741e-15  2.360e-13  2.221e-14  1.200e-05  1.153e-06  1.442e-05  1.634e-06   0.02  1.338e+44    -0.00  5.261e+51  2.543e-05
J205318.82+215827.9       313.32845  21.97443 14.811 14.150     1184 J205318.82+215827.9  134363133284639874                                                                                       1184    0.2054    0.0150 PS1xWISE-STRM                                                                                                                                                                  58153.89   2022.92 16  0.411    624.68 16  0.403  0.398  0.005  0.399  0.013 58054.47 58617.62 1 58054.47 58617.62 1  19.56  10.40  6.03  5.17  5.272e-13  1.994e-14  4.584e-13  2.963e-14  1.018e-05  5.212e-07  1.074e-05  9.937e-07   0.08  1.815e+44    82.48  3.294e+51  2.533e-05
J143322.63+084729.3       218.34433   8.79145 15.267 14.747  3892635 J143322.63+084729.3  118552183443090200                                                                                    3892635    0.4197    0.0809 PS1xWISE-STRM                                                                                                                                                                  58484.73    865.37 19  0.249    537.65 19  0.216  0.240  0.004  0.188  0.012 58141.53 58872.59 1 58141.53 59236.83 1   8.65  10.85  7.38  2.54  2.212e-13  1.465e-14  2.178e-13  1.623e-14  9.466e-06  9.368e-07  1.215e-05  1.724e-06   0.09  4.051e+44  -128.24  1.698e+52  2.525e-05
J133534.17+134635.9       203.89231  13.77670 15.299 14.897 24037821 J133534.17+134635.9  124532038923782532                                                                                   24037821    0.3380    0.0137 PS1xWISE-STRM                                                                                                                                                                  58833.59    560.25 19  0.289    220.21 19  0.270  0.277  0.006  0.238  0.010 58491.14 59379.90 0 58491.14 59379.90 0   6.67   8.98  4.42  3.34  1.476e-13  1.117e-14  1.990e-13  2.949e-14  6.445e-06  8.139e-07  8.036e-06  1.354e-06   0.20  1.768e+44    16.31  1.020e+52  2.520e-05
J161829.51+475945.7       244.62300  47.99609 15.485 15.017 13133151 J161829.51+475945.7  165592446229985957                                                                                   13133151    0.4049    0.1034 PS1xWISE-STRM                                                                                                                                                                  57504.98   3016.22 16  0.218   1093.57 16  0.247  0.185  0.003  0.177  0.006 57231.74 58880.84 1 57231.74 58516.55 1  29.02  10.14  2.19  4.86  1.917e-13  5.506e-15  1.939e-13  1.028e-14  1.141e-05  7.662e-07  1.444e-05  1.152e-06   0.13  3.331e+44    60.80  1.535e+52  2.484e-05
J111232.38+194127.1       168.13492  19.69082 15.609 15.319 14906319 J111232.38+194127.1  131621681349099473                                                                                   14906319    0.2161    0.0188 PS1xWISE-STRM                                                                                                                                                                  57887.78    764.42 18  0.200    745.59 18  0.192  0.185  0.004  0.179  0.009 57527.31 58612.42 1 57725.60 58612.42 1  17.98  10.15  3.84  4.55  2.678e-13  2.260e-14  2.572e-13  2.384e-14  1.196e-05  1.031e-06  1.310e-05  1.204e-06   0.03  1.086e+44    -0.00  3.598e+51  2.467e-05
J195455.75+522045.6       298.73229  52.34603 13.895 13.494  3571065 J195455.75+522045.6  170812987323275915   2983153001241002459  WISE J195455.75+522045.7                                    3571065    0.0972    0.0069 PS1xWISE-STRM                                                                                                                                                                  59153.20   1109.80 18  0.852    722.50 18  0.643  0.842  0.003  0.633  0.006 58989.46 59517.27 0 58989.46 59517.27 0  31.31  15.17  6.12  7.06  5.480e-13  2.007e-14  4.286e-13  2.138e-14  1.514e-05  1.040e-06  1.274e-05  9.563e-07   0.03  3.879e+43     0.00  6.243e+50  2.448e-05
J133748.25-090206.1       204.45106  -9.03509 14.297 13.927  8865001 J133748.25-090206.1   97152044510598363   2037009101241016929  WISE J133748.26-090206.1                                    8865001    0.0497    0.0066 PS1xWISE-STRM                                                                                                                                                                  57572.24    423.22 19  0.608   1288.73 19  0.496  0.613  0.006  0.485  0.011 57572.24 57768.04 1 57403.83 57932.57 1  12.27  27.44  5.96  3.14  3.980e-13  2.811e-14  6.017e-13  1.954e-14  5.419e-06  4.145e-07  8.619e-06  4.805e-07   0.13  1.068e+43    -0.00  1.496e+50  2.399e-05
WISEA J030039.70-082053.7  45.16546  -8.34828 13.138 12.995                                97980451654302448    444009101241031573  WISE J030039.70-082053.7  788991 WISEA J030039.70-082053.7 40852246    0.0703    0.0000 NED-LVS                                                      0.035 composite                                                      0.03 N                                       58698.43    495.04 21  1.695    759.98 21  1.077  1.689  0.008  1.068  0.011 58698.43 59222.38 1 58698.43 59222.38 1  13.72  12.49  4.30  4.61  4.184e-13  2.389e-14  4.054e-13  1.987e-14  9.358e-06  1.088e-06  1.153e-05  1.081e-06   0.04  1.499e+43     0.00  3.027e+50  2.357e-05
J081457.20-050229.8       123.73837  -5.04162 14.698 14.185  4243672 J081457.20-050229.8  101951237383780476                                                                                    4243672    0.2124    0.0351 PS1xWISE-STRM                                                                                                                                                                  58683.09    885.42 18  0.437    590.06 18  0.388  0.428  0.005  0.384  0.009 58578.23 59151.98 1 58578.23 59151.98 1   9.42   8.36  6.10  4.98  2.279e-13  1.022e-14  2.366e-13  3.492e-14  2.326e-06  2.035e-07  2.826e-06  3.328e-07   0.08  9.150e+43    86.48  3.296e+51  2.349e-05
J063522.77+375042.5        98.84496  37.84513 15.740 15.109 11697637 J063522.77+375042.5  153410988449094891                                                                                   11697637    0.4655    0.0768 PS1xWISE-STRM                                                                                                                                                                  59279.15   1710.14 18  0.165    524.11 18  0.217  0.159  0.005  0.187  0.009 58547.86 59488.78 0 58757.49 59488.78 0  13.33   6.72  4.88  5.92  2.789e-13  1.134e-14  2.416e-13  1.727e-14  1.086e-05  7.617e-07  8.888e-06  1.130e-06   0.10  6.517e+44     0.00  2.007e+52  2.334e-05
J044504.91-213248.4        71.27028 -21.54666 15.796 15.452 35269262 J044504.91-213248.4   82140712702304248                                                                                   35269262    0.5566    0.1218 PS1xWISE-STRM                                                                                                                                                                  58437.91    723.91 18  0.217    585.78 18  0.227  0.183  0.009  0.160  0.020 58152.43 59089.66 1 58152.43 59455.66 0   8.45   9.45  3.48  2.19  2.393e-13  1.413e-14  2.712e-13  4.156e-14  1.579e-05  2.122e-06  1.806e-05  2.525e-06   0.44  9.734e+44    50.87  3.061e+52  2.320e-05
J045640.17+594341.6        74.16740  59.72824 13.987 13.706    14083 J045640.17+594341.6  179670741674594662                                                                                      14083    0.1529    0.0154 PS1xWISE-STRM                                                                                                                                                                  58817.88    476.62 16  0.800    667.68 16  0.566  0.795  0.005  0.555  0.008 58738.95 59106.09 0 58738.95 59106.09 0  16.83  22.72  4.22  3.00  3.279e-13  3.320e-14  3.428e-13  3.644e-14  8.523e-06  6.882e-07  9.661e-06  8.373e-07   0.09  6.315e+43    68.47  1.569e+51  2.314e-05
J165023.44+290845.0       252.59756  29.14585 15.194 14.757 23756087 J165023.44+290845.0  142972525975945577                                                                                   23756087    0.2078    0.0440 PS1xWISE-STRM                                                                                                                                                                  58904.45   1057.49 18  0.261   1143.14 18  0.223  0.252  0.003  0.219  0.005 58537.65 59431.83 0 58700.31 59431.83 0  19.41  16.54  4.21  4.46  2.161e-13  1.195e-14  2.568e-13  1.596e-14  1.072e-05  7.525e-07  1.333e-05  9.403e-07   0.25  9.324e+43    -0.00  3.072e+51  2.300e-05
J020432.50+241938.8        31.13548  24.32742 15.152 14.738 13805215 J020432.50+241938.8  137190311354573440                                                                                   13805215    0.2171    0.0167 PS1xWISE-STRM                                                                                                                                                                  59220.02   1000.79 19  0.292    642.83 19  0.220  0.287  0.004  0.215  0.006 59060.09 59424.14 0 59060.09 59424.14 0  37.72  20.00  3.07  4.62  3.899e-13  2.176e-14  3.872e-13  1.874e-14  4.551e-06  2.317e-07  4.360e-06  2.694e-07   0.06  1.622e+44     0.00  3.376e+51  2.291e-05
J060832.68+610339.1        92.13618  61.06085 14.980 14.046  5252050 J060832.68+610339.1  181270921361213766                                                                                    5252050    0.2662    0.1000 LSPhotoZZou                                                                                                                       0.10 q                                       59116.13    995.08 18  0.323    893.18 18  0.395  0.321  0.003  0.388  0.006 58907.09 59480.96 0 58751.99 59480.96 0  15.90  22.54  5.61  2.65  2.464e-13  1.453e-14  2.468e-13  1.461e-14  9.557e-06  6.543e-07  1.034e-05  7.248e-07   0.12  1.632e+44     0.00  5.343e+51  2.287e-05
J224300.62-125800.5       340.75263 -12.96679 15.594 14.583  4953448 J224300.62-125800.5   92443407525810317                                                                                    4953448    0.3050    0.1000 LSPhotoZZou                                                                                                                                                                    58633.39   3183.53 18  0.206    755.77 18  0.314  0.200  0.004  0.289  0.009 58429.42 58997.67 1 58429.42 58997.67 1  35.78  10.74  4.39  6.87  5.553e-13  1.343e-14  4.185e-13  1.920e-14  1.040e-05  5.704e-07  9.566e-06  9.588e-07   0.05  5.024e+44    -0.00  7.277e+51  2.281e-05
J162927.33+673122.2       247.36402  67.52296 15.887 15.113 26436127 J162927.33+673122.2  189022473639598348                                                                                   26436127    0.4129    0.0760 PS1xWISE-STRM                                                                                                                                                                  58981.22   5164.28 18  0.149   2072.25 18  0.167  0.144  0.010  0.155  0.005 58615.95 59345.14 1 58615.95 59554.19 0  28.70  22.10  1.23  4.12  3.108e-13  1.365e-14  2.807e-13  1.148e-14  1.016e-05  5.236e-07  1.050e-05  4.766e-07   0.43  5.718e+44  -112.32  1.468e+52  2.268e-05
J021744.74+390101.4        34.43645  39.01697 16.590 15.819 21638764 J021744.74+390101.4  154820344365591028                                                                                   21638764    0.2562    0.0563 PS1xWISE-STRM                                                                            0.440 None    AT 2018ffr   58348.61                                                   58600.02   1598.46 19  0.125    653.52 19  0.214  0.121  0.009  0.221  0.031 58339.58 58863.08 1 58339.58 58863.08 1   9.79   6.41  4.79  2.53  3.695e-13  1.499e-14  3.238e-13  3.958e-14  5.969e-06  4.317e-07  5.284e-06  5.828e-07   0.26  2.324e+44   -82.43  4.833e+51  2.257e-05
J162648.46+045829.1       246.70219   4.97462 16.144 15.392 37329213 J162648.46+045829.1  113962467022119983                                                                                   37329213    0.4343    0.1085 PS1xWISE-STRM                                                                                                                                                                  57346.30    666.61 18  0.186    431.56 18  0.253  0.134  0.005  0.167  0.007 57076.37 59267.38 1 57076.37 58535.98 1   7.84   7.40  5.32  4.90  1.774e-13  8.594e-15  1.739e-13  1.461e-14  1.023e-05  1.442e-06  1.305e-05  1.751e-06   0.22  3.541e+44   -65.69  1.627e+52  2.231e-05
J094602.71-021350.0       146.51131  -2.23063 14.379 13.766 18959671 J094602.71-021350.0  105321465113553704                                                                                   18959671    0.2336    0.0454 PS1xWISE-STRM                                                                                                                                                                  57613.72    979.65 18  0.576    763.91 18  0.561  0.570  0.004  0.555  0.008 57513.38 57873.76 1 57513.38 58237.26 1  12.56  14.33  7.45  4.46  3.226e-13  1.449e-14  3.366e-13  2.385e-14  7.614e-06  4.412e-07  9.465e-06  7.175e-07   0.14  1.608e+44    81.33  3.860e+51  2.221e-05
J020304.64-131830.0        30.76938 -13.30831 16.104 15.086 12173535 J020304.64-131830.0   92030307693230391                                                                                   12173535    0.3826    0.1000 LSPhotoZZou                                                                                                                                                                    57220.19    403.13 19  0.156    423.06 19  0.278  0.129  0.005  0.226  0.009 57033.37 58315.84 1 57033.37 58113.80 1   8.31   7.13  4.53  5.72  1.694e-13  1.527e-14  2.298e-13  2.066e-14  7.606e-06  1.035e-06  1.194e-05  1.555e-06   0.08  3.422e+44     0.00  1.196e+52  2.211e-05
J074841.72+312303.2       117.17364  31.38426 14.972 14.521 32286249 J074841.72+312303.2  145661171736531737                                                                                   32286249    0.2639    0.0307 PS1xWISE-STRM                                                                                                                                                                  58198.25    780.56 17  0.329    477.88 17  0.259  0.330  0.004  0.232  0.008 58043.70 58565.26 1 57837.65 58929.46 1  12.31  16.75  6.13  2.78  2.859e-13  2.030e-14  2.499e-13  2.301e-14  9.284e-06  6.852e-07  9.554e-06  8.918e-07   0.41  1.780e+44    -0.00  5.028e+51  2.195e-05
J234838.48+191545.9       357.16034  19.26280 14.782 14.277 12537388 J234838.48+191545.9  131113571603455890                                                                                   12537388    0.2331    0.0285 PS1xWISE-STRM                                                                            0.187 None    AT 2019nna   58707.48                                                   59026.92   2466.89 19  0.384    543.78 19  0.333  0.393  0.004  0.349  0.007 58823.23 59188.77 1 58823.23 59188.77 1  12.22   8.64  7.71  8.33  3.258e-13  1.668e-14  3.230e-13  2.081e-14  5.477e-06  2.187e-07  4.827e-06  3.507e-07   0.10  1.589e+44    -0.00  3.779e+51  2.186e-05
J232319.41+481345.3       350.83104  48.22925 14.714 14.315 23035071 J232319.41+481345.3  165873508310615768                                                                                   23035071    0.1969    0.0183 PS1xWISE-STRM                                                                                                                                                                  59198.93   1319.15 18  0.432    481.51 18  0.319  0.434  0.004  0.318  0.006 59037.82 59404.95 0 58834.87 59404.95 0  12.29  18.12  7.23  4.23  3.212e-13  1.264e-14  2.935e-13  1.944e-14  4.196e-06  2.046e-07  3.497e-06  2.758e-07   0.09  1.041e+44    -0.00  2.588e+51  2.184e-05
J102032.74+665003.3       155.13657  66.83423 15.667 15.056 12676596 J102032.74+665003.3  188201551366291866                                                                                   12676596    0.3783    0.0425 PS1xWISE-STRM                                                                                                                                                                  58315.10    981.39 17  0.208    535.80 17  0.214  0.166  0.004  0.154  0.007 58054.02 59515.15 0 58054.02 59306.80 1  29.37  10.37  2.01  3.88  2.000e-13  1.309e-14  1.811e-13  1.639e-14  1.135e-05  1.030e-06  1.289e-05  1.418e-06   0.14  2.873e+44   -75.19  1.140e+52  2.165e-05
J112326.54-140323.7       170.86063 -14.05661 14.599 13.948  3733360 J112326.54-140323.7   91131708606712760                                                                                    3733360    0.1870    0.0161 PS1xWISE-STRM                                                                                                                                                                  58915.72    788.33 18  0.484    500.44 18  0.463  0.472  0.006  0.459  0.009 58837.02 59361.56 0 58837.02 59361.56 0  15.05  12.45  4.93  3.77  3.766e-13  1.727e-14  2.873e-13  2.260e-14  7.191e-06  8.659e-07  7.499e-06  7.089e-07   0.09  1.135e+44   -66.30  2.280e+51  2.160e-05
J010148.26-162737.6        15.45109 -16.46041 14.349 14.027 12289313 J010148.26-162737.6   88240154510937883    157016701241024841  WISE J010148.25-162737.5                                   12289313    0.1711    0.0139 PS1xWISE-STRM                                                                                                                                                                  59291.83   1284.49 19  0.580    691.16 19  0.426  0.568  0.006  0.417  0.011 59029.07 59554.56 0 59029.07 59554.56 0  20.90  18.77  5.30  3.29  5.606e-13  1.929e-14  4.377e-13  2.596e-14  1.579e-05  9.047e-07  1.247e-05  8.683e-07   0.10  1.353e+44   -86.36  1.867e+51  2.154e-05
J185649.83+640236.2       284.20749  64.04336 15.092 14.748 20052961 J185649.83+640236.2  184852842075592816                                                                                   20052961    0.2658    0.0204 PS1xWISE-STRM                                                                                                                                                                  57907.62   3040.32 18  0.298   2010.93 18  0.251  0.291  0.002  0.209  0.004 57713.70 58435.99 1 57713.70 59531.64 0  16.56  34.81  7.44  2.48  2.350e-13  7.338e-15  2.242e-13  9.747e-15  7.262e-06  4.886e-07  1.000e-05  6.461e-07   0.16  1.517e+44    -0.00  5.001e+51  2.148e-05
J101944.76-173442.7       154.93651 -17.57856 15.568 14.701  7366837 J101944.76-173442.7   86901549365336081                                                                                    7366837    0.3046    0.0369 PS1xWISE-STRM                                                                                                                                                                  58354.78    853.05 18  0.228    359.49 18  0.290  0.214  0.005  0.262  0.013 58250.62 58981.76 1 58250.62 59187.41 1  10.98  10.09  5.83  2.95  2.587e-13  1.786e-14  2.546e-13  3.696e-14  1.113e-05  1.040e-06  1.123e-05  1.588e-06   0.11  2.264e+44    79.84  6.831e+51  2.146e-05
J083417.14+414410.5       128.57152  41.73625 15.473 15.092 15871033 J083417.14+414410.5  158081285716214162                                                                                   15871033    0.2172    0.0312 PS1xWISE-STRM                                                                                                                                                                  57764.36    856.32 17  0.290    404.49 17  0.287  0.208  0.004  0.195  0.008 57483.39 59509.66 0 57684.43 59145.49 1  12.56   7.40  4.02  4.33  1.970e-13  9.522e-15  1.627e-13  1.333e-14  1.427e-05  1.530e-06  1.348e-05  2.205e-06   0.02  8.045e+43    65.67  3.123e+51  2.117e-05
J102424.75+263844.3       156.10304  26.64545 15.005 14.516 34459898 J102424.75+263844.3  139971561030365110                                                                                   34459898    0.1854    0.0234 PS1xWISE-STRM                                                                                                                                                                  58156.89    595.24 18  0.347    413.97 18  0.277  0.327  0.005  0.238  0.009 57872.38 59173.29 1 57872.38 59331.34 1  12.95   9.78  3.57  3.55  2.112e-13  1.241e-14  2.024e-13  1.462e-14  8.844e-06  1.326e-06  1.175e-05  1.798e-06   0.31  6.268e+43   -66.61  2.182e+51  2.107e-05
J040403.71+794945.5        61.01560  79.82931 14.920 14.388  2512109 J040403.71+794945.5  203790610158605963                                                                                    2512109    0.2292    0.0271 PS1xWISE-STRM                                                                                                                                                                  57279.88   1593.51 18  0.378    552.94 18  0.367  0.356  0.003  0.308  0.006 57085.70 58009.70 1 57085.70 59470.75 0  10.45  27.62  6.74  1.80  2.100e-13  8.113e-15  2.017e-13  1.505e-14  1.244e-05  1.334e-06  1.452e-05  1.875e-06   0.04  9.718e+43     0.00  3.503e+51  2.105e-05
J032803.87+205729.6        52.01615  20.95826 14.358 13.672  4602058 J032803.87+205729.6  133150520161110461    516121201241012052  WISE J032803.87+205729.6                                    4602058    0.1734    0.0182 PS1xWISE-STRM                                                                                                                                                                  58348.15    636.29 18  0.577    738.62 18  0.581  0.556  0.005  0.573  0.011 58140.53 59238.95 1 58348.15 58871.37 1  13.16   7.00  5.68  6.24  3.609e-13  2.900e-14  3.142e-13  2.095e-14  1.127e-05  9.915e-07  1.133e-05  9.681e-07   0.12  8.765e+43    -0.00  1.874e+51  2.097e-05
J150749.91-085128.2       226.95797  -8.85788 14.768 14.581  3172240 J150749.91-085128.2   97372269579780964   2267009101241028661  WISE J150749.92-085128.2                                    3172240    0.1000    0.0183 PS1xWISE-STRM                                                                                                                                                                  57955.45    718.86 18  0.440    823.55 18  0.434  0.385  0.008  0.252  0.011 57789.75 59411.28 0 57789.75 59411.28 0  23.10  26.43  2.75  2.76  4.452e-13  2.214e-14  5.368e-13  3.245e-14  2.098e-05  2.898e-06  3.540e-05  3.956e-06   0.08  3.955e+43     0.00  5.680e+50  2.095e-05
J222857.56+125927.5       337.23983  12.99102 15.067 14.871  8506822 J222857.56+125927.5  123583372398349713                                                                                    8506822    0.1764    0.0166 PS1xWISE-STRM                                                                                                                                                                  57266.09    224.26 18  0.343    298.48 18  0.282  0.328  0.005  0.250  0.009 56995.98 57714.25 1 56995.98 57908.37 1   6.14   6.18  4.60  4.24  1.175e-13  1.642e-14  1.564e-13  1.633e-14  5.700e-06  8.911e-07  8.074e-06  1.101e-06   0.13  4.011e+43    75.57  1.923e+51  2.073e-05
WISEA J152438.12+531458.7 231.15888  53.24964 14.583 14.157   961836 J152438.12+531458.7  171902311587850280   2317153001241030711  WISE J152438.13+531458.6 1530893 WISEA J152438.12+531458.7   961836    0.0851    0.0000 NED-LVS                                                      0.147 star_forming                                                            SDSSJ152438.15+531458.6             57204.21   5652.04 17  0.456   2044.21 17  0.395  0.452  0.002  0.370  0.008 57030.95 57562.99 1 57030.95 58124.11 1  19.15  19.53  8.90  3.09  3.612e-13  7.622e-15  2.956e-13  1.122e-14  1.436e-05  5.133e-07  1.252e-05  6.555e-07   0.04  1.900e+43    -0.00  3.989e+50  2.073e-05
J015526.66+231503.5        28.86114  23.25095 14.027 13.726  7092628 J015526.66+231503.5  135900288611001715    293122701241036874  WISE J015526.66+231503.6                                    7092628    0.1242    0.0136 PS1xWISE-STRM                                                                                                                                                                  57765.17   1108.83 19  0.779    622.25 19  0.561  0.771  0.005  0.565  0.008 57598.21 58125.93 1 57598.21 58125.93 1  12.02  11.83  5.89  4.76  3.385e-13  1.459e-14  2.863e-13  1.818e-14  5.321e-06  2.542e-07  4.754e-06  3.414e-07   0.07  3.970e+43    -0.00  8.934e+50  2.071e-05
J124406.83+472642.4       191.02849  47.44513 15.686 15.096  4401341 J124406.83+472642.4  164931910286044882                                                                                    4401341    0.2848    0.1000 LSPhotoZZou                                                                              0.094 None    AT 2021aeuf  59345.28                                                   58617.27    805.05 18  0.167    550.30 18  0.156  0.156  0.003  0.148  0.006 58617.27 59555.81 0 58617.27 59555.81 0  16.97   7.27  3.87  5.06  1.905e-13  9.871e-15  1.534e-13  1.091e-14  8.621e-06  8.066e-07  8.848e-06  1.077e-06   0.22  1.426e+44     0.00  5.624e+51  2.062e-05
WISEA J170158.44+033111.3 255.49348   3.51981 13.673 13.382                               112222554934924240   2556103001241043338  WISE J170158.44+033111.4 1420751 WISEA J170158.44+033111.3 40571283    0.1192           NED-LVS                                                                                                                                                                        57452.42   2847.10 20  1.000   2823.17 20  0.717  0.998  0.005  0.700  0.009 57264.33 57623.16 1 57264.33 57983.51 1  21.08  21.97  7.65  5.42  6.844e-13  1.402e-14  7.123e-13  1.606e-14  1.313e-05  5.020e-07  1.430e-05  5.232e-07   0.06  7.839e+43    -0.00  7.975e+50  2.020e-05
J095606.06+193256.5       149.02527  19.54904 15.040 14.439   196375 J095606.06+193256.5  131451490252419368                                                                                     196375    0.2617    0.0030 SDSS_spec                                                    0.050 AGN (not liner)       0.067 None    AT 2019cyq   58559.31      0.04 A                                       58803.11   1584.31 16  0.307    639.91 16  0.318  0.300  0.006  0.311  0.009 58596.65 59170.14 0 58803.11 59170.14 0  32.10  17.34  4.58  4.95  7.191e-13  1.089e-13  4.997e-13  6.687e-14  8.888e-06  9.271e-07  6.574e-06  6.368e-07   0.20  3.625e+44   125.04  4.505e+51  2.005e-05
J233049.23+123718.2       352.70514  12.62172 14.658 14.414  7024378 J233049.23+123718.2  123143527050986575   3522112101241031186  WISE J233049.23+123718.3                                    7024378    0.1883    0.0147 PS1xWISE-STRM                                                                                                                                                                  58815.47    687.72 19  0.460    514.20 19  0.326  0.465  0.004  0.324  0.008 58653.21 59020.52 1 58653.21 59546.79 0   9.87  13.83  8.58  4.07  2.916e-13  1.459e-14  2.906e-13  1.793e-14  5.935e-06  5.664e-07  6.964e-06  9.543e-07   0.10  8.845e+43     0.00  2.124e+51  1.980e-05
J121141.67+544656.6       182.92361  54.78238 15.621 15.203  3657165 J121141.67+544656.6  173731829236499524                                                                                    3657165    0.1798    0.0287 PS1xWISE-STRM                                                                                                                                                                  57157.42   1511.97 18  0.210    374.64 18  0.205  0.188  0.003  0.175  0.007 56988.76 58446.64 1 57157.42 58082.07 1  27.31   9.93  3.78  5.62  2.815e-13  7.989e-15  2.488e-13  2.113e-14  8.125e-06  1.050e-06  9.903e-06  1.833e-06   0.07  7.418e+43    -0.00  1.888e+51  1.950e-05
J135036.49+220408.3       207.65198  22.06896 14.871 14.046 18224360 J135036.49+220408.3  134482076520513319                                                                                   18224360    0.2602    0.1000 LSPhotoZZou                                                                                                                                                                    59220.95   2202.84 19  0.347    750.23 19  0.412  0.345  0.004  0.378  0.009 58855.34 59379.70 0 59015.51 59379.70 0  27.37   7.97  3.14  6.35  3.347e-13  9.937e-15  2.858e-13  1.281e-14  8.819e-06  3.626e-07  7.658e-06  5.670e-07   0.06  2.018e+44     0.00  4.317e+51  1.946e-05
J162427.74+372102.7       246.11553  37.35079 15.340 14.854 14021759 J162427.74+372102.7  152822461155591572                                                                                   14021759    0.2906    0.0357 PS1xWISE-STRM                                                                                                                                                                  57430.75   2053.87 18  0.250    899.52 18  0.234  0.239  0.003  0.214  0.005 57241.56 58161.97 1 57241.56 58161.97 1  20.47  10.24  5.09  6.86  2.414e-13  8.848e-15  2.173e-13  1.057e-14  6.825e-06  3.627e-07  7.383e-06  6.548e-07   0.08  1.881e+44     0.00  5.542e+51  1.941e-05
J161122.25+612444.5       242.84287  61.41239 15.533 15.009 15168890 J161122.25+612444.5  181692428428335527                                                                                   15168890    0.2631    0.1000 LSPhotoZZou                                                                                                                                                                    57111.28   1104.03 19  0.245    668.74 19  0.244  0.220  0.003  0.196  0.006 56836.97 58118.85 1 56836.97 58278.82 1   8.46   7.55  6.33  4.84  1.583e-13  9.386e-15  1.436e-13  8.175e-15  9.909e-06  9.673e-07  9.910e-06  1.145e-06   0.13  9.795e+43   -67.94  4.412e+51  1.939e-05
J155343.01+183537.7       238.42925  18.59384 15.035 14.257  7824188 J155343.01+183537.7  130312384292403190                                                                                    7824188    0.2142    0.0030 SDSS_spec                                                    0.074 composite                                                      0.07 Q                                       58889.30   1413.44 18  0.303    850.84 18  0.326  0.271  0.005  0.285  0.011 58686.91 59418.03 0 58889.30 59418.03 0  23.40  14.08  3.89  3.45  3.658e-13  1.601e-14  3.462e-13  1.722e-14  7.301e-06  3.364e-07  8.396e-06  5.412e-07   0.12  1.445e+44     0.00  2.765e+51  1.935e-05
J045308.53+671331.0        73.28554  67.22531 15.580 15.305  2465026 J045308.53+671331.0  188670732856421224                                                                                    2465026    0.2672    0.0631 PS1xWISE-STRM                                                                                                                                                                  58636.98   1099.73 18  0.193    614.61 18  0.184  0.183  0.003  0.156  0.006 58166.86 59471.00 0 58375.39 59471.00 0  30.79   7.93  2.11  6.09  1.690e-13  1.333e-14  1.763e-13  1.152e-14  1.109e-05  9.440e-07  1.220e-05  1.331e-06   0.07  1.142e+44    81.75  4.554e+51  1.933e-05
J085040.09+254753.6       132.66704  25.79826 15.138 14.424  3450805 J085040.09+254753.6  138951326670868455                                                                                    3450805    0.2715    0.1000 LSPhotoZZou                                                                                                                                                                    58867.08    645.23 18  0.296    293.40 18  0.303  0.280  0.004  0.272  0.009 58578.80 59309.98 1 58578.80 59519.61 0   9.27   6.81  5.32  4.09  1.690e-13  1.141e-14  1.663e-13  1.725e-14  5.640e-06  5.020e-07  6.283e-06  7.850e-07   0.05  1.137e+44    61.92  4.697e+51  1.922e-05
J034743.31-145010.4        56.93039 -14.83622 14.234 13.579 18024978 J034743.31-145010.4   90190569303176913    563015201241029858  WISE J034743.30-145010.3                                   18024978    0.1988    0.0160 PS1xWISE-STRM                                                                                                                                                                  58708.16    588.89 18  0.663    396.21 18  0.696  0.621  0.006  0.640  0.010 58503.34 59439.73 0 58503.34 59439.73 0  10.00   7.10  6.63  6.27  3.410e-13  3.035e-14  2.777e-13  2.289e-14  1.061e-05  1.162e-06  1.079e-05  1.276e-06   0.08  1.129e+44     0.00  2.308e+51  1.908e-05
J222115.25+101910.3       335.31370  10.31956 15.389 14.690 26227543 J222115.25+101910.3  120383353136443926                                                                                   26227543    0.2758    0.0220 PS1xWISE-STRM                                                                                                                                                                  57263.48   1217.24 18  0.247    640.72 18  0.303  0.239  0.004  0.291  0.006 57174.48 57905.67 1 57174.48 57711.63 1  22.34  12.98  5.63  6.86  3.960e-13  1.800e-14  3.415e-13  2.711e-14  1.423e-05  8.619e-07  1.268e-05  1.040e-06   0.71  2.558e+44    69.76  4.816e+51  1.901e-05
J100016.16+384044.6       150.06733  38.67911 15.081 14.250  7328623 J100016.16+384044.6  154411500673515588                                                                                    7328623    0.2825    0.1000 LSPhotoZZou                                                                                                                       0.12 q                                       59164.61   1580.50 16  0.311    465.87 16  0.356  0.306  0.006  0.348  0.008 58955.08 59528.66 0 58955.08 59528.66 0  21.94  20.13  2.92  3.35  3.587e-13  1.427e-14  3.390e-13  2.768e-14  1.409e-05  1.080e-06  1.343e-05  1.254e-06   0.10  2.654e+44     0.00  5.084e+51  1.899e-05
J091422.67+552953.0       138.59449  55.49806 14.939 14.860   443021 J091422.67+552953.0  174591385944538452   1386156001241003426  WISE J091422.67+552953.0                                     443021    0.1523    0.0155 PS1xWISE-STRM                                                                                                                                                                  58783.20    280.80 15  0.334    515.06 15  0.211  0.330  0.003  0.201  0.006 58573.49 58938.04 1 58573.49 59147.30 0   9.99  11.80  4.56  4.70  1.255e-13  1.664e-14  2.081e-13  1.902e-14  3.386e-06  4.013e-07  6.468e-06  5.474e-07   0.04  5.785e+43   134.37  1.275e+51  1.896e-05
J110158.25+720811.2       165.49270  72.13645 14.537 14.150  4885186 J110158.25+720811.2  194561654926974551   1654172601241003658  WISE J110158.26+720811.3                                    4885186    0.1302    0.0251 PS1xWISE-STRM                                                                                                                                                                  59148.44   1852.85 17  0.484   1150.49 17  0.388  0.472  0.003  0.378  0.005 58939.09 59513.78 0 58939.09 59513.78 0  20.15  27.98  5.67  3.00  3.051e-13  9.556e-15  2.944e-13  1.289e-14  3.627e-06  1.476e-07  3.737e-06  1.807e-07   0.08  4.059e+43    -0.00  9.000e+50  1.885e-05
J153137.57+312234.0       232.90664  31.37608 14.222 13.753 20135937 J153137.57+312234.0  145652329066371902   2329131801241012775  WISE J153137.58+312234.0                                   20135937    0.1801    0.0400 wiseScosPhotoz                                                                                                                                                                 57865.22    880.28 16  0.685    402.19 16  0.681  0.672  0.008  0.638  0.013 57782.52 58308.35 1 57782.52 58308.35 1   8.05   7.69  5.10  4.66  2.964e-13  1.726e-14  2.920e-13  2.145e-14  5.189e-06  5.975e-07  5.536e-06  7.011e-07   0.06  8.088e+43   -70.08  1.826e+51  1.880e-05
J033922.03-133118.8        54.84183 -13.52198 14.660 14.448 21990699 J033922.03-133118.8   91770548417914000    543013701241015829  WISE J033922.02-133118.7                                   21990699    0.0964    0.0135 PS1xWISE-STRM                                                                                                                                                                  58706.22    232.47 18  0.433    350.11 18  0.296  0.431  0.004  0.294  0.009 58706.22 59230.97 1 58706.22 59072.62 1  12.80   7.37  4.94  7.01  2.502e-13  2.538e-14  2.946e-13  3.465e-14  2.622e-06  4.067e-07  3.689e-06  3.626e-07   0.10  2.007e+43    -0.00  4.685e+50  1.870e-05
J024616.86+480159.5        41.57032  48.03316 14.732 13.949 10811831 J024616.86+480159.5  165640415702610555                                                                                   10811831    0.3692    0.1323 PS1xWISE-STRM                                                                                                                                                                  58506.92   1178.92 18  0.419    548.60 18  0.452  0.409  0.004  0.447  0.008 58347.74 58871.01 1 58347.74 58871.01 1  13.29   7.56  5.49  4.92  2.770e-13  1.145e-14  1.999e-13  1.352e-14  8.371e-06  4.989e-07  7.364e-06  6.839e-07   0.05  4.051e+44     0.00  9.062e+51  1.822e-05
WISEA J004556.38+005225.1  11.48495   0.87366 14.560 14.184  1609932 J004556.38+005225.1  109040114849078868    121101501241004502  WISE J004556.37+005225.3  950452 WISEA J004556.38+005225.1  1609932    0.1248    0.0000 NED-LVS                                                      0.023 low S/N star-forming                                                    SDSSJ004556.39+005225.2             57740.93    749.82 17  0.578    474.52 17  0.559  0.558  0.010  0.509  0.024 57572.60 58101.62 1 57740.93 58101.62 1   5.69   4.38  5.09  3.99  2.473e-13  1.543e-14  2.789e-13  2.352e-14  6.606e-06  6.715e-07  7.486e-06  1.497e-06   0.05  3.319e+43     0.00  7.916e+50  1.817e-05
J114646.32+440248.1       176.69303  44.04668 14.984 14.731  5634267 J114646.32+440248.1  160851766929986686                                                                                    5634267    0.1615    0.0188 PS1xWISE-STRM                                                                                                                                                                  58085.24    553.58 18  0.345    661.40 18  0.275  0.326  0.005  0.246  0.013 57883.14 58816.65 1 57883.14 58974.48 1   8.41  10.60  5.03  3.26  1.891e-13  1.230e-14  2.857e-13  2.393e-14  8.936e-06  1.123e-06  1.602e-05  1.693e-06   0.06  6.265e+43   136.35  1.387e+51  1.814e-05
J160414.68+154436.2       241.06121  15.74341 14.922 14.564  6832501 J160414.68+154436.2  126892410612012632   2410115101241038175  WISE J160414.69+154436.2                                    6832501    0.1350    0.0182 PS1xWISE-STRM                                                                                                                                                                  57338.22    521.38 18  0.367    447.69 18  0.331  0.348  0.006  0.290  0.016 57243.60 57962.86 1 57243.60 57962.86 1  19.40   7.76  4.11  3.11  4.142e-13  1.031e-13  2.593e-13  2.631e-14  1.408e-05  2.301e-06  1.318e-05  1.661e-06   0.10  4.185e+43    83.36  9.292e+50  1.799e-05
J142737.61-111311.0       216.90670 -11.21977 14.728 14.084 10139190 J142737.61-111311.0   94532169068036674                                                                                   10139190    0.2372    0.1000 wiseScosPhotoz                                                                                                                    0.16 q                                       59241.65   1013.52 19  0.364    437.71 19  0.369  0.342  0.005  0.309  0.010 59038.80 59403.03 0 59038.80 59403.03 0  10.80   8.15  6.29  5.55  3.075e-13  1.295e-14  2.934e-13  1.809e-14  4.492e-06  2.369e-07  4.313e-06  3.235e-07   0.04  1.533e+44    -0.00  3.233e+51  1.798e-05
J121843.37+371931.8       184.68068  37.32548 15.378 14.724 14066358 J121843.37+371931.8  152791846806741190                                                                                   14066358    0.3151    0.0709 PS1xWISE-STRM                                                                                                                                                                  59192.11   1581.46 18  0.218    706.89 18  0.217  0.214  0.003  0.217  0.007 58984.85 59557.41 0 59192.11 59557.41 0  31.75  28.39  4.63  3.08  3.954e-13  1.232e-14  3.769e-13  1.746e-14  4.523e-06  1.908e-07  4.241e-06  2.498e-07   0.08  3.771e+44    -0.00  6.118e+51  1.778e-05
J112722.26+442543.2       171.84275  44.42866 15.033 14.046  1124083 J112722.26+442543.2  161311718427955073                                                                                    1124083    0.4250    0.0200 NEDz, NEDz_extcats                                                                                                                0.07 q                                       58239.61    429.10 16  0.397    310.37 16  0.557  0.335  0.006  0.441  0.016 57877.06 59177.23 0 57877.06 59177.23 0   7.44   6.79  5.59  2.96  2.284e-13  1.893e-14  2.142e-13  2.629e-14  1.464e-05  2.057e-06  1.507e-05  2.359e-06   0.08  4.362e+44    -0.00  1.205e+52  1.740e-05
J012545.75+353713.0        21.44069  35.62032 15.361 14.903 10437520 J012545.75+353713.0  150740214406855013                                                                                   10437520    0.2229    0.0220 PS1xWISE-STRM                                                                                                                                                                  58485.42    663.76 19  0.234    444.50 19  0.203  0.229  0.003  0.207  0.006 58325.28 59056.60 1 58325.28 58849.99 1  12.52   8.17  5.08  5.96  1.910e-13  1.048e-14  2.025e-13  2.052e-14  4.296e-06  3.973e-07  5.204e-06  5.728e-07   0.04  8.769e+43    -0.00  2.715e+51  1.737e-05
WISEA J160605.90+204210.2 241.52460  20.70284 12.561 12.340                               132842415246263906   2421121201241006978  WISE J160605.90+204210.2 1075830 WISEA J160605.90+204210.2 41233439    0.0679    0.0000 NED-LVS                                                      0.062 composite                                                                                                   59622.62    851.78 18  2.791   1030.87 18  1.871  2.782  0.007  1.870  0.008 59622.62 59784.93 0 59622.62 59784.93 0  21.81  22.20  5.24  4.68  6.959e-13  2.569e-14  5.473e-13  1.888e-14  0.000e+00  0.000e+00  0.000e+00  0.000e+00   0.11  2.298e+43    -0.00  2.070e+50  1.733e-05
J232613.44-144100.4       351.55600 -14.68343 15.330 14.828  7436519 J232613.44-144100.4   90383515559360131                                                                                    7436519    0.3242    0.0384 PS1xWISE-STRM                                                                                                                                                                  58277.93    808.17 18  0.239    409.14 18  0.218  0.247  0.011  0.232  0.011 58077.09 58437.49 1 58077.09 58437.49 1   9.98   9.32  2.90  4.90  2.778e-13  1.793e-14  3.175e-13  2.345e-14  3.104e-06  2.866e-07  3.337e-06  3.658e-07   0.02  3.181e+44     0.00  6.303e+51  1.715e-05
J225536.48+232823.4       343.90213  23.47317 15.428 15.081 23259562 J225536.48+232823.4  136163439022188465                                                                                   23259562    0.1846    0.0303 PS1xWISE-STRM                                                                            0.445 None    AT 2019mig   58691.58                                                   58812.54    814.28 19  0.251    618.36 19  0.206  0.239  0.005  0.199  0.007 58650.21 59178.07 1 58650.21 59178.07 1  15.92  17.41  4.84  4.13  3.302e-13  1.421e-14  3.104e-13  1.486e-14  4.305e-06  2.907e-07  4.697e-06  4.819e-07   0.18  9.348e+43     0.00  1.741e+51  1.696e-05
WISEA J012724.05-011458.5  21.85012  -1.24965 13.265 13.113                               106500218500950857    211001601241029369  WISE J012724.00-011458.9  156082 WISEA J012724.05-011458.5 40598890    0.0671    0.0000 NED-LVS                                                      0.020 AGN (not liner)                                                0.02 N                                       59488.16    264.87 21  1.604    524.90 21  1.073  1.605  0.010  1.049  0.011 59407.69 59568.63 1 59407.69 59771.83 0   8.63  12.57  6.47  4.67  4.837e-13  3.960e-14  4.397e-13  3.439e-14  0.000e+00  0.000e+00  0.000e+00  0.000e+00   0.07  1.592e+43   -75.42  1.963e+50  1.685e-05
WISEA J062225.47+325824.8  95.60617  32.97359 13.177 12.824                               147560956061598917    953133301241015919  WISE J062225.47+325824.8  605938 WISEA J062225.47+325824.8 40987209    0.0734           NED-LVS                                                                                                                                                                        58024.01    672.63 20  1.655    925.68 20  1.330  1.644  0.009  1.329  0.011 57822.78 58181.30 1 57822.78 58181.30 1  25.81  17.01  3.25  5.25  6.494e-13  4.111e-14  6.107e-13  3.715e-14  0.000e+00  0.000e+00  0.000e+00  0.000e+00   0.04  2.526e+43    -0.00  2.375e+50  1.684e-05
J223151.88+161338.8       337.96618  16.22748 14.979 14.735   572513 J223151.88+161338.8  127473379661843468                                                                                     572513    0.1735    0.0170 PS1xWISE-STRM                                                                                                                                                                  57268.06    624.86 16  0.350    386.39 16  0.288  0.339  0.005  0.248  0.010 57179.15 57910.47 1 57179.15 58077.44 1   9.61   5.93  4.82  4.28  1.903e-13  1.841e-14  1.633e-13  1.321e-14  6.055e-06  6.479e-07  6.002e-06  7.564e-07   0.04  4.624e+43   -75.77  1.488e+51  1.664e-05
J114144.97+015016.6       175.43739   1.83796 15.031 14.529  2727073 J114144.97+015016.6  110201754373835988   1754101501241024503  WISE J114144.97+015016.6                                    2727073    0.1292    0.0200 GLADEv23 (formerly PS1xWISE-STRM)                                                                                                                                              57456.99    735.37 18  0.304    422.62 18  0.248  0.304  0.004  0.246  0.007 57373.74 57737.85 1 57373.74 57737.85 1  14.93  10.13  4.80  4.69  2.620e-13  1.431e-14  2.250e-13  1.465e-14  6.606e-06  4.669e-07  6.291e-06  5.726e-07   0.13  3.351e+43   -73.73  7.743e+50  1.648e-05
J095000.34+280013.3       147.50149  28.00377 15.639 15.182 19568589 J095000.34+280013.3  141601475015125064                                                                                   19568589    0.2939    0.0410 PS1xWISE-STRM                                                                                                                                                                  58225.71   1182.90 18  0.203    725.10 18  0.200  0.195  0.004  0.192  0.008 57703.88 58592.79 1 58070.90 58592.79 1  26.02   9.64  3.55  4.83  3.117e-13  1.399e-14  2.401e-13  1.408e-14  9.827e-06  5.377e-07  8.847e-06  6.849e-07   0.13  2.555e+44    -0.00  4.761e+51  1.625e-05
J050942.99-105353.1        77.42910 -10.89815 14.810 14.190 16651925 J050942.99-105353.1   94920774289942581    769010701241014941  WISE J050942.99-105353.1                                   16651925    0.2234    0.0451 PS1xWISE-STRM                                                                                                                                                                  58813.23   1457.88 18  0.390    504.08 18  0.386  0.387  0.004  0.375  0.007 58734.11 59098.79 1 58734.11 59465.45 0  12.70  18.61  6.16  2.71  2.898e-13  1.006e-14  2.196e-13  1.505e-14  4.554e-06  4.026e-07  4.846e-06  5.684e-07   0.11  1.482e+44   -64.67  2.516e+51  1.602e-05
J175756.84+462030.8       269.48684  46.34187 15.399 15.225  7047396 J175756.84+462030.8  163612694868400887                                                                                    7047396    0.1406    0.0161 PS1xWISE-STRM                                                                                                                                                                  59292.71   1696.46 18  0.210    974.31 18  0.143  0.210  0.002  0.140  0.003 58928.52 59456.61 0 58928.52 59456.61 0  52.22  34.79  2.35  3.44  2.149e-13  9.095e-15  2.444e-13  1.349e-14  5.434e-06  2.692e-07  5.031e-06  3.171e-07   0.08  3.762e+43     0.00  8.999e+50  1.595e-05
J155451.61+753917.8       238.71512  75.65495 15.639 15.081  4121746 J155451.61+753917.8  198782387154046701                                                                                    4121746    0.4460    0.0365 PS1xWISE-STRM                                                                                                                                                                  58029.83   1956.92 17  0.205   1143.81 17  0.243  0.182  0.002  0.157  0.003 57848.89 59148.76 1 57848.89 59514.08 0  14.22  11.34  5.71  5.22  1.535e-13  4.322e-15  1.303e-13  8.505e-15  6.253e-06  7.349e-07  1.064e-05  1.173e-06   0.08  3.263e+44  -125.13  1.235e+52  1.590e-05
J120412.83+615845.4       181.05348  61.97937 15.360 14.711 17315145 J120412.83+615845.4  182371810534476024                                                                                   17315145    0.2434    0.0178 PS1xWISE-STRM                                                                                                                                                                  57869.41    727.87 18  0.262    447.06 18  0.282  0.233  0.003  0.214  0.007 57707.50 59169.66 1 57707.50 59533.84 0  11.36  11.36  5.11  3.36  1.433e-13  7.492e-15  1.662e-13  1.117e-14  8.115e-06  1.250e-06  1.184e-05  1.626e-06   0.11  8.628e+43    -0.00  3.028e+51  1.588e-05
J155654.61-200607.5       239.22741 -20.10205 15.289 14.739 30414350 J155654.61-200607.5   83872392273907921                                                                                   30414350    0.2990    0.0305 PS1xWISE-STRM                                                                                                                                                                  58169.54    316.46 18  0.248    364.45 18  0.228  0.239  0.007  0.210  0.011 57805.38 58696.52 1 57971.92 58900.92 1  18.30  10.66  2.52  3.18  2.779e-13  3.217e-14  2.412e-13  2.015e-14  1.161e-05  1.520e-06  1.094e-05  1.426e-06   0.29  2.303e+44     0.00  4.774e+51  1.566e-05
J173821.59+431329.1       264.58997  43.22474 15.625 15.061  7524092 J173821.59+431329.1  159872645899670320                                                                                    7524092    0.2137    0.0204 PS1xWISE-STRM                                                                                                                                                                  57989.59   1102.40 18  0.210    553.92 18  0.200  0.193  0.002  0.188  0.004 57989.59 59081.28 1 57989.59 58918.00 1  10.43   8.22  7.23  5.92  1.484e-13  7.241e-15  1.289e-13  1.645e-14  5.966e-06  5.231e-07  6.120e-06  6.742e-07   0.06  5.738e+43    -0.00  2.211e+51  1.554e-05
J101142.66-282232.0       152.92778 -28.37553 15.418 14.819  8928295 J101142.66-282232.0   73941529277919683                                                                                    8928295    0.1724    0.0195 PS1xWISE-STRM                                                                                                                                                                  57270.45    360.56 18  0.243    457.32 18  0.243  0.233  0.005  0.236  0.011 57174.22 57893.43 1 57174.22 57730.89 1   9.63   5.92  5.10  5.88  2.248e-13  3.587e-14  2.451e-13  2.172e-14  9.145e-06  1.067e-06  9.932e-06  1.157e-06   0.09  5.881e+43    82.08  1.358e+51  1.540e-05
J113651.45-022019.0       174.21443  -2.33862 15.005 13.935 10613442 J113651.45-022019.0  105191742144464088                                                                                   10613442    0.3242    0.0100 NEDz, NEDz_extcats                                                                                                                0.26 Q                                       57012.12    807.57 18  0.311    454.93 18  0.450  0.299  0.007  0.436  0.012 56823.09 57540.60 1 56823.09 57374.12 1  12.03   9.00  4.93  3.62  3.641e-13  1.653e-14  2.638e-13  1.698e-14  7.121e-06  5.937e-07  5.637e-06  7.580e-07   0.05  3.919e+44     0.00  5.652e+51  1.538e-05
J172439.42+400117.3       261.16424  40.02150 15.478 14.793  8896791 J172439.42+400117.3  156022611642606427                                                                                    8896791    0.3478    0.0344 PS1xWISE-STRM                                                                                                                                                                  57624.13   1667.35 18  0.220    759.54 18  0.226  0.200  0.003  0.209  0.005 57453.49 58712.24 1 57453.49 58182.15 1  16.42   9.39  5.67  6.96  2.166e-13  8.654e-15  2.110e-13  1.363e-14  8.745e-06  5.996e-07  9.973e-06  9.540e-07   0.06  2.623e+44     0.00  6.555e+51  1.514e-05
J164420.92+734048.7       251.08739  73.68029 15.325 14.866 25250161 J164420.92+734048.7  196412510871367209                                                                                   25250161    0.2041    0.0319 PS1xWISE-STRM                                                                                                                                                                  59226.93   1775.18 17  0.246   1775.04 17  0.192  0.242  0.002  0.196  0.003 58939.70 59513.55 0 59148.30 59513.55 0  32.58  19.62  4.08  6.07  2.233e-13  8.204e-15  2.359e-13  8.046e-15  2.953e-06  1.084e-07  3.149e-06  1.328e-07   0.18  8.284e+43    65.30  1.892e+51  1.474e-05
J033109.30+004126.9        52.78871   0.69086 15.111 14.374 15713313 J033109.30+004126.9  108820527886889428                                                                                   15713313    0.4118    0.0200 NEDz, NEDz_extcats, GLADEv23                                                                                                                                                   57696.09    754.10 18  0.276    599.58 18  0.322  0.260  0.007  0.308  0.016 57613.06 58137.29 1 57613.06 58137.29 1   7.46   6.84  6.40  4.00  3.143e-13  5.802e-14  2.872e-13  1.984e-14  9.259e-06  8.365e-07  7.887e-06  9.077e-07   0.15  5.521e+44    58.81  9.267e+51  1.441e-05
J162554.86+613120.3       246.47872  61.52232 15.717 15.254 12233361 J162554.86+613120.3  181822464787237522                                                                                   12233361    0.3042    0.0325 PS1xWISE-STRM                                                                                                                                                                  57203.19    776.92 16  0.190    237.81 16  0.189  0.177  0.003  0.168  0.005 56843.92 57922.61 1 56843.92 57758.30 1  16.51  10.73  4.38  4.66  1.753e-13  1.110e-14  1.514e-13  2.451e-14  9.163e-06  8.071e-07  8.080e-06  1.316e-06   0.06  1.276e+44  -132.84  4.489e+51  1.415e-05
J143030.66+212339.7       217.62775  21.39435 15.132 14.481  6922920 J143030.66+212339.7  133672176278043798                                                                                    6922920    0.3149    0.0537 PS1xWISE-STRM                                                                                                                                                                  58946.17   1346.11 19  0.297    745.11 19  0.303  0.300  0.003  0.311  0.006 58661.25 59231.52 1 58866.28 59392.42 0  10.33   7.80  7.68  7.20  2.410e-13  9.758e-15  2.224e-13  1.557e-14  6.266e-06  3.860e-07  6.497e-06  4.697e-07   0.07  2.253e+44   -60.76  4.823e+51  1.403e-05
J075501.95+262830.2       118.75834  26.47471 15.038 14.196 40046489 J075501.95+262830.2  139771187583310222                                                                                   40046489    0.3014    0.1000 LSPhotoZZou                                                                                                                       1.45 q                                       58852.99    530.20 17  0.337    582.56 17  0.320  0.317  0.004  0.309  0.008 58567.36 59505.51 0 58567.36 59298.79 1   9.95   6.81  6.15  6.79  2.310e-13  3.529e-14  2.423e-13  1.602e-14  1.268e-05  1.384e-06  1.144e-05  1.252e-06   0.95  2.058e+44    60.42  4.340e+51  1.397e-05
WISEA J164312.30+323745.4 250.80126  32.62929 14.014 13.284  3667142 J164312.30+323745.4  147152508012695760   2501133301241000071  WISE J164312.31+323745.4 1501024 WISEA J164312.30+323745.4  3667142    0.1963    0.0000 NED-LVS                                                      0.104 AGN (not liner)                                                0.08 Q                                       58169.96   1354.71 16  0.754    469.08 16  0.800  0.749  0.004  0.776  0.006 58169.96 58697.02 1 58169.96 58697.02 1  13.11  11.58  6.80  4.49  2.852e-13  1.119e-14  2.102e-13  1.379e-14  2.536e-06  1.606e-07  2.597e-06  2.583e-07   0.03  9.666e+43    -0.00  1.642e+51  1.397e-05
J182405.57+430833.8       276.02326  43.14279 14.764 14.093 14089197 J182405.57+430833.8  159772760232822009                                                                                   14089197    0.2306    0.1000 LSPhotoZZou, wiseScosPhotoz                                                                                                                                                    57844.07    953.47 18  0.387    529.67 18  0.388  0.380  0.002  0.381  0.005 57844.07 58372.89 1 57844.07 58372.89 1  15.85  13.78  5.82  3.70  1.844e-13  8.368e-15  1.622e-13  1.065e-14  2.117e-06  1.734e-07  2.134e-06  2.183e-07   0.13  8.459e+43    -0.00  2.342e+51  1.388e-05
J110442.19+371948.0       166.17600  37.33031 15.739 15.234 38258282 J110442.19+371948.0  152791661759776983                                                                                   38258282    0.2964    0.0767 PS1xWISE-STRM                                                                                                                                                                  56988.02   1588.21 18  0.189    410.58 18  0.195  0.176  0.004  0.189  0.006 56988.02 58081.28 1 56988.02 57349.93 1  26.05   8.50  3.19  5.86  2.764e-13  8.475e-15  1.879e-13  1.319e-14  6.755e-06  4.857e-07  5.786e-06  6.643e-07   0.72  2.611e+44     0.00  4.057e+51  1.358e-05
J124459.08+051904.8       191.24614   5.31798 15.269 14.777 14942164 J124459.08+051904.8  114381912461362046                                                                                   14942164    0.2623    0.1000 LSPhotoZZou, wiseScosPhotoz                                                                                                                                                    57834.18    369.87 18  0.285    238.56 18  0.259  0.247  0.005  0.218  0.008 57752.33 59371.84 0 57752.33 58640.61 1  15.84   5.52  2.58  5.29  1.781e-13  1.235e-14  1.547e-13  1.784e-14  5.985e-06  1.173e-06  7.232e-06  1.697e-06   0.18  1.150e+44   -64.84  3.037e+51  1.345e-05
J092843.73+302315.8       142.18222  30.38767 15.166 14.873 19197718 J092843.73+302315.8  144461421823185858   1426130201241019432  WISE J092843.73+302315.9                                   19197718    0.1407    0.0263 PS1xWISE-STRM                                                                                                                                                                  59237.45   1652.05 18  0.276    712.75 18  0.199  0.270  0.004  0.193  0.007 59158.74 59525.73 0 59158.74 59525.73 0  36.66  26.41  3.78  2.99  4.367e-13  3.684e-14  3.730e-13  2.258e-14  0.000e+00  0.000e+00  0.000e+00  0.000e+00   0.09  5.901e+43    69.01  7.561e+50  1.339e-05
J044605.52-273544.5        71.52316 -27.59579 15.690 15.223 28057445 J044605.52-273544.5   74880715231775392                                                                                   28057445    0.3141    0.0391 PS1xWISE-STRM                                                                                                                                                                  57068.16    345.15 16  0.195    262.87 16  0.223  0.188  0.005  0.179  0.013 56899.89 57428.69 1 56899.89 57794.25 1   5.76   6.66  4.69  2.89  1.271e-13  1.103e-14  1.616e-13  1.617e-14  4.828e-06  6.061e-07  6.407e-06  9.599e-07   0.04  1.504e+44     0.00  4.572e+51  1.339e-05
J051339.89-085342.0        78.41632  -8.89508 15.350 15.045 24362767 J051339.89-085342.0   97320784162976357                                                                                   24362767    0.1759    0.0335 PS1xWISE-STRM                                                                                                                                                                  58893.34    556.41 16  0.220    331.91 16  0.163  0.222  0.004  0.169  0.008 58893.34 59466.76 0 58893.34 59257.57 1  11.67   6.46  4.98  6.01  2.301e-13  1.444e-14  2.044e-13  1.926e-14  4.801e-06  3.956e-07  5.474e-06  7.363e-07   0.16  5.776e+43     0.00  1.230e+51  1.335e-05
J151234.48+434515.6       228.14346  43.75434 14.896 14.453 30310366 J151234.48+434515.6  160502281434845841                                                                                   30310366    0.2558    0.1000 LSPhotoZZou, wiseScosPhotoz                                                                                                                                                    56946.22   1428.54 19  0.351    696.82 19  0.290  0.343  0.003  0.276  0.006 56853.10 57402.60 1 56853.10 57570.80 1  16.62  14.09  5.75  4.04  2.399e-13  9.447e-15  2.052e-13  1.290e-14  3.397e-06  3.248e-07  3.477e-06  5.133e-07   0.18  1.417e+44   -74.15  2.817e+51  1.320e-05
J224144.62+392446.2       340.43601  39.41281 15.008 14.633 14150604 J224144.62+392446.2  155293404360096217   3406139301241026229  WISE J224144.62+392446.4                                   14150604    0.1703    0.0382 PS1xWISE-STRM                                                                                                                                                                  59022.90   1363.39 19  0.330    573.49 19  0.204  0.325  0.007  0.260  0.065 59022.90 59549.27 0 59022.90 59185.07 1  31.83   4.22  2.39  2.09  4.586e-13  3.187e-14  3.767e-13  5.011e-14  5.592e-06  3.113e-07  4.919e-06  7.145e-07   0.06  1.075e+44     0.00  1.129e+51  1.314e-05
J051402.22-122325.8        78.50933 -12.39057 15.743 15.447 18803968 J051402.22-122325.8   93130785093031616                                                                                   18803968    0.1546    0.0227 PS1xWISE-STRM                                                                                                                                                                  58734.89   1988.27 18  0.168    430.11 18  0.214  0.159  0.006  0.169  0.021 58527.81 59466.21 0 58527.81 59466.21 0  25.27  11.51  3.11  2.39  4.102e-13  2.437e-14  3.688e-13  3.543e-14  2.177e-05  1.591e-06  1.923e-05  3.236e-06   0.14  7.763e+43    -0.00  9.090e+50  1.310e-05
J152748.09-272008.9       231.95004 -27.33581 15.838 15.492 37620244 J152748.09-272008.9   75192319500767390                                                                                   37620244    0.3121    0.0337 PS1xWISE-STRM                                                                                                                                                                  59260.56    320.81 18  0.156    263.63 18  0.198  0.151  0.009  0.183  0.017 58895.05 59423.30 0 59056.10 59423.30 0   9.99   7.88  2.55  2.78  1.929e-13  3.743e-14  2.391e-13  2.318e-14  5.377e-06  8.412e-07  6.051e-06  7.175e-07   0.74  2.189e+44    -0.00  4.310e+51  1.280e-05
J110456.49+532026.3       166.23536  53.34065 15.931 15.269  1692712 J110456.49+532026.3  172001662354769490                                                                                    1692712    0.2650    0.0172 PS1xWISE-STRM                                                                                                                                                                  57341.59    489.90 16  0.153    402.53 16  0.186  0.144  0.003  0.168  0.006 57147.73 57867.18 1 57341.59 57867.18 1  17.14   9.67  4.17  6.00  2.137e-13  2.210e-14  2.280e-13  3.090e-14  4.853e-06  4.641e-07  5.889e-06  5.977e-07   0.12  1.458e+44     0.00  2.948e+51  1.275e-05
J000716.92-224554.4         1.82054 -22.76512 14.736 14.513  4966400 J000716.92-224554.4   80680018204942229     16022801241017320  WISE J000716.92-224554.3                                    4966400    0.1623    0.0204 PS1xWISE-STRM                                                                                                                                                                  58809.87    288.63 18  0.409    193.24 18  0.301  0.409  0.004  0.285  0.015 58809.87 59174.05 1 58809.87 59541.18 0   6.46   8.52  5.93  2.20  1.486e-13  1.260e-14  1.845e-13  2.242e-14  1.344e-06  1.957e-07  2.035e-06  3.278e-07   0.08  3.875e+43    -0.00  9.820e+50  1.271e-05
WISEA J111628.80-015725.1 169.12000  -1.95699 14.650 14.096   669846 J111628.80-015725.1  105651691200742028   1694001601241009340  WISE J111628.80-015725.0  264908 WISEA J111628.80-015725.1   669846    0.1338    0.0003 NED-LVS                                                                                                                                                                        58101.02    465.20 17  0.446    183.28 17  0.401  0.415  0.012  0.377  0.014 57896.58 58257.06 1 57896.58 58257.06 1   5.91   5.21  3.49  4.04  2.123e-13  1.509e-14  1.901e-13  2.149e-14  5.007e-06  5.028e-07  4.910e-06  6.986e-07   0.02  2.932e+43     0.00  6.441e+50  1.271e-05
J053942.37+143345.5        84.92653  14.56265 15.119 13.902  2737945 J053942.37+143345.5  125470849265295792                                                                                    2737945    2.6900    0.0200 NEDz, NEDz_extcats                                                                                                                0.39 QRX                                     59268.63   1073.97 18  0.265    858.87 18  0.460  0.199  0.010  0.406  0.030 58901.09 59474.86 0 59268.63 59474.86 0  10.75   8.81 10.11  5.62  9.710e-13  4.946e-14  9.847e-13  7.619e-14  7.424e-06  5.207e-07  7.217e-06  7.283e-07   0.20  1.727e+47     0.00  7.905e+53  1.269e-05
J233238.63+774426.2       353.16105  77.74061 14.788 14.092  2832048 J233238.63+774426.2  201283531610019502                                                                                    2832048    0.2644    0.1000 wiseScosPhotoz                                                                                                                                                                 58718.99   1694.59 18  0.371   1213.18 18  0.393  0.364  0.003  0.379  0.005 58511.73 59084.11 1 58511.73 59242.85 1  17.49  13.86  5.69  5.28  2.499e-13  8.224e-15  2.361e-13  8.807e-15  9.487e-06  4.969e-07  9.074e-06  5.978e-07   0.03  1.589e+44     0.00  2.896e+51  1.259e-05
J092459.65+504351.3       141.24857  50.73091 15.113 14.780  6249589 J092459.65+504351.3  168871412485667776   1416149901241039326  WISE J092459.66+504351.3                                    6249589    0.1536    0.0278 PS1xWISE-STRM                                                                                                                                                                  59150.92    532.39 18  0.304    351.77 18  0.208  0.300  0.004  0.202  0.006 58942.74 59517.31 0 58942.74 59517.31 0  12.76  14.06  4.70  3.94  1.900e-13  1.415e-14  2.205e-13  1.863e-14  2.232e-06  2.169e-07  2.760e-06  2.385e-07   0.10  4.108e+43     0.00  8.609e+50  1.258e-05
J202209.55-162103.8       305.53951 -16.35109 15.152 14.798 36795388 J202209.55-162103.8   88373055394999117                                                                                   36795388    0.2014    0.0683 PS1xWISE-STRM                                                                                                                                                                  58496.41    342.06 18  0.288    246.03 18  0.215  0.283  0.005  0.195  0.010 58232.13 58963.70 1 58396.43 59491.84 0   6.47   7.79  6.07  3.47  1.644e-13  1.322e-14  1.812e-13  2.061e-14  5.897e-06  1.290e-06  8.078e-06  1.613e-06   0.58  5.943e+43   -83.22  1.541e+51  1.238e-05
J205602.50-205843.6       314.01047 -20.97894 15.878 15.451 29163637 J205602.50-205843.6   82823140104295647                                                                                   29163637    0.2223    0.0287 PS1xWISE-STRM                                                                                                                                                                  57322.22    504.09 18  0.172    208.70 18  0.197  0.163  0.005  0.202  0.018 56963.30 57681.35 1 57322.22 57681.35 1  11.54   5.46  3.61  3.09  1.994e-13  1.136e-14  1.987e-13  2.911e-14  7.898e-06  8.472e-07  7.243e-06  1.469e-06   0.13  8.764e+43     0.00  1.921e+51  1.237e-05
J144522.57+374432.3       221.34407  37.74232 14.509 14.167   435301 J144522.57+374432.3  153292213440781419   2216137801241024229  WISE J144522.58+374432.4                                     435301    0.1537    0.0192 PS1xWISE-STRM                                                                                                                                                                  57928.97    692.07 17  0.515    399.63 17  0.421  0.507  0.004  0.413  0.006 57928.97 58290.20 1 57928.97 58495.61 1  11.90   9.83  4.86  5.06  1.933e-13  9.379e-15  2.021e-13  2.050e-14  4.267e-06  3.150e-07  5.144e-06  4.700e-07   0.02  3.856e+43     0.00  8.412e+50  1.227e-05
J083422.88+173058.6       128.59531  17.51626 14.952 14.499 18438499 J083422.88+173058.6  129021285953490067                                                                                   18438499    0.3483    0.0373 PS1xWISE-STRM                                                                                                                                                                  57590.29    453.91 18  0.325    312.46 18  0.299  0.324  0.005  0.286  0.010 57489.06 57852.62 1 57489.06 58055.75 1   9.46   7.79  5.25  4.11  2.048e-13  1.396e-14  2.153e-13  3.114e-14  1.647e-06  1.887e-07  2.154e-06  3.204e-07   0.06  2.594e+44    75.08  5.225e+51  1.203e-05
J130115.34-261207.5       195.31394 -26.20208 15.513 14.677  1656591 J130115.34-261207.5   76551953139487808                                                                                    1656591    0.2954    0.0333 PS1xWISE-STRM                                                                                                                                                                  58760.83   1181.87 17  0.186    165.99 17  0.226  0.183  0.006  0.229  0.010 58497.90 59022.98 0 58658.83 59022.98 0  23.72   8.82  2.87  4.95  3.398e-13  1.536e-14  2.709e-13  3.765e-14  8.786e-06  6.063e-07  7.879e-06  1.206e-06   0.11  2.828e+44   -78.74  3.502e+51  1.181e-05
J093057.05+481717.6       142.73785  48.28816 15.619 15.143 25179042 J093057.05+481717.6  165941427378876435                                                                                   25179042    0.2801    0.0590 PS1xWISE-STRM                                                                                                                                                                  58788.73   1162.57 18  0.198    406.06 18  0.181  0.191  0.003  0.157  0.007 58579.15 59310.36 1 58422.98 59520.15 0   9.41   6.74  5.54  6.53  1.578e-13  9.789e-15  1.928e-13  2.599e-14  8.835e-06  5.949e-07  9.957e-06  1.330e-06   0.22  1.375e+44     0.00  3.093e+51  1.178e-05
J213020.54-053936.3       322.58560  -5.66012 14.475 13.972  3543427 J213020.54-053936.3  101203225855788315   3220006101241031376  WISE J213020.54-053936.3                                    3543427    0.1932    0.0400 wiseScosPhotoz                                                                                                                    2.32 X                                       57333.48    307.57 18  0.535    217.58 18  0.504  0.517  0.005  0.474  0.011 57157.48 57692.60 1 57157.48 58053.22 1   7.23   7.82  7.23  4.22  2.302e-13  2.190e-14  2.330e-13  2.449e-14  6.827e-06  8.800e-07  7.539e-06  1.057e-06   0.02  7.454e+43     0.00  1.331e+51  1.173e-05
J182002.59+321108.9       275.01075  32.18579 14.783 14.486 11294227 J182002.59+321108.9  146622750107293535                                                                                   11294227    0.1284    0.0238 PS1xWISE-STRM                                                                                                                                                                  58008.57    369.74 18  0.387    405.80 18  0.308  0.380  0.004  0.298  0.005 57840.87 58734.41 1 57840.87 58369.22 1  16.76   8.73  2.91  6.79  1.623e-13  2.319e-14  1.938e-13  1.629e-14  4.105e-06  4.867e-07  4.216e-06  4.189e-07   0.05  2.440e+43    -0.00  5.413e+50  1.169e-05
J162343.77+321006.6       245.93236  32.16850 15.119 14.557  6419099 J162343.77+321006.6  146602459323822809   2452131801241032180  WISE J162343.78+321006.6                                    6419099    0.2329    0.0234 PS1xWISE-STRM                                                                                                                                                                  58690.75    977.05 18  0.280    452.89 18  0.251  0.270  0.003  0.239  0.005 58528.29 59055.36 1 58528.29 59055.36 1  13.91   8.64  5.99  6.38  1.921e-13  1.098e-14  1.759e-13  1.918e-14  5.206e-06  3.116e-07  4.699e-06  4.605e-07   0.07  9.073e+43     0.00  1.994e+51  1.156e-05
J105515.41+694802.1       163.81424  69.80053 15.967 15.666 16875726 J105515.41+694802.1  191761638141951399                                                                                   16875726    0.1708    0.0400 wiseScosPhotoz                                                                                                                                                                 58942.27   2674.59 18  0.136    585.95 18  0.183  0.131  0.003  0.160  0.011 58786.18 59516.13 0 58786.18 59516.13 0  28.09   8.80  3.51  3.73  2.669e-13  7.345e-15  2.288e-13  3.482e-14  8.404e-06  4.361e-07  8.103e-06  8.646e-07   0.15  4.142e+43   177.81  9.460e+50  1.094e-05
J210155.09+130347.9       315.47955  13.06330 14.428 13.746   823358 J210155.09+130347.9  123673154795366457                                                                                     823358    0.2542    0.0168 PS1xWISE-STRM                                                                                                                                                                  58698.35    287.20 16  0.541    276.75 16  0.583  0.538  0.004  0.568  0.008 58616.39 59144.95 0 58616.39 59144.95 0   9.45  11.33  5.54  3.57  2.045e-13  2.187e-14  1.989e-13  1.801e-14  7.293e-06  9.982e-07  7.309e-06  1.276e-06   0.04  1.170e+44    65.35  2.291e+51  1.089e-05
J090711.41+051051.7       136.79758   5.18099 15.190 14.805 13149217 J090711.41+051051.7  114211367975797650   1367104501241034219  WISE J090711.42+051051.6                                   13149217    0.1402    0.0286 PS1xWISE-STRM                                                                                                                                                                  57502.41   1153.43 18  0.297    495.86 18  0.238  0.289  0.005  0.252  0.011 57502.41 58065.64 1 57502.41 57862.78 1   8.20   6.56  7.22  5.63  2.652e-13  1.251e-14  2.613e-13  2.040e-14  7.502e-06  4.238e-07  7.384e-06  7.651e-07   0.08  4.179e+43     0.00  6.057e+50  1.081e-05
J070134.05+775148.5       105.39206  77.86353 15.023 14.601 13683845 J070134.05+775148.5  201431053924496990                                                                                   13683845    0.2216    0.0320 PS1xWISE-STRM                                                                                                                                                                  57098.96    486.80 16  0.316    288.59 16  0.300  0.300  0.004  0.237  0.006 56931.57 58024.68 1 56931.57 58546.33 1  14.93  11.33  3.33  3.61  1.715e-13  1.288e-14  1.727e-13  1.539e-14  6.875e-06  1.076e-06  8.842e-06  1.507e-06   0.11  7.524e+43    -0.00  1.666e+51  1.080e-05
J000416.15+461517.6         1.06720  46.25499 15.597 14.431 27070758 J000416.15+461517.6  163500010671826651                                                                                   27070758    1.8100    0.0200 NEDz, NEDz_extcats                                                                                                                0.15 QR                                      58114.05   1010.94 19  0.161    778.80 19  0.266  0.162  0.016  0.271  0.014 58114.05 58679.75 1 58114.05 58679.75 1   7.09   9.62  5.43  6.68  5.340e-13  2.802e-14  6.007e-13  3.379e-14  9.515e-06  7.673e-07  1.079e-05  7.864e-07   0.17  3.902e+46     0.00  2.495e+53  1.049e-05
J112200.67+484319.6       170.50295  48.72205 15.378 14.862 26406873 J112200.67+484319.6  166461705028897178   1709148401241025566  WISE J112200.67+484319.5                                   26406873    0.1727    0.0339 PS1xWISE-STRM                                                                                                                                                                  58964.55    383.40 18  0.238    215.00 18  0.198  0.236  0.006  0.198  0.008 58808.44 59173.78 1 58808.44 59173.78 1  10.73   6.64  3.05  4.72  1.643e-13  1.205e-14  1.548e-13  1.825e-14  0.000e+00  0.000e+00  0.000e+00  0.000e+00   0.09  4.016e+43     0.00  9.077e+50  1.025e-05
J231414.57+310340.5       348.56078  31.06124 14.559 13.830  8479615 J231414.57+310340.5  145273485607724080   3494131801241007147  WISE J231414.58+310340.5                                    8479615    0.2516    0.0197 PS1xWISE-STRM                                                                                                                                                                  57562.43    349.36 17  0.477    265.88 17  0.558  0.475  0.006  0.526  0.012 57562.43 57929.72 1 57562.43 58094.79 1   8.34   6.25  3.30  3.43  1.458e-13  1.154e-14  1.696e-13  1.558e-14  3.552e-06  4.011e-07  4.648e-06  5.627e-07   0.11  9.490e+43     0.00  2.105e+51  1.024e-05
J183513.40+644302.2       278.80587  64.71726 14.822 14.447  7198231 J183513.40+644302.2  185662788058761409                                                                                    7198231    0.2276    0.0227 PS1xWISE-STRM                                                                                                                                                                  58794.54   1020.90 18  0.378   1236.71 18  0.294  0.378  0.002  0.300  0.004 58794.54 59160.05 1 58794.54 59160.05 1  14.07   9.44  5.46  7.17  1.360e-13  5.548e-15  1.664e-13  6.570e-15  2.294e-06  1.355e-07  2.823e-06  1.829e-07   0.05  7.408e+43     0.00  1.662e+51  1.015e-05
J155246.47+283504.9       238.19406  28.58474 16.098 15.491 39556468 J155246.47+283504.9  142302381942012407                                                                                   39556468    0.4470    0.0928 PS1xWISE-STRM                                                                                                                                                                  57058.75    430.86 16  0.168    162.83 16  0.217  0.149  0.006  0.180  0.012 56877.39 57789.55 1 57058.75 57955.51 1   9.27   5.69  3.51  3.16  1.657e-13  1.088e-14  1.366e-13  1.725e-14  6.852e-06  1.153e-06  5.996e-06  1.181e-06   0.53  3.530e+44    -0.00  7.910e+51  1.013e-05
J035800.50+213039.3        59.50199  21.51065 14.806 14.616 37495171 J035800.50+213039.3  133810595020313434                                                                                   37495171    0.2244    0.1000 wiseScosPhotoz                                                                                                                                                                 57259.24    390.99 18  0.384    232.22 18  0.292  0.379  0.004  0.282  0.007 57065.81 57424.93 1 57065.81 57623.21 1  10.33   7.97  4.42  4.68  1.733e-13  1.093e-14  1.732e-13  2.067e-14  4.278e-06  4.201e-07  4.394e-06  5.346e-07   0.16  7.788e+43     0.00  1.601e+51  1.010e-05
J173458.17+545546.1       263.74300  54.92963 15.949 15.675 39478000 J173458.17+545546.1  173912637431186217                                                                                   39478000    0.5141    0.0401 PS1xWISE-STRM                                                                                                                                                                  57449.57   2499.36 18  0.162    839.18 18  0.177  0.144  0.002  0.145  0.007 57263.10 58709.92 1 57263.10 58910.82 1  14.24   5.45  5.94  5.26  1.575e-13  5.073e-15  1.236e-13  8.989e-15  9.125e-06  7.568e-07  8.303e-06  1.090e-06   0.53  4.760e+44    -0.00  1.086e+52  9.963e-06
J001742.24-091043.1         4.42598  -9.17858 16.061 15.483 20279531 J001742.24-091043.1   96980044259466105                                                                                   20279531    0.2126    0.0397 PS1xWISE-STRM                                                                                                                                                                  57369.59   1099.10 19  0.148    402.31 19  0.240  0.133  0.007  0.208  0.016 57195.47 58092.34 1 57195.47 57729.24 1  13.79   6.00  3.87  3.97  3.205e-13  1.572e-14  2.506e-13  2.023e-14  1.167e-05  7.480e-07  8.897e-06  1.020e-06   0.08  1.251e+44     0.00  1.397e+51  9.932e-06
J234945.85+355118.7       357.44094  35.85512 14.313 13.830 26737053 J234945.85+355118.7  151023574408896777                                                                                   26737053    0.1635    0.0224 PS1xWISE-STRM                                                                                                                                                                  59196.29    202.19 19  0.587    281.97 19  0.484  0.580  0.003  0.484  0.008 59196.29 59560.33 0 59196.29 59560.33 0  10.51   8.30  5.32  4.51  1.703e-13  1.654e-14  1.914e-13  1.471e-14  2.108e-06  2.639e-07  2.582e-06  3.696e-07   0.17  4.103e+43     0.00  7.788e+50  9.928e-06
J234642.93+335134.2       356.67894  33.85952 14.544 14.211 11211456 J234642.93+335134.2  148633566789032020   3563133301241035075  WISE J234642.93+335134.4                                   11211456    0.1494    0.0187 PS1xWISE-STRM                                                                                                                                                                  57382.77    149.39 14  0.516    366.74 14  0.465  0.511  0.016  0.429  0.018 57382.77 57741.88 1 57382.77 57741.88 1   6.08   5.60  2.70  4.04  2.348e-13  4.533e-14  2.632e-13  2.660e-14  6.392e-06  1.057e-06  7.372e-06  9.542e-07   0.09  4.632e+43     0.00  6.370e+50  9.896e-06
J082358.62+514252.0       125.99440  51.71435 15.430 14.899 28857916 J082358.62+514252.0  170051259943698003                                                                                   28857916    0.4653    0.1523 PS1xWISE-STRM                                                                                                                                                                  58774.28    310.02 17  0.209    192.64 17  0.185  0.195  0.003  0.170  0.009 58566.99 59505.24 0 58566.99 59505.24 0   9.00  12.15  4.74  1.56  1.250e-13  9.378e-15  1.161e-13  2.173e-14  4.957e-06  8.081e-07  6.257e-06  1.110e-06   0.14  2.597e+44   107.14  8.473e+51  9.864e-06
J105838.44+081224.4       164.66018   8.20676 15.654 15.637  7785850 J105838.44+081224.4  117841646601518610                                                                                    7785850    0.3447    0.0234 PS1xWISE-STRM                                                                                                                                                                  58901.58    623.14 18  0.184    250.22 18  0.226  0.184  0.007  0.204  0.027 58613.74 59344.99 1 58822.41 59344.99 1   7.86   4.56  4.28  2.31  1.981e-13  1.208e-14  1.875e-13  4.498e-14  6.635e-06  7.174e-07  7.149e-06  1.288e-06   0.09  2.288e+44    58.87  4.180e+51  9.862e-06
J131925.14-173236.1       199.85478 -17.54338 15.097 14.585  1575210 J131925.14-173236.1   86941998547698347   1998018201241038275  WISE J131925.15-173236.1                                    1575210    0.1324    0.0429 PS1xWISE-STRM                                                                                                                                                                  57402.93    512.03 17  0.322    265.05 17  0.295  0.306  0.005  0.272  0.012 57402.93 57571.27 1 57402.93 57931.57 1   9.03   8.25  8.07  3.65  3.023e-13  1.894e-14  2.381e-13  2.573e-14  0.000e+00  0.000e+00  0.000e+00  0.000e+00   0.26  4.142e+43    -0.00  4.846e+50  9.787e-06
J230946.97+195821.7       347.44580  19.97251 15.281 15.141 34182970 J230946.97+195821.7  131963474458627579                                                                                   34182970    0.1383    0.0278 PS1xWISE-STRM                                                                                                                                                                  57367.27    202.47 17  0.251    396.49 17  0.189  0.254  0.003  0.186  0.007 57367.27 57556.37 1 57367.27 57726.09 1  10.01   9.75  5.62  5.23  1.506e-13  1.596e-14  2.481e-13  1.981e-14  0.000e+00  0.000e+00  0.000e+00  0.000e+00   0.07  3.997e+43    -0.00  5.313e+50  9.759e-06
WISEA J233849.48-294050.6 354.70594 -29.68054 13.213 12.916                                72383547059143668   3547030301241032685  WISE J233849.43-294049.8  883160 WISEA J233849.48-294050.6 41265584    0.1026    0.0002 NED-LVS                                                                                                                                                                        59369.40    315.19 18  1.452    411.68 18  0.982  1.454  0.008  0.988  0.011 59369.40 59530.31 1 59369.40 59530.31 1  10.36   7.60  4.48  4.93  3.388e-13  2.674e-14  2.662e-13  1.923e-14  0.000e+00  0.000e+00  0.000e+00  0.000e+00   0.10  2.685e+43    -0.00  2.771e+50  9.683e-06
J005356.67+295011.5        13.48622  29.83646 15.684 15.042 24792433 J005356.67+295011.5  143800134862744383                                                                                   24792433    0.3186    0.1000 LSPhotoZZou, wiseScosPhotoz                                                                                                                                                    59047.94    258.21 19  0.188    213.87 19  0.165  0.180  0.004  0.161  0.008 58841.64 59412.05 0 58841.64 59412.05 0  16.36  11.25  3.58  3.50  1.821e-13  1.687e-14  2.043e-13  2.596e-14  4.309e-06  5.993e-07  4.587e-06  6.122e-07   0.25  1.972e+44    -0.00  3.405e+51  9.644e-06
J091349.77-014248.2       138.45749  -1.71316 15.801 15.193 36379948 J091349.77-014248.2  105941384574984603                                                                                   36379948    0.2612    0.0496 PS1xWISE-STRM                                                                                                                                                                  59322.38    647.03 18  0.163    256.13 18  0.152  0.163  0.004  0.160  0.008 59322.38 59531.75 0 59322.38 59531.75 0  19.93   9.71  4.38  4.40  2.823e-13  1.239e-14  2.157e-13  2.244e-14  0.000e+00  0.000e+00  0.000e+00  0.000e+00   0.65  1.776e+44     0.00  2.128e+51  9.508e-06
J171632.95+410021.0       259.13734  41.00580 15.033 14.322  7000989 J171632.95+410021.0  157202591373987617                                                                                    7000989    0.3134    0.1000 LSPhotoZZou                                                                                                                                                                    57814.19   1069.06 18  0.305    315.74 18  0.332  0.306  0.003  0.324  0.006 57814.19 58179.03 1 57814.19 58342.29 1  12.64   9.90  6.51  3.93  1.907e-13  7.562e-15  1.435e-13  1.288e-14  1.971e-06  1.585e-07  1.708e-06  2.042e-07   0.10  1.840e+44    -0.00  3.228e+51  9.500e-06
J102149.32+811132.9       155.45652  81.19223 15.545 15.027 37585369 J102149.32+811132.9  205431554562591456                                                                                   37585369    0.3907    0.0489 PS1xWISE-STRM                                                                                                                                                                  56942.37   1024.27 18  0.215    562.29 18  0.187  0.205  0.003  0.173  0.005 56942.37 58035.90 1 56942.37 58192.65 1  14.87  21.22  5.02  2.15  1.781e-13  8.485e-15  1.445e-13  9.381e-15  7.599e-06  6.873e-07  7.494e-06  1.006e-06   0.36  2.772e+44     0.00  5.354e+51  9.424e-06
J143627.11+412932.8       219.11318  41.49233 14.818 14.061 33230413 J143627.11+412932.8  157792191132431430                                                                                   33230413    0.3954    0.0200 NEDz, NEDz_extcats, GLADEv23                                                                                                      0.02 BR                                      58124.04   2387.12 18  0.383   1453.30 18  0.429  0.355  0.025  0.424  0.046 57562.97 58284.75 1 58124.04 58284.75 1   9.34   6.15  2.07  2.23  4.339e-13  2.436e-14  4.095e-13  3.246e-14  5.273e-06  4.239e-07  4.516e-06  5.679e-07   0.37  7.004e+44     0.00  5.492e+51  9.400e-06
J022059.86+405810.1        35.24955  40.96954 15.040 14.614 22473080 J022059.86+405810.1  157160352495164095                                                                                   22473080    0.2148    0.0305 PS1xWISE-STRM                                                                                                                                                                  59230.37    151.50 19  0.319    258.35 19  0.253  0.322  0.009  0.245  0.009 59230.37 59436.31 0 59069.94 59436.31 0   7.19  11.02  3.36  3.75  1.814e-13  3.895e-14  2.389e-13  2.506e-14  2.902e-06  4.936e-07  4.062e-06  4.096e-07   0.41  9.407e+43    -0.00  1.340e+51  9.315e-06
J023411.27+133959.6        38.54706  13.66655 15.825 15.194 17963090 J023411.27+133959.6  124400385470530343                                                                                   17963090    0.2940    0.0427 PS1xWISE-STRM                                                                                                                                                                  59142.91   1263.38 18  0.160    409.20 18  0.167  0.155  0.005  0.168  0.010 59063.12 59430.17 0 59063.12 59430.17 0  22.61  12.95  2.74  3.12  2.609e-13  1.298e-14  2.545e-13  2.118e-14  0.000e+00  0.000e+00  0.000e+00  0.000e+00   0.05  2.100e+44    61.66  2.725e+51  9.293e-06
WISEA J030738.34+252418.5  46.90976  25.40515 13.558 13.125                               138480469097316760    466125701241012048  WISE J030738.34+252418.6  344118 WISEA J030738.34+252418.5 40470111    0.1107           NED-LVS                                                                                                                                                                        57613.76    249.47 20  1.164    406.54 20  0.935  1.159  0.005  0.940  0.012 57613.76 57779.99 1 57416.86 57779.99 1   7.96   7.28  7.26  5.51  2.673e-13  2.989e-14  3.251e-13  2.414e-14  3.026e-06  3.234e-07  3.728e-06  3.257e-07   0.03  2.975e+43    -0.00  3.073e+50  9.125e-06
J204212.99-205431.8       310.55423 -20.90874 15.500 15.153 26868547 J204212.99-205431.8   82903105542449874                                                                                   26868547    0.2082    0.0198 PS1xWISE-STRM                                                                                                                                                                  58038.87    494.15 18  0.235    309.49 18  0.265  0.218  0.008  0.200  0.012 57871.17 58966.99 1 57871.17 58966.99 1  12.59   7.83  2.80  4.18  2.365e-13  1.646e-14  2.500e-13  2.214e-14  1.089e-05  1.589e-06  1.119e-05  1.819e-06   0.18  9.300e+43    -0.00  1.214e+51  9.048e-06
J131139.83+700529.1       197.91615  70.09148 15.912 15.077 18010157 J131139.83+700529.1  192111979164190598                                                                                   18010157    0.2983    0.1000 LSPhotoZZou                                                                                                                                                                    58798.64    295.69 18  0.150    304.23 18  0.168  0.149  0.002  0.160  0.004 58798.64 59320.96 1 58798.64 59529.66 0  10.15  23.23  6.33  2.59  1.119e-13  9.737e-15  1.537e-13  1.503e-14  1.530e-06  2.575e-07  2.251e-06  3.027e-07   0.09  1.287e+44    -0.00  2.735e+51  9.020e-06
J083924.18+391130.9       129.85076  39.19194 15.235 14.450   287030 J083924.18+391130.9  155031298507600968                                                                                     287030    0.2869    0.1000 LSPhotoZZou                                                                                                                                                                    58208.93    342.00 13  0.306    202.83 13  0.376  0.298  0.005  0.291  0.010 58051.63 58573.11 1 58051.63 59147.04 0   6.67   5.08  4.88  4.36  1.310e-13  1.372e-14  1.483e-13  1.645e-14  4.621e-06  5.848e-07  5.996e-06  1.084e-06   0.03  1.123e+44    -0.00  2.486e+51  8.964e-06
J014817.09+143816.3        27.07123  14.63781 15.802 15.558 19035719 J014817.09+143816.3  125560270712095922                                                                                   19035719    0.3193    0.0304 PS1xWISE-STRM                                                                                                                                                                  58322.17   1410.26 19  0.177    360.03 19  0.256  0.160  0.004  0.214  0.014 58121.79 59213.81 1 58121.79 58846.85 1  13.54   6.93  7.07  4.02  3.271e-13  1.368e-14  2.461e-13  2.536e-14  9.889e-06  8.352e-07  8.443e-06  1.051e-06   0.08  3.295e+44     0.00  3.177e+51  8.954e-06
J194106.76+733633.8       295.27824  73.60932 15.594 15.135 23182846 J194106.76+733633.8  196332952783682003                                                                                   23182846    0.3451    0.0271 PS1xWISE-STRM                                                                                                                                                                  57613.29    467.14 18  0.215    341.93 18  0.204  0.194  0.003  0.167  0.004 57613.29 58867.12 1 57613.29 58867.12 1   7.40   8.28  4.56  5.60  9.996e-14  8.090e-15  1.259e-13  1.344e-14  5.207e-06  7.597e-07  7.104e-06  1.162e-06   0.11  1.456e+44     0.00  3.796e+51  8.935e-06
J011040.92+044152.8        17.67052   4.69803 15.244 14.645  4082576 J011040.92+044152.8  113630176705148123    182104501241018946  WISE J011040.91+044153.0                                    4082576    0.2356    0.0841 PS1xWISE-STRM                                                                                                                                                                  56850.64    701.65 19  0.220    250.42 19  0.218  0.211  0.015  0.208  0.023 56850.64 57215.31 1 56850.64 57388.21 1  13.19  10.35  2.64  1.96  4.490e-13  2.979e-14  3.016e-13  3.509e-14  8.933e-06  7.889e-07  8.612e-06  1.324e-06   0.04  1.419e+44   144.39  1.571e+51  8.869e-06
J135907.15+020825.7       209.77980   2.14044 15.460 14.403 14438785 J135907.15+020825.7  110562097798039029                                                                                   14438785    0.2926    0.0335 PS1xWISE-STRM                                                                                                                                                                  59025.29    616.97 19  0.218    386.08 19  0.287  0.217  0.004  0.284  0.006 58867.44 59231.39 1 59025.29 59392.32 0  13.55   9.20  5.03  6.87  2.455e-13  1.174e-14  2.526e-13  2.045e-14  3.539e-06  2.889e-07  4.115e-06  3.362e-07   0.30  2.051e+44     0.00  2.570e+51  8.861e-06
J075848.46+344046.1       119.70192  34.67949 15.002 14.331  1158824 J075848.46+344046.1  149611197018526047                                                                                    1158824    0.2934    0.1000 LSPhotoZZou                                                                                                                                                                    58045.08    773.61 15  0.322    445.47 15  0.335  0.319  0.004  0.315  0.008 57839.08 58409.32 1 57839.08 58566.66 1  12.68  10.04  6.59  4.71  3.304e-13  1.861e-14  2.333e-13  1.625e-14  1.173e-05  8.804e-07  9.215e-06  9.001e-07   0.03  2.902e+44    -0.00  2.526e+51  8.651e-06
J062055.66+392800.7        95.23222  39.46691 15.626 15.389 34902632 J062055.66+392800.7  155360952321970919                                                                                   34902632    0.2126    0.0410 PS1xWISE-STRM                                                                                                                                                                  58909.34    854.09 18  0.215    388.97 18  0.179  0.205  0.005  0.174  0.007 58754.81 59276.33 1 58909.34 59276.33 1  14.88  10.43  4.01  5.13  2.572e-13  1.017e-14  2.511e-13  1.770e-14  4.168e-06  4.097e-07  5.395e-06  5.341e-07   0.63  1.012e+44     0.00  1.208e+51  8.597e-06
J150620.80+882650.6       226.58534  88.44737 14.428 14.145  9469837 J150620.80+882650.6  214132265848057708   2399187801241043437  WISE J150620.91+882650.6                                    9469837    0.1630    0.0073 PS1xWISE-STRM                                                                                                                                                                  58022.12    740.10 18  0.522    611.73 18  0.375  0.522  0.003  0.371  0.004 58022.12 58387.27 1 58022.12 58543.80 1  19.63  16.83  3.55  3.06  1.628e-13  8.122e-15  1.430e-13  7.945e-15  3.619e-06  2.607e-07  3.251e-06  2.793e-07   0.03  3.449e+43     0.00  6.622e+50  8.499e-06
J120207.60+000341.9       180.53168   0.06167 15.059 14.831  4188340 J120207.60+000341.9  108071805317104474                                                                                    4188340    0.1720    0.0196 PS1xWISE-STRM                                                                                                                                                                  57745.57    192.95 18  0.366    288.82 18  0.287  0.358  0.016  0.255  0.020 57378.40 57907.75 1 57378.40 58268.76 1   4.71   6.67  3.11  2.51  2.034e-13  3.616e-14  2.191e-13  2.398e-14  8.185e-06  1.790e-06  8.608e-06  1.181e-06   0.10  5.298e+43     0.00  7.385e+50  8.420e-06
J152725.98+570707.5       231.85855  57.11863 14.594 14.228 34024570 J152725.98+570707.5  176542318584333127                                                                                   34024570    0.2796    0.0183 PS1xWISE-STRM                                                                                                                                                                  58849.21    483.24 19  0.464    317.92 19  0.355  0.460  0.002  0.350  0.017 58849.21 59373.22 0 58849.21 59373.22 0  13.80  15.75  4.87  0.81  1.407e-13  9.687e-15  1.440e-13  2.389e-14  2.606e-06  2.881e-07  3.291e-06  5.085e-07   0.68  1.056e+44    -0.00  2.196e+51  8.402e-06
J054421.64-135346.1        86.08998 -13.89619 15.092 14.696 33185918 J054421.64-135346.1   91320860898835012                                                                                   33185918    0.2667    0.1000 wiseScosPhotoz                                                                                                                                                                 57269.13    456.04 16  0.288    206.36 16  0.221  0.275  0.005  0.204  0.007 57089.57 57813.55 1 57089.57 58015.07 1   6.18   8.72  5.21  2.98  1.396e-13  1.181e-14  1.220e-13  1.369e-14  3.919e-06  6.353e-07  5.015e-06  7.412e-07   0.28  7.783e+43   141.75  1.970e+51  8.394e-06
J101500.38+602202.4       153.75157  60.36747 16.389 16.326 25494447 J101500.38+602202.4  180441537515881698                                                                                   25494447    0.5965    0.0551 PS1xWISE-STRM                                                                                                                                                                  58946.72   1099.56 18  0.106    407.92 18  0.156  0.101  0.003  0.142  0.016 58580.20 59520.75 0 58789.30 59520.75 0  16.09   6.54  4.99  2.69  1.974e-13  1.363e-14  1.858e-13  1.723e-14  8.988e-06  8.816e-07  7.894e-06  1.117e-06   0.47  8.493e+44    -0.00  1.293e+52  8.293e-06
J094048.79+431657.2       145.20334  43.28261 15.200 14.822  8622571 J094048.79+431657.2  159931452033469825                                                                                    8622571    0.3523    0.0271 PS1xWISE-STRM                                                                                                                                                                  59235.32    316.36 18  0.263    176.27 18  0.200  0.259  0.003  0.194  0.005 59156.62 59523.62 0 59156.62 59523.62 0  10.63  10.72  4.77  3.91  1.350e-13  1.400e-14  1.311e-13  1.595e-14  3.520e-06  3.548e-07  3.954e-06  5.235e-07   0.08  1.674e+44   -58.20  3.689e+51  8.274e-06
J142525.19+820107.4       216.35451  82.01854 15.619 14.752 33388609 J142525.19+820107.4  206422163544153068                                                                                   33388609    0.2575    0.1000 LSPhotoZZou                                                                                                                                                                    57473.47   1322.38 17  0.172    417.65 17  0.210  0.162  0.002  0.201  0.004 57308.99 58038.85 1 57308.99 57834.03 1  10.25   7.03  8.21  6.29  1.310e-13  4.922e-15  1.087e-13  8.145e-15  3.922e-06  2.685e-07  4.270e-06  4.482e-07   0.23  7.734e+43     0.00  1.774e+51  8.187e-06
J090628.40-064218.7       136.61836  -6.70524 15.122 14.838  3692250 J090628.40-064218.7   99951366183384113   1367006101241003594  WISE J090628.40-064218.7                                    3692250    0.1404    0.0212 PS1xWISE-STRM                                                                                                                                                                  59167.24    461.29 18  0.300    447.53 18  0.201  0.300  0.004  0.200  0.006 59167.24 59322.46 1 59167.24 59531.66 0  10.47  21.46  5.64  2.83  2.287e-13  1.594e-14  2.553e-13  2.335e-14  0.000e+00  0.000e+00  0.000e+00  0.000e+00   0.09  3.930e+43    -0.00  4.513e+50  8.022e-06
J040118.89+721933.0        60.32871  72.32582 15.195 14.946  4568680 J040118.89+721933.0  194790603285471955                                                                                    4568680    0.1500    0.0201 PS1xWISE-STRM                                                                                                                                                                  58893.31    327.10 18  0.265    288.88 18  0.200  0.263  0.003  0.203  0.004 58893.31 59100.65 1 58893.31 59100.65 1  28.22  14.91  3.63  4.26  2.332e-13  1.527e-14  1.773e-13  1.483e-14  0.000e+00  0.000e+00  0.000e+00  0.000e+00   0.04  4.270e+43    -0.00  5.153e+50  7.932e-06
J021443.11+102533.3        33.67962  10.42588 14.488 13.909 14247538 J021443.11+102533.3  120510336795791536                                                                                   14247538    0.2360    0.1000 LSPhotoZZou, wiseScosPhotoz                                                                                                                                                    57962.27    199.98 19  0.469    243.76 19  0.417  0.453  0.007  0.421  0.015 57962.27 58125.92 1 57962.27 58125.92 1   8.32   7.07  6.58  4.60  3.600e-13  3.914e-14  3.140e-13  2.913e-14  0.000e+00  0.000e+00  0.000e+00  0.000e+00   0.23  1.740e+44    -0.00  1.407e+51  7.913e-06
J155929.31+275404.6       239.87230  27.90142 16.374 16.049 32823889 J155929.31+275404.6  141482398722992269                                                                                   32823889    0.2161    0.0465 PS1xWISE-STRM                                                                                                                                                                  59254.21   1180.86 18  0.109    266.03 18  0.175  0.109  0.004  0.160  0.023 59254.21 59415.34 0 59254.21 59415.34 0  15.18  11.53  4.91  1.36  2.619e-13  1.235e-14  2.300e-13  2.968e-14  0.000e+00  0.000e+00  0.000e+00  0.000e+00   0.53  1.038e+44    -0.00  1.114e+51  7.645e-06
J123219.22+354226.0       188.08006  35.70722 14.763 14.446 10397835 J123219.22+354226.0  150841880800559298                                                                                   10397835    0.1782    0.0361 PS1xWISE-STRM                                                                                                                                                                  59275.32    343.23 19  0.386    165.50 19  0.280  0.386  0.003  0.274  0.006 59196.77 59353.87 1 59196.77 59560.73 0  11.29  19.54  7.36  3.09  2.488e-13  3.090e-14  2.192e-13  4.159e-14  0.000e+00  0.000e+00  0.000e+00  0.000e+00   0.08  6.480e+43   -66.67  7.229e+50  7.616e-06
J070553.49+104902.7       106.47288  10.81737 14.091 13.647 16004350 J070553.49+104902.7  120981064728631360   1061110601241036987  WISE J070553.49+104902.7                                   16004350    0.1494    0.0229 PS1xWISE-STRM                                                                                                                                                                  56941.53    398.03 18  0.735    351.96 18  0.590  0.734  0.006  0.589  0.015 56941.53 57306.21 1 56941.53 57111.93 1   8.24   8.26  6.30  2.88  2.669e-13  1.806e-14  2.337e-13  1.821e-14  3.006e-06  2.409e-07  2.965e-06  2.756e-07   0.10  4.674e+43     0.00  4.889e+50  7.590e-06
J151911.53-025830.7       229.79805  -2.97523 14.239 13.953  1475931 J151911.53-025830.7  104432297981180126   2299003101241019967  WISE J151911.53-025830.7                                    1475931    0.1134    0.0100 NEDz, NEDz_extcats (formerly PS1xWISE-STRM)                                                                                                                                    57790.79    427.08 16  0.620    216.07 16  0.458  0.614  0.006  0.453  0.011 57790.79 58316.94 1 57790.79 58316.94 1  17.98  10.15  2.13  3.07  2.008e-13  1.278e-14  2.211e-13  2.914e-14  4.447e-06  4.765e-07  6.076e-06  7.851e-07   0.06  2.149e+43     0.00  2.659e+50  7.504e-06
J143655.54-221632.9       219.23149 -22.27590 14.543 14.243 22891188 J143655.54-221632.9   81262192314699260                                                                                   22891188    0.1930    0.0376 PS1xWISE-STRM                                                                                                                                                                  57952.43    182.17 18  0.477    351.43 18  0.405  0.478  0.007  0.384  0.011 57786.87 58517.94 1 57786.87 58517.94 1   7.04   5.93  4.09  5.84  1.658e-13  3.367e-14  2.570e-13  2.320e-14  3.404e-06  7.835e-07  5.756e-06  7.763e-07   0.11  8.366e+43    -0.00  8.487e+50  7.496e-06
J043322.70-043920.6        68.34470  -4.65577 15.067 14.378 22653242 J043322.70-043920.6  102410683446893480    683004601241020354  WISE J043322.70-043920.6                                   22653242    0.2079    0.0125 PS1xWISE-STRM                                                                                                                                                                  58358.40    933.45 18  0.280    313.78 18  0.255  0.273  0.004  0.241  0.009 58152.51 58725.51 1 58152.51 58882.11 1  19.18   9.71  3.38  4.59  2.482e-13  1.396e-14  2.594e-13  2.405e-14  5.361e-06  4.024e-07  5.873e-06  6.666e-07   0.12  9.657e+43     0.00  9.871e+50  7.379e-06
J220903.31+235729.1       332.26378  23.95812 14.982 14.559  1706735 J220903.31+235729.1  136753322637890306                                                                                    1706735    0.1803    0.0115 PS1xWISE-STRM                                                                                                                                                                  59004.04    232.60 16  0.308    146.76 16  0.247  0.304  0.003  0.247  0.006 58802.85 59167.02 0 58802.85 59167.02 0  12.39   5.27  3.15  4.76  1.184e-13  1.662e-14  9.354e-14  1.796e-14  3.076e-06  3.975e-07  2.717e-06  4.772e-07   0.18  2.184e+43  -170.46  7.130e+50  7.322e-06
J054229.15+482949.7        85.62151  48.49704 14.323 14.081 24040726 J054229.15+482949.7  166190856215177058                                                                                   24040726    0.1494    0.0299 PS1xWISE-STRM                                                                                                                                                                  58016.53    399.98 16  0.596    472.39 16  0.466  0.584  0.006  0.456  0.009 58016.53 58538.39 1 58016.53 58538.39 1   7.20   6.55  7.04  5.25  2.509e-13  2.351e-14  2.008e-13  1.600e-14  5.110e-06  5.282e-07  5.159e-06  5.395e-07   0.04  4.443e+43     0.00  4.625e+50  7.183e-06
J022142.91-182752.1        35.42885 -18.46442 15.300 14.711 19990393 J022142.91-182752.1   85840354287013025    348018201241015533  WISE J022142.89-182752.0                                   19990393    0.1997    0.0225 PS1xWISE-STRM                                                                                                                                                                  57395.40    311.52 16  0.249    207.30 16  0.237  0.241  0.005  0.234  0.014 57222.68 57586.99 1 57395.40 57754.53 1  13.94   7.00  3.51  3.92  2.287e-13  1.773e-14  2.431e-13  2.525e-14  2.794e-06  2.621e-07  3.033e-06  3.636e-07   0.22  8.226e+43    -0.00  8.515e+50  6.965e-06
J151852.89+302749.7       229.72039  30.46384 14.335 13.571  3247378 J151852.89+302749.7  144552297204077217   2295130201241030343  WISE J151852.89+302749.9                                    3247378    0.1994    0.0400 wiseScosPhotoz                                                                                                                                                                 58875.04    481.36 16  0.742    335.19 16  0.714  0.741  0.008  0.704  0.010 58875.04 59036.38 1 58875.04 59036.38 1  13.92   6.57  2.49  5.60  2.379e-13  1.381e-14  2.334e-13  1.558e-14  0.000e+00  0.000e+00  0.000e+00  0.000e+00   0.69  8.135e+43     0.00  8.443e+50  6.932e-06
J163100.28+334812.8       247.75120  33.80351 15.529 15.215 14164812 J163100.28+334812.8  148562477512484854                                                                                   14164812    0.2268    0.0261 PS1xWISE-STRM                                                                                                                                                                  57245.55    391.29 18  0.201    295.95 18  0.179  0.200  0.002  0.167  0.006 57070.21 57605.00 1 57245.55 57966.25 1   9.36   6.09  6.01  4.96  1.114e-13  8.976e-15  1.131e-13  1.358e-14  2.417e-06  2.482e-07  3.046e-06  3.319e-07   0.08  5.172e+43    -0.00  1.125e+51  6.927e-06
J180213.81+122555.0       270.55756  12.43195 15.337 14.867  2380026 J180213.81+122555.0  122912705574768909                                                                                    2380026    0.1922    0.0570 PS1xWISE-STRM                                                                                                                                                                  58198.92    195.59 17  0.268    211.58 17  0.264  0.260  0.005  0.260  0.010 58002.25 58363.03 1 58198.92 58363.03 1   8.73   6.23  6.33  6.03  2.361e-13  3.112e-14  2.385e-13  2.558e-14  2.515e-06  3.498e-07  2.791e-06  3.682e-07   0.19  7.547e+43    -0.00  7.316e+50  6.523e-06
J142003.50-175011.8       215.01467 -17.83649 14.725 14.341 30276718 J142003.50-175011.8   86592150147346580                                                                                   30276718    0.2500    0.1000 wiseScosPhotoz                                                                                                                                                                 57051.51    292.04 19  0.431    239.57 19  0.328  0.424  0.006  0.320  0.019 56866.43 57225.34 1 56866.43 57414.73 1   7.37  11.24  4.99  1.66  1.919e-13  1.985e-14  2.332e-13  3.567e-14  5.394e-06  6.158e-07  5.928e-06  8.894e-07   0.20  1.284e+44     0.00  1.308e+51  6.457e-06
J142637.09+362509.5       216.65453  36.41932 14.597 13.461  3216878 J142637.09+362509.5  151702166545973843                                                                                    3216878    1.0910    0.0200 NEDz, NEDz_extcats                                                                                                                0.07 QR                                      55381.88   1576.01 19  0.200   1361.63 19  0.311  0.157  0.005  0.244  0.016 55381.88 58491.98 1 55381.88 58285.58 1  19.68   8.65  3.85  4.72  3.629e-13  1.094e-14  4.216e-13  1.575e-14  1.924e-05  2.764e-06  2.089e-05  4.257e-06   0.12  7.848e+45    -0.00  4.399e+52  6.432e-06
J012329.99+464404.9        20.87490  46.73477 16.210 15.651 21893237 J012329.99+464404.9  164080208749532366                                                                                   21893237    0.4890    0.3130 PS1xWISE-STRM                                                                                                                                                                  58777.10    541.65 19  0.146    191.43 19  0.184  0.133  0.003  0.169  0.010 58489.96 59427.20 0 58697.17 59221.23 1   7.92   4.49  6.14  4.45  1.461e-13  1.228e-14  1.312e-13  1.676e-14  5.408e-06  4.953e-07  4.534e-06  9.070e-07   0.28  3.791e+44    53.68  6.202e+51  6.414e-06
J094024.60+435906.0       145.10251  43.98500 14.340 13.784   369663 J094024.60+435906.0  160781451025392685                                                                                     369663    0.2235    0.1000 LSPhotoZZou, wiseScosPhotoz                                                                                                                                                    58427.85    689.02 16  0.554    283.88 16  0.498  0.543  0.005  0.448  0.009 58427.85 58792.03 1 58427.85 59156.69 0   7.75   7.64  6.44  5.13  2.038e-13  1.229e-14  2.285e-13  2.506e-14  5.107e-06  5.127e-07  6.913e-06  8.280e-07   0.01  9.827e+43     0.00  9.963e+50  6.333e-06
WISEA J043933.35-214353.8  69.88897 -21.73161 15.416 14.787   249278 J043933.35-214353.8   81920698889562397    694021301241001774  WISE J043933.35-214353.8 1795802 WISEA J043933.35-214353.8   249278    0.1811    0.0002 NED-LVS                                                                                                                                                                        56899.68    220.37 15  0.233    230.65 15  0.252  0.226  0.007  0.243  0.013 56899.68 57067.44 1 56899.68 57067.44 1  10.85   6.95  3.10  3.26  2.178e-13  2.347e-14  1.981e-13  2.181e-14  0.000e+00  0.000e+00  0.000e+00  0.000e+00   0.10  5.855e+43    -0.00  6.204e+50  6.308e-06
J061109.91-303929.7        92.79129 -30.65820 15.254 15.034 16179667 J061109.91-303929.7   71210927913910517                                                                                   16179667    0.2473    0.1000 wiseScosPhotoz                                                                                                                                                                 59197.42    313.53 18  0.241    200.47 18  0.174  0.234  0.004  0.170  0.006 58909.23 59483.07 0 59118.59 59483.07 0  21.12   6.74  2.68  6.73  1.936e-13  2.380e-14  1.789e-13  1.932e-14  5.167e-06  5.690e-07  5.023e-06  7.943e-07   0.07  9.753e+43    63.20  1.239e+51  6.269e-06
J175400.98+553627.4       268.50409  55.60766 14.307 13.749  6466884 J175400.98+553627.4  174722685041599922                                                                                    6466884    0.2408    0.0271 PS1xWISE-STRM                                                                                                                                                                  58722.27    387.74 18  0.601    571.55 18  0.548  0.598  0.002  0.549  0.004 58722.27 58923.62 1 58722.27 59087.50 1  20.84  18.93  3.77  3.72  1.582e-13  9.065e-15  1.758e-13  1.142e-14  1.942e-06  1.516e-07  2.605e-06  1.755e-07   0.01  8.956e+43     0.00  1.148e+51  6.172e-06
J125125.81+285907.7       192.85742  28.98545 16.099 15.368 28546281 J125125.81+285907.7  142781928574533115                                                                                   28546281    0.2376    0.1000 LSPhotoZZou                                                                                                                                                                    57545.06   2184.26 17  0.133    598.90 17  0.194  0.131  0.003  0.173  0.012 57377.13 58108.46 1 57377.13 57905.19 1  18.39   7.37  5.87  3.64  2.974e-13  1.342e-14  2.133e-13  5.408e-14  7.227e-06  2.984e-07  6.072e-06  7.853e-07   0.24  1.133e+44   160.07  1.103e+51  6.111e-06
J165020.08+190240.3       252.58369  19.04475 14.229 13.793 33341878 J165020.08+190240.3  130852525836954301                                                                                   33341878    0.2251    0.0199 PS1xWISE-STRM                                                                                                                                                                  58338.55    180.92 16  0.665    174.51 16  0.555  0.647  0.010  0.565  0.009 58338.55 58704.38 1 58338.55 58540.74 1   6.28   5.46  3.20  5.41  1.826e-13  1.941e-14  1.717e-13  2.460e-14  0.000e+00  0.000e+00  0.000e+00  0.000e+00   0.27  8.055e+43    -0.00  9.759e+50  6.105e-06
J142225.81+495355.7       215.60774  49.89880 15.782 14.798 27082091 J142225.81+495355.7  167872156077369205                                                                                   27082091    1.6750    0.0200 NEDz, NEDz_extcats                                                                                                                0.02 QR                                      58113.29    767.79 18  0.185    264.98 18  0.220  0.174  0.008  0.225  0.018 58113.29 58477.47 1 58113.29 58477.47 1   6.63   6.00  5.22  3.93  2.344e-13  1.444e-14  2.755e-13  2.719e-14  2.888e-06  2.675e-07  3.099e-06  5.948e-07   0.40  1.473e+46    -0.00  1.198e+53  6.094e-06
J161650.96+294138.0       244.21232  29.69390 14.962 14.025  8870362 J161650.96+294138.0  143632442123513279                                                                                    8870362    0.3336    0.0089 PS1xWISE-STRM                                                                                                                                                                  57154.61    883.35 18  0.363    425.34 18  0.479  0.356  0.004  0.450  0.008 56883.86 57431.63 1 57066.40 57601.56 1   9.79   7.33  5.54  5.01  1.791e-13  1.073e-14  1.943e-13  1.433e-14  4.870e-06  3.188e-07  5.102e-06  5.153e-07   0.02  2.081e+44    66.14  2.282e+51  5.809e-06
J095716.12-054522.4       149.31723  -5.75627 15.891 15.644 10599658 J095716.12-054522.4  101091493173072875                                                                                   10599658    0.4314    0.0353 PS1xWISE-STRM                                                                                                                                                                  59336.43    919.72 18  0.147    377.67 18  0.149  0.143  0.004  0.147  0.009 59178.36 59542.48 0 59178.36 59542.48 0  12.34  14.88  5.22  2.71  2.372e-13  1.157e-14  2.318e-13  1.500e-14  4.052e-06  2.481e-07  3.813e-06  4.408e-07   0.07  4.771e+44    -0.00  4.145e+51  5.774e-06
J101035.71+115044.1       152.64876  11.84551 16.461 16.438 24163164 J101035.71+115044.1  122211526487645114                                                                                   24163164    0.4599    0.0567 PS1xWISE-STRM                                                                                                                                                                  59071.01   1094.95 17  0.136    418.55 17  0.229  0.122  0.017  0.188  0.038 58811.33 59539.77 0 58966.51 59539.77 0  10.37   4.65  1.80  1.81  2.782e-13  2.473e-14  2.072e-13  2.967e-14  1.074e-05  1.004e-06  9.217e-06  1.516e-06   0.46  5.232e+44   179.80  4.823e+51  5.773e-06
J182912.64+800407.1       277.30276  80.06863 15.057 14.782  3898583 J182912.64+800407.1  204082773026233194   2762180201241015907  WISE J182912.65+800407.1                                    3898583    0.1941    0.0312 PS1xWISE-STRM                                                                                                                                                                  59110.02   1371.29 18  0.299    812.25 18  0.203  0.300  0.002  0.201  0.003 58900.45 59266.65 1 58900.45 59474.00 0  11.25  24.40  9.65  3.89  2.033e-13  8.960e-15  1.938e-13  9.862e-15  5.051e-06  2.495e-07  4.724e-06  3.297e-07   0.04  6.466e+43    -0.00  6.617e+50  5.768e-06
J073623.68+252830.0       114.09871  25.47502 14.280 13.897    57542 J073623.68+252830.0  138571140987180585   1133125701241014632  WISE J073623.69+252830.0                                      57542    0.1365    0.0193 PS1xWISE-STRM                                                                                                                                                                  58849.35    207.00 15  0.594    263.05 15  0.427  0.595  0.005  0.435  0.007 58770.69 58928.00 1 58770.69 59137.79 0   7.74   6.77  4.49  5.58  1.674e-13  1.520e-14  1.736e-13  1.770e-14  0.000e+00  0.000e+00  0.000e+00  0.000e+00   0.11  2.551e+43    69.21  3.045e+50  5.754e-06
WISEA J151828.07+191636.5 229.61691  19.27668 14.108 13.948 30141662 J151828.07+191636.5  131132296169612581   2304119601241008942  WISE J151828.07+191636.6 1691156 WISEA J151828.07+191636.5 30141662    0.0894    0.0000 NED-LVS                                                                                  4.821 None    AT 2020kzm   58991.27                                                   59142.86    424.12 19  0.725    162.01 19  0.458  0.721  0.005  0.458  0.011 59041.42 59406.84 0 59041.42 59406.84 0  13.50   9.11  4.12  3.06  2.466e-13  1.684e-14  1.945e-13  2.530e-14  2.016e-06  2.504e-07  2.270e-06  3.182e-07   1.51  1.139e+43    93.12  1.216e+50  5.698e-06
J163001.21+075459.5       247.50505   7.91653 14.790 13.923   517684 J163001.21+075459.5  117502475050430355                                                                                     517684    2.1450    0.0200 NEDz, NEDz_extcats                                                                                                                0.03 qR                                      57974.71    474.55 16  0.419    690.22 16  0.489  0.378  0.005  0.443  0.009 57440.91 58699.14 1 57974.71 59066.27 0  12.19  19.28  8.14  4.29  4.201e-13  3.355e-14  4.810e-13  2.415e-14  1.525e-05  1.665e-06  1.746e-05  2.172e-06   0.06  4.718e+46    -0.00  2.011e+53  5.588e-06
J075759.71+360134.2       119.49885  36.02624 14.529 14.014 13201141 J075759.71+360134.2  151231194988552149                                                                                   13201141    0.2754    0.0162 PS1xWISE-STRM                                                                                                                                                                  57677.61    404.26 17  0.525    371.11 17  0.457  0.516  0.005  0.457  0.009 57477.97 58044.69 1 57677.61 58044.69 1  10.47   7.42  5.08  4.58  2.455e-13  2.072e-14  2.008e-13  2.855e-14  5.316e-06  5.100e-07  5.291e-06  5.586e-07   0.10  1.323e+44   126.20  1.405e+51  5.565e-06
J104135.72+715525.2       160.39888  71.92351 14.743 14.417 32093809 J104135.72+715525.2  194301603987469050   1620171101241043190  WISE J104135.72+715525.3                                   32093809    0.1637    0.0129 PS1xWISE-STRM                                                                                                                                                                  57485.59    267.03 17  0.412    330.25 17  0.303  0.412  0.003  0.299  0.007 57485.59 57686.57 1 57485.59 58051.36 1  12.21   8.79  4.80  4.03  1.616e-13  1.326e-14  1.523e-13  1.263e-14  2.864e-06  3.867e-07  3.452e-06  4.028e-07   0.20  3.511e+43     0.00  4.348e+50  5.524e-06
J183114.63+145343.4       277.81084  14.89555 15.572 15.495 32807020 J183114.63+145343.4  125872778108925190                                                                                   32807020    0.1808    0.0269 PS1xWISE-STRM                                                                                                                                                                  58010.60    467.01 18  0.245    439.71 18  0.246  0.228  0.007  0.200  0.016 57649.98 58207.06 1 57842.83 58372.33 1   6.45   4.08  4.07  3.79  1.652e-13  1.622e-14  1.648e-13  1.704e-14  4.743e-06  4.988e-07  4.438e-06  7.066e-07   0.30  4.583e+43    -0.00  5.390e+50  5.499e-06
J162937.15+185644.9       247.40480  18.94578 15.710 14.965  8949315 J162937.15+185644.9  130732474048505449                                                                                    8949315    0.3258    0.1000 LSPhotoZZou                                                                                                                                                                    57074.31    814.98 18  0.153    287.42 18  0.172  0.146  0.004  0.156  0.005 56891.04 57250.33 1 56891.04 57438.46 1   9.30  10.70  6.15  5.00  1.944e-13  1.015e-14  1.797e-13  1.696e-14  2.288e-06  1.383e-07  2.454e-06  2.364e-07   0.07  1.984e+44    -0.00  1.975e+51  5.314e-06
J211728.97-242852.8       319.37074 -24.48136 15.465 15.250  5487406 J211728.97-242852.8   78623193706932724                                                                                    5487406    0.2425    0.0232 PS1xWISE-STRM                                                                                                                                                                  57146.41    401.79 18  0.221    247.45 18  0.197  0.211  0.006  0.182  0.012 56966.37 57684.47 1 56966.37 57513.53 1   6.38   5.46  5.35  4.20  1.666e-13  1.290e-14  1.728e-13  1.826e-14  6.189e-06  6.809e-07  6.536e-06  9.186e-07   0.05  9.110e+43    -0.00  9.736e+50  5.152e-06
J232520.12+101439.0       351.33376  10.24421 15.624 15.088 23781064 J232520.12+101439.0  120293513337583516                                                                                   23781064    0.3867    0.0302 PS1xWISE-STRM                                                                                                                                                                  57555.65    356.38 19  0.183    192.04 19  0.216  0.188  0.004  0.195  0.010 57365.96 57921.88 1 57555.65 57921.88 1   7.98   6.31  6.02  4.48  1.783e-13  2.215e-14  1.910e-13  2.594e-14  4.265e-06  4.944e-07  4.967e-06  7.591e-07   0.19  2.925e+44    -0.00  2.761e+51  4.978e-06
J043832.60+644317.9        69.63566  64.72172 14.604 14.230 24577756 J043832.60+644317.9  185660696356356846                                                                                   24577756    0.1473    0.0340 PS1xWISE-STRM                                                                                                                                                                  59260.21    129.38 18  0.448    150.72 18  0.358  0.449  0.005  0.353  0.006 59260.21 59468.58 0 59260.21 59468.58 0   8.57   8.66  2.86  4.15  1.120e-13  1.641e-14  1.381e-13  1.498e-14  0.000e+00  0.000e+00  0.000e+00  0.000e+00   0.15  2.346e+43    -0.00  3.079e+50  4.928e-06
J104350.65-263235.2       160.96108 -26.54317 15.751 15.136  5221906 J104350.65-263235.2   76141609610608490                                                                                    5221906    0.2733    0.1000 wiseScosPhotoz                                                                                                                                                                 58364.51    745.30 18  0.185    157.37 18  0.193  0.176  0.004  0.190  0.009 58260.95 58627.13 1 58260.95 58627.13 1  10.50   8.90  6.55  3.65  2.321e-13  1.036e-14  1.908e-13  2.373e-14  5.794e-06  4.714e-07  4.865e-06  6.883e-07   0.10  1.331e+44    81.33  1.156e+51  4.659e-06
J081312.71+285226.9       123.30315  28.87423 15.352 15.043 30921575 J081312.71+285226.9  142641233031549647                                                                                   30921575    0.3378    0.0117 PS1xWISE-STRM                                                                                                                                                                  57842.83    153.36 18  0.252    152.58 18  0.193  0.249  0.004  0.176  0.009 57842.83 58049.01 1 57681.92 58413.23 1   7.02   6.04  5.64  4.16  1.335e-13  1.430e-14  1.504e-13  2.471e-14  2.472e-06  4.506e-07  3.409e-06  5.780e-07   1.64  1.662e+44     0.00  1.850e+51  4.574e-06
J141302.28+383011.9       213.25956  38.50346 14.940 14.487 30235793 J141302.28+383011.9  154202132595844732                                                                                   30235793    0.3428    0.0220 PS1xWISE-STRM                                                                                                                                                                  57199.44    656.62 19  0.351    206.89 19  0.293  0.344  0.004  0.288  0.011 57027.22 57559.83 1 57027.22 57559.83 1   9.46   9.12  4.18  1.67  1.356e-13  8.356e-15  1.095e-13  1.201e-14  2.147e-06  1.426e-07  1.746e-06  2.287e-07   0.17  1.556e+44    -0.00  1.832e+51  4.377e-06
J082556.17+402000.0       126.48422  40.33335 15.265 14.502 25342825 J082556.17+402000.0  156401264842530671                                                                                   25342825    0.3150    0.0100 NEDz, NEDz_extcats                                                                                                                                                             59144.27    316.72 18  0.192    220.39 18  0.203  0.198  0.003  0.188  0.007 59144.27 59301.74 1 59144.27 59301.74 1   7.82   5.95  7.44  5.48  1.761e-13  1.485e-14  1.518e-13  1.388e-14  1.998e-06  1.873e-07  1.887e-06  2.180e-07   0.32  1.645e+44     0.00  1.469e+51  4.271e-06
J135147.31+513149.4       207.94699  51.53053 15.803 15.034 31931145 J135147.31+513149.4  169832079470197300                                                                                   31931145    0.2754    0.0362 PS1xWISE-STRM                                                                                                                                                                  58105.22    801.40 18  0.175    367.56 18  0.182  0.169  0.002  0.156  0.005 58105.22 58628.54 1 58105.22 59359.81 0  16.39  12.28  4.72  3.44  1.599e-13  6.347e-15  1.390e-13  1.011e-14  2.008e-06  5.367e-07  3.078e-06  6.503e-07   0.21  1.097e+44    -0.00  1.020e+51  4.041e-06
J124856.43+511124.2       192.23508  51.19013 15.598 14.973 20234615 J124856.43+511124.2  169421922350998820                                                                                   20234615    0.2829    0.0281 PS1xWISE-STRM                                                                                                                                                                  56998.04    350.88 18  0.220    263.18 18  0.238  0.204  0.003  0.212  0.006 56998.04 57889.25 1 56998.04 58091.85 1   8.41   7.96  5.73  3.95  1.313e-13  1.202e-14  1.326e-13  1.285e-14  5.081e-06  9.026e-07  5.057e-06  1.014e-06   0.05  1.005e+44     0.00  1.032e+51  3.843e-06
J170353.84+450637.7       255.97439  45.11054 15.468 15.005 13262726 J170353.84+450637.7  162132559744173340                                                                                   13262726    0.2640    0.0311 PS1xWISE-STRM                                                                                                                                                                  58699.59    474.38 18  0.217    183.37 18  0.182  0.208  0.002  0.170  0.004 58536.38 59429.94 0 58699.59 59429.94 0  12.85   5.81  4.51  5.72  1.088e-13  6.897e-15  7.859e-14  1.045e-14  2.706e-06  3.132e-07  2.863e-06  4.728e-07   0.16  4.106e+43   160.83  8.537e+50  3.725e-06
J181818.05+361928.7       274.57522  36.32465 14.479 13.954     9480 J181818.05+361928.7  151592745752610224   2741136301241022949  WISE J181818.05+361928.8                                       9480    0.1839    0.0122 PS1xWISE-STRM                                                                                                                                                                  56927.27    241.29 14  0.496    183.69 14  0.416  0.486  0.004  0.405  0.006 56927.27 57287.35 1 56927.27 57287.35 1   8.03   5.49  4.02  4.58  1.154e-13  9.786e-15  9.457e-14  9.872e-15  2.527e-06  3.108e-07  2.220e-06  3.026e-07   0.05  3.210e+43     0.00  3.571e+50  3.508e-06
J153136.82-043417.5       232.90347  -4.57155 15.002 14.274  8820529 J153136.82-043417.5  102512329034114576                                                                                    8820529    0.2441    0.1000 wiseScosPhotoz                                                                                                                                                                 58160.91    119.06 18  0.297     99.11 18  0.300  0.294  0.004  0.300  0.007 58160.91 58323.31 1 58160.91 58323.31 1   5.28   6.57  4.66  3.82  9.135e-14  1.639e-14  1.203e-13  1.794e-14  0.000e+00  0.000e+00  0.000e+00  0.000e+00   0.15  6.319e+43    -0.00  6.701e+50  3.492e-06
J124547.86+204343.4       191.44944  20.72869 15.995 15.507  9565371 J124547.86+204343.4  132871914494765068                                                                                    9565371    0.2012    0.0470 PS1xWISE-STRM                                                                                                                                                                  58010.24    554.61 18  0.170    164.46 18  0.205  0.149  0.005  0.184  0.012 57746.69 58842.17 1 57746.69 58634.65 1   6.13   4.29  5.98  3.40  1.550e-13  1.132e-14  1.156e-13  1.875e-14  6.178e-06  8.193e-07  5.906e-06  1.199e-06   0.13  4.009e+43    83.86  4.280e+50  3.444e-06
J085409.97+494231.3       133.54145  49.70890 15.565 15.069 33143587 J085409.97+494231.3  167651335414681361                                                                                   33143587    0.2700    0.0584 PS1xWISE-STRM                                                                                                                                                                  57948.08    354.14 17  0.237    248.92 17  0.246  0.193  0.007  0.185  0.009 57845.15 59511.23 0 57845.15 59146.43 1   9.00   5.08  2.28  4.26  1.237e-13  1.119e-14  1.231e-13  1.461e-14  7.349e-06  1.394e-06  8.191e-06  1.707e-06   0.05  8.118e+43    81.05  8.161e+50  3.381e-06
J021428.90+362836.2        33.62034  36.47686 15.896 15.136 28507701 J021428.90+362836.2  151770336203672829                                                                                   28507701    0.5090    0.0931 PS1xWISE-STRM                                                                                                                                                                  59225.75    200.57 19  0.164    153.28 19  0.151  0.152  0.003  0.156  0.008 58861.64 59433.36 0 59066.31 59433.36 0   7.30   4.87  5.45  4.41  1.223e-13  1.771e-14  1.095e-13  1.560e-14  3.261e-06  4.741e-07  2.977e-06  5.051e-07   0.21  3.549e+44     0.00  3.577e+51  3.360e-06
J055656.02+750118.2        89.23312  75.02172 15.286 15.053 21321348 J055656.02+750118.2  198020892333576898                                                                                   21321348    0.2724    0.0672 PS1xWISE-STRM                                                                                                                                                                  57735.73    452.77 18  0.261    201.01 18  0.218  0.247  0.004  0.178  0.006 57653.60 58749.13 1 57653.60 58905.73 1  10.93   5.47  3.05  4.34  1.090e-13  7.780e-15  9.269e-14  1.155e-14  4.923e-06  7.945e-07  5.140e-06  1.130e-06   0.17  7.666e+43    64.55  7.935e+50  3.222e-06
J170944.87+445042.2       257.43694  44.84508 14.824 14.063  7670222 J170944.87+445042.2  161812574369814800   2577145401241005817  WISE J170944.87+445042.2                                    7670222    0.2468    0.0100 NEDz, NEDz_extcats (formerly PS1xWISE-STRM)                                                                                                                                    57443.62    375.12 18  0.363    187.07 18  0.399  0.361  0.002  0.398  0.004 57443.62 57810.01 1 57443.62 57616.37 1  14.24   7.90  3.74  5.02  1.064e-13  8.251e-15  1.017e-13  1.035e-14  1.386e-06  1.110e-07  1.349e-06  1.547e-07   0.06  5.813e+43     0.00  6.122e+50  3.111e-06
J185546.08+381941.1       283.94201  38.32809 15.455 15.322   443829 J185546.08+381941.1  153992839420484354   2842137801241035842  WISE J185546.09+381941.1                                     443829    0.0920    0.0156 PS1xWISE-STRM                                                                                                                                                                  57855.26    247.82 13  0.249    166.80 13  0.166  0.241  0.005  0.145  0.009 57855.26 58022.96 1 57855.26 58585.91 1   4.66   6.02  4.59  2.55  9.105e-14  8.655e-15  8.582e-14  1.092e-14  2.038e-06  3.388e-07  2.269e-06  3.662e-07   0.08  5.703e+42     0.00  6.996e+49  3.084e-06
J175849.74+585957.2       269.70731  58.99917 15.779 15.275 14472566 J175849.74+585957.2  178792697074129791                                                                                   14472566    0.2468    0.0527 PS1xWISE-STRM                                                                                                                                                                  59008.75    550.71 18  0.153    312.37 18  0.134  0.154  0.002  0.132  0.003 58927.02 59456.13 0 58927.02 59456.13 0  17.94  14.87  4.09  3.03  1.013e-13  5.579e-15  8.198e-14  7.314e-15  2.205e-06  2.061e-07  2.173e-06  2.537e-07   0.05  5.931e+43   -65.55  5.881e+50  2.988e-06
J175918.34+482759.3       269.82631  48.46656 15.014 14.404 25813160 J175918.34+482759.3  166162698262770565                                                                                   25813160    0.2692    0.1000 wiseScosPhotoz                                                                                                                                                                 58928.85    517.74 16  0.298    173.90 16  0.247  0.289  0.002  0.246  0.004 58726.96 59457.07 0 58928.85 59457.07 0   8.04   6.48  6.69  6.00  1.137e-13  7.475e-15  9.450e-14  1.279e-14  2.298e-06  2.292e-07  2.527e-06  4.599e-07   0.15  7.421e+43     0.00  6.969e+50  2.909e-06
J103622.74+750941.6       159.09481  75.16158 15.222 14.859   842494 J103622.74+750941.6  198191590946044686                                                                                     842494    0.2130    0.0212 PS1xWISE-STRM                                                                                                                                                                  58047.12    695.80 13  0.268    157.31 13  0.253  0.270  0.003  0.236  0.005 57841.39 58203.02 1 57841.39 58203.02 1   9.49   7.15  5.06  4.08  1.286e-13  7.342e-15  1.044e-13  1.188e-14  1.975e-06  1.275e-07  1.639e-06  2.621e-07   0.09  4.970e+43    -0.00  4.088e+50  2.897e-06
J220803.09+651938.9       332.01298  65.32744 15.476 14.278 14326988 J220803.09+651938.9  186393320129473676                                                                                   14326988    1.1200    0.0200 NEDz, NEDz_extcats                                                                                                                0.64 Q                                       56860.83    595.67 19  0.236    623.05 19  0.341  0.228  0.003  0.348  0.005 56860.83 57035.31 1 56860.83 57035.31 1   9.16   8.40  7.27  6.76  1.768e-13  8.649e-15  2.003e-13  1.013e-14  0.000e+00  0.000e+00  0.000e+00  0.000e+00   0.10  3.990e+45     0.00  2.111e+52  2.893e-06
J012238.82+250231.8        20.66174  25.04216 15.289 14.103  5868448 J012238.82+250231.8  138050206617261188                                                                                    5868448    2.0250    0.0200 NEDz, NEDz_extcats                                                                                                                0.07 QR                                      59051.95    924.56 19  0.251    223.22 19  0.366  0.244  0.004  0.363  0.008 59051.95 59415.99 0 59051.95 59415.99 0  12.52  12.01  7.17  4.43  3.045e-13  1.363e-14  2.728e-13  3.390e-14  0.000e+00  0.000e+00  0.000e+00  0.000e+00   0.06  2.596e+46    -0.00  8.893e+52  2.843e-06
J153420.17+740523.7       233.58420  74.08990 15.219 14.889 10113282 J153420.17+740523.7  196902335839798654                                                                                   10113282    0.1797    0.0228 PS1xWISE-STRM                                                                                                                                                                  58427.56    386.87 18  0.272    292.09 18  0.197  0.272  0.002  0.201  0.003 58427.56 58583.03 1 58427.56 58583.03 1   8.13   6.80  7.59  6.04  9.659e-14  6.830e-15  8.738e-14  9.074e-15  0.000e+00  0.000e+00  0.000e+00  0.000e+00   0.06  2.551e+43     0.00  2.640e+50  2.730e-06
J224454.69+303945.0       341.22788  30.66252 14.635 13.845   152996 J224454.69+303945.0  144793412278745639   3408130201241034060  WISE J224454.68+303945.2                                     152996                     PS1xWISE-STRM                                                                                                                                                                  58089.03    494.36 15  0.429    170.88 15  0.526  0.416  0.005  0.501  0.009 58089.03 58651.38 1 58089.03 58651.38 1  21.31  12.50  3.14  2.98  2.934e-13  1.864e-14  2.287e-13  3.020e-14  7.084e-06  9.845e-07  6.617e-06  1.037e-06   0.08                                          
J011924.82-251313.3        19.85342 -25.22037 15.897 15.163   169761 J011924.82-251313.3   77730198533465876                                                                                     169761                                                                                                                                                                                                    57567.78    150.64 17  0.156     48.53 17  0.175  0.146  0.005  0.175  0.009 57567.78 58459.37 1 57567.78 58098.60 1   7.45   3.81  2.73  3.52  9.611e-14  1.194e-14  8.164e-14  2.482e-14  3.250e-06  6.127e-07  2.840e-06  9.612e-07   0.07                                          
J204210.76+082439.2       310.54484   8.41090 14.365 13.945   281781 J204210.76+082439.2  118093105448693558                                                                                     281781    0.1698    0.0433 PS1xWISE-STRM                                                                                                                                                                  58244.39    141.26 16  0.578    159.83 16  0.461  0.563  0.005  0.445  0.008 58244.39 59139.43 0 58244.39 59139.43 0  10.69  18.07  4.44  2.77  2.187e-13  4.755e-14  2.476e-13  3.310e-14  5.795e-06  1.487e-06  6.175e-06  1.330e-06   0.04  5.766e+43    -0.00                      
J023621.91-105423.0        39.09132 -10.90642 15.764 15.570   316959 J023621.91-105423.0   94910390913282636                                                                                     316959    0.2359    0.0260 PS1xWISE-STRM                                                                                                                                                                  58324.60    362.52 17  0.168     90.82 17  0.201  0.170  0.009  0.183  0.013 58124.02 58484.73 1 58124.02 58484.73 1   5.69   4.70  3.59  2.99  1.541e-13  1.495e-14  1.174e-13  3.915e-14  0.000e+00  0.000e+00  0.000e+00  0.000e+00   0.08                                          
J132733.03-115718.9       201.88763 -11.95528 15.052 14.423   367443 J132733.03-115718.9   93652018876634075                                                                                     367443    0.3152    0.1000 wiseScosPhotoz                                                                                                                                                                 55388.62    152.20 17  0.214     99.78 17  0.177  0.211  0.006  0.187  0.012 55388.62 55576.07 1 55388.62 55576.07 1   7.55   5.09  3.31  2.64  1.300e-13  1.337e-14  1.075e-13  1.722e-14  0.000e+00  0.000e+00  0.000e+00  0.000e+00   0.14                                          
J043233.54+425141.5        68.13978  42.86154 13.924 13.292   395423 J043233.54+425141.5  159430681398904530                                                                                     395423                                                                                                                                                                                                    56907.82    720.00 14  0.791    496.99 14  0.707  0.783  0.005  0.711  0.008 56907.82 57271.21 1 56907.82 57076.07 1  10.95   8.45  6.33  5.74  3.290e-13  1.367e-14  2.530e-13  1.368e-14  0.000e+00  0.000e+00  0.000e+00  0.000e+00   0.04                                          
J103901.28-043229.7       159.75536  -4.54159 15.390 14.697   521206 J103901.28-043229.7  102551597555050396                                                                                     521206    0.2598    0.0567 PS1xWISE-STRM                                                                                                                                                                  57727.17    354.55 16  0.233     80.55 16  0.256  0.220  0.005  0.244  0.014 57528.84 57889.36 1 57528.84 57889.36 1   5.85   5.12  5.51  2.41  1.330e-13  1.246e-14  1.097e-13  2.133e-14  0.000e+00  0.000e+00  0.000e+00  0.000e+00   0.28                                          
J062037.41+514819.1        95.15592  51.80530 15.685 15.118   763226 J062037.41+514819.1  170160951559387078                                                                                     763226    0.3800    0.0926 PS1xWISE-STRM                                                                                                                                                                  57097.30    168.29 16  0.170     82.80 16  0.158  0.172  0.003  0.159  0.006 56929.73 57292.20 1 56929.73 57292.20 1   5.33   5.20  5.29  3.05  7.626e-14  8.846e-15  6.667e-14  1.195e-14  1.047e-06  1.566e-07  9.720e-07  1.979e-07   0.05                                          
J232704.59+282334.7       351.76915  28.39300 15.280 14.132   773961 J232704.59+282334.7  142073517691302185                                                                                     773961                                                                                                                                                       0.06 q                                       57565.13   1009.66 17  0.275    405.08 17  0.389  0.271  0.004  0.385  0.008 57374.86 58096.31 1 57374.86 58096.31 1  10.59   8.67  6.97  4.07  2.349e-13  1.278e-14  1.895e-13  1.931e-14  7.884e-06  5.298e-07  7.296e-06  8.797e-07   0.06                                          
J150101.32-274212.4       225.25549 -27.70345 14.869 14.339   842961 J150101.32-274212.4   74752252555246165                                                                                     842961    0.3281    0.0362 PS1xWISE-STRM                                                                                                                                                                  57239.47    171.86 14  0.372     95.27 14  0.332  0.357  0.006  0.332  0.011 57061.80 57428.79 1 57061.80 57428.79 1   5.75   4.24  5.33  4.00  1.649e-13  2.221e-14  1.197e-13  1.845e-14  4.143e-06  5.815e-07  3.278e-06  7.611e-07   0.06                                          
J080829.67+212423.6       122.12365  21.40656 15.418 14.776   964720 J080829.67+212423.6  133681221236438382                                                                                     964720    0.2636    0.1000 LSPhotoZZou, wiseScosPhotoz                                                                                                                                                    58206.87    716.63 15  0.224    233.29 15  0.266  0.201  0.006  0.227  0.014 58049.57 59144.79 0 58206.87 58780.83 1  17.70   4.57  2.60  4.03  2.263e-13  1.183e-14  1.627e-13  1.767e-14  8.956e-06  1.025e-06  6.705e-06  1.205e-06   0.07  8.072e+43   288.27                      
J154949.46+113452.5       237.45611  11.58126 15.387 14.683  1096158 J154949.46+113452.5  121892374560917956                                                                                    1096158                                                                                                                                                                                                    57514.83   7942.85 16  0.354   5371.33 16  0.501  0.230  0.006  0.252  0.009 57065.51 58525.58 1 57240.91 58890.14 1  34.14  19.61  4.74  5.92  8.246e-13  1.611e-14  7.131e-13  2.297e-14  6.277e-05  2.171e-06  6.264e-05  2.571e-06   0.07                                          
J063914.26+150652.9        99.80945  15.11471 14.403 13.273  1121198 J063914.26+150652.9  126130998094578184                                                                                    1121198                                                                                                                                                       0.04 q                                       57018.90  10012.65 16  0.633   5671.18 16  1.015  0.510  0.011  0.812  0.019 56935.21 58185.55 1 56935.21 58185.55 1  24.94  18.64  7.09  5.60  1.780e-12  2.348e-14  1.307e-12  3.118e-14  7.678e-05  2.744e-06  6.820e-05  2.717e-06   0.02                                          
J235857.01+420025.9       359.73758  42.00719 15.367 14.571  1179862 J235857.01+420025.9  158403597375449275                                                                                    1179862                                                                                                                                                                                                    57302.95   2874.62 14  0.305   1317.46 14  0.411  0.262  0.005  0.310  0.010 57030.24 58109.92 1 57030.24 58109.92 1  28.42  14.19  3.63  4.90  4.921e-13  2.306e-14  4.302e-13  2.413e-14  2.256e-05  1.109e-06  2.284e-05  1.425e-06   0.12                                          
J040214.31-233345.3        60.55967 -23.56262 14.741 13.861  1242706 J040214.31-233345.3   79720605596075099                                                                                    1242706    0.2296    0.1000 LSPhotoZZou                                                                                                                       0.04 q                                       58709.60    586.21 16  0.408    237.30 16  0.506  0.407  0.006  0.506  0.009 58709.60 58868.73 1 58709.60 58868.73 1  15.29   7.90  3.64  5.00  2.995e-13  1.916e-14  2.422e-13  3.604e-14  0.000e+00  0.000e+00  0.000e+00  0.000e+00   0.05  1.080e+44   129.42                      
J020252.75-322516.9        30.71980 -32.42136 14.933 13.978  1303231 J020252.75-322516.9   69090307197654706                                                                                    1303231                                                                                                                                                                                                    57384.57  10307.93 17  0.401   3944.73 17  0.583  0.331  0.007  0.486  0.013 57208.44 58832.33 1 57384.57 58465.33 1 106.95  31.28  3.48  5.57  2.262e-12  2.800e-14  1.476e-12  2.719e-14  6.743e-05  2.548e-06  6.003e-05  3.856e-06   0.12                                          
J213438.20-173906.9       323.65918 -17.65195 14.923 13.867  1340207 J213438.20-173906.9   86813236591627996                                                                                    1340207                                                                                                                                                       0.05 q                                       56971.68   1670.18 16  0.322    312.91 16  0.497  0.310  0.005  0.487  0.012 56971.68 57330.95 1 56971.68 57330.95 1  19.50  10.73  6.29  4.13  5.437e-13  1.690e-14  3.473e-13  4.275e-14  1.119e-05  5.854e-07  8.395e-06  8.753e-07   0.16                                          
J065304.44+630933.4       103.26852  63.15931 15.349 14.816  1394147 J065304.44+630933.4  183791032684691885                                                                                    1394147                                                                                                                                                                                                    57295.93    667.65 16  0.265    237.59 16  0.253  0.265  0.004  0.245  0.006 57295.93 57460.32 1 57295.93 57460.32 1  12.56   8.67  7.31  8.14  3.018e-13  3.664e-14  2.977e-13  3.205e-14  0.000e+00  0.000e+00  0.000e+00  0.000e+00   0.09                                          
J132220.07-060617.5       200.58366  -6.10490 14.811 13.773  1450648 J132220.07-060617.5  100672005836464470                                                                                    1450648                                                                                                              0.145 None    AT 2022clw   59623.22      0.05 qR                                      57209.04  10390.15 17  1.014  11538.01 17  1.371  0.373  0.009  0.530  0.017 56850.30 59020.09 0 56850.30 59020.09 0  77.16  77.83  8.02  5.81  4.971e-12  8.816e-14  4.967e-12  7.010e-14  2.047e-04  5.894e-06  2.043e-04  6.271e-06   0.05                                          
J092808.35-295154.6       142.03481 -29.86520 14.515 13.650  1566248 J092808.35-295154.6   72161420349162122                                                                                    1566248                                                                                                                                                                                                    57521.71    429.21 14  0.275    273.11 14  0.247  0.265  0.006  0.246  0.010 57521.71 58085.96 1 57521.71 58085.96 1   7.00   7.33  6.54  5.22  2.393e-13  1.901e-14  2.579e-13  2.046e-14  5.916e-06  6.601e-07  6.343e-06  9.396e-07   0.11                                          
J150426.43+401810.0       226.11011  40.30280 16.124 15.580  1667952 J150426.43+401810.0  156362261100524029                                                                                    1667952    0.3299    0.0622 PS1xWISE-STRM                                                                                                                                                                  57767.87    257.56 17  0.132    114.50 17  0.140  0.124  0.003  0.133  0.011 57403.19 57931.96 1 57403.19 57931.96 1  10.16   4.66  3.55  2.68  9.823e-14  1.083e-14  8.618e-14  1.392e-14  2.587e-06  2.965e-07  2.317e-06  4.765e-07   0.06                                          
J122716.86+465118.8       186.82027  46.85525 14.840 14.133  1669991 J122716.86+465118.8  164221868202396995                                                                                    1669991                                                                                                                                                                                                    57528.33    763.71 14  0.346    347.23 14  0.390  0.334  0.004  0.363  0.008 57362.17 57888.80 1 57362.17 58249.29 1   7.82  10.47  5.83  2.91  1.764e-13  1.154e-14  1.518e-13  1.640e-14  3.850e-06  3.509e-07  4.037e-06  4.219e-07   0.09                                          
J162636.61-024819.0       246.65256  -2.80527 16.304 16.171  1994496 J162636.61-024819.0  104632466525584139                                                                                    1994496    0.3313    0.0610 PS1xWISE-STRM                                                                                                                                                                  57077.62    743.75 16  0.149    164.57 16  0.186  0.127  0.006  0.204  0.027 56894.47 57615.40 1 57077.62 57253.38 1   8.69   4.86  4.37  1.68  1.922e-13  2.165e-14  1.421e-13  3.298e-14  2.846e-06  2.448e-07  2.009e-06  4.148e-07   0.30                                          
J063652.22+693033.6        99.21766  69.50936 14.014 13.064  1996876 J063652.22+693033.6  191410992177092042                                                                                    1996876                                                                                                                                                                                                    58388.37   1842.99 14  0.667   1873.18 14  0.866  0.510  0.008  0.650  0.014 58181.25 59119.22 0 58181.25 59119.22 0  19.11  18.79 11.43  9.50  1.510e-12  8.736e-14  1.644e-12  9.044e-14  3.365e-05  1.896e-06  3.540e-05  1.984e-06   0.02                                          
J110224.74-285813.1       165.60312 -28.97029 15.270 14.957  2032154 J110224.74-285813.1   73231656031485931                                                                                    2032154    0.3366    0.0415 PS1xWISE-STRM                                                                                                                                                                  58108.90     97.31 18  0.250    101.68 18  0.190  0.242  0.004  0.183  0.007 58108.90 58473.68 1 58108.90 58473.68 1   7.12   4.84  3.52  4.12  8.581e-14  1.175e-14  9.033e-14  1.337e-14  1.081e-06  1.812e-07  1.150e-06  3.529e-07   0.16  1.006e+44     0.00                      
J125825.20-144254.5       194.60503 -14.71513 15.285 14.628  2274917 J125825.20-144254.5   90341946050452186                                                                                    2274917    0.2524    0.0247 PS1xWISE-STRM                                                                                                                                                                  57032.83    187.18 19  0.263    200.15 19  0.252  0.255  0.008  0.249  0.011 57032.83 57207.13 1 57032.83 57207.13 1   6.86   5.46  3.92  4.48  2.007e-13  2.512e-14  1.817e-13  1.763e-14  0.000e+00  0.000e+00  0.000e+00  0.000e+00   0.16  1.134e+44    -0.00                      
J013244.16+094850.0        23.18404   9.81392 15.654 14.930  2277789 J013244.16+094850.0  119770231839807403                                                                                    2277789    0.3036    0.1000 LSPhotoZZou                                                                                                                                                                    58841.92    792.70 19  0.183    245.92 19  0.196  0.181  0.006  0.203  0.025 58681.41 59048.33 1 58681.41 59048.33 1  11.41   4.56  5.04  2.58  2.795e-13  1.861e-14  1.931e-13  2.872e-14  0.000e+00  0.000e+00  0.000e+00  0.000e+00   0.21                                          
J173401.68+351520.7       263.50702  35.25576 14.862 14.265  2310816 J173401.68+351520.7  150302635070327548                                                                                    2310816    0.2502    0.1000 LSPhotoZZou, wiseScosPhotoz                                                                                                                                                    59284.46    337.71 18  0.332    180.56 18  0.294  0.328  0.003  0.283  0.006 59284.46 59447.96 0 59284.46 59447.96 0   7.26   5.64  5.89  4.97  1.031e-13  6.736e-15  1.022e-13  9.800e-15  0.000e+00  0.000e+00  0.000e+00  0.000e+00   0.05  5.902e+43    -0.00                      
J050913.20-305918.5        77.30502 -30.98851 14.851 14.419  2387178 J050913.20-305918.5   70810773050314084                                                                                    2387178    0.2247    0.1000 LSPhotoZZou, wiseScosPhotoz                                                                                                                                                    57269.54    129.00 18  0.347     57.24 18  0.265  0.346  0.004  0.265  0.007 57269.54 57434.91 1 57269.54 57434.91 1   6.27   5.75  3.29  2.30  7.435e-14  1.015e-14  6.210e-14  1.494e-14  0.000e+00  0.000e+00  0.000e+00  0.000e+00   0.14                                          
J033429.79+705513.5        53.62410  70.92042 14.024 13.274  2455571 J033429.79+705513.5  193100536241735292                                                                                    2455571                                                                                                                                                                                                    58523.35   2057.83 16  1.041   1346.03 16  1.295  0.966  0.013  1.020  0.019 58523.35 59463.14 0 58367.43 59463.14 0   7.14   7.86  7.06  6.67  5.611e-13  2.083e-14  6.622e-13  3.249e-14  2.238e-05  1.763e-06  3.040e-05  1.983e-06   0.01                                          
J071538.89+234600.4       108.91208  23.76679 14.845 14.552  2459411 J071538.89+234600.4  136521089120880701                                                                                    2459411    0.2407    0.0171 PS1xWISE-STRM                                                                                                                                                                  57112.53    367.30 18  0.397    137.25 18  0.303  0.390  0.005  0.299  0.010 56942.18 57471.53 1 56942.18 57471.53 1   7.33   4.07  4.23  3.89  1.411e-13  1.588e-14  1.082e-13  2.254e-14  2.039e-06  2.292e-07  1.737e-06  3.386e-07   0.09  4.352e+43   289.36                      
J064917.63+623048.2       102.32351  62.51339 15.571 14.789  2473149 J064917.63+623048.2  183011023235296860                                                                                    2473149                                                                                                              0.061 None    AT 2020atq   58864.17                                                   59121.93   9180.82 18  0.219   4130.03 18  0.243  0.175  0.004  0.227  0.006 58913.20 59488.05 0 58913.20 59488.05 0  35.86  38.80  6.92  4.22  8.603e-13  1.325e-14  6.429e-13  1.717e-14  2.143e-05  3.891e-07  1.580e-05  5.527e-07   0.05                                          
J212840.82+270646.3       322.17008  27.11287 15.553 14.811  2491603 J212840.82+270646.3  140533221700956052                                                                                    2491603                                                                                                                                                                                                    57533.69   3359.66 18  0.190   1732.63 18  0.248  0.178  0.003  0.206  0.008 57345.87 58264.49 1 57345.87 58427.91 1  17.76  10.73  6.42  5.28  3.367e-13  1.224e-14  2.788e-13  1.198e-14  1.430e-05  8.658e-07  1.377e-05  9.518e-07   0.15                                          
J102810.90+251243.1       157.04542  25.21199 15.934 15.230  2555230 J102810.90+251243.1  138251570454754968                                                                                    2555230                                                                                                                                                                                                    57513.26    528.38 18  0.131    149.08 18  0.209  0.129  0.004  0.184  0.013 57347.90 58079.12 1 57347.90 57713.44 1   7.69   4.13  4.55  3.18  1.347e-13  1.209e-14  1.077e-13  1.379e-14  5.154e-06  5.001e-07  3.542e-06  8.428e-07   0.08                                          
J125628.49-071845.5       194.11870  -7.31267 14.546 13.999  2762262 J125628.49-071845.5   99221941187315219                                                                                    2762262    0.2922    0.1000 LSPhotoZZou, wiseScosPhotoz                                                                                                                                                    56842.96    216.15 19  0.533    169.87 19  0.546  0.523  0.007  0.455  0.013 56842.96 57204.07 1 56842.96 58650.43 1  18.38  12.57  6.37  5.51  6.946e-13  8.149e-14  6.029e-13  8.557e-14  8.014e-06  2.110e-06  1.124e-05  2.664e-06   0.02  5.461e+44     0.00                      
J115325.93-210808.9       178.35806 -21.13581 14.899 14.005  2949241 J115325.93-210808.9   82631783580417351                                                                                    2949241                                                                                                                                                       0.07 q                                       58275.51   7632.53 18  0.362   4347.74 18  0.425  0.329  0.005  0.390  0.010 58115.82 59370.68 0 58115.82 59370.68 0  49.27  41.77  4.35  2.74  9.329e-13  9.054e-14  7.744e-13  2.981e-14  3.676e-05  2.356e-06  3.988e-05  1.850e-06   0.08                                          
J141537.79+374406.4       213.90746  37.73512 15.002 14.221  3167956 J141537.79+374406.4  153282139075082752                                                                                    3167956                                                                                                                                                       0.08 q                                       58488.57    780.38 19  0.328    368.75 19  0.372  0.328  0.003  0.369  0.006 58281.67 58647.52 1 58281.67 58852.81 1  15.34  13.05  5.83  3.98  2.490e-13  1.506e-14  2.023e-13  1.702e-14  2.575e-06  2.212e-07  2.308e-06  2.035e-07   0.08                                          
J113912.40+462823.5       174.80168  46.47322 15.848 15.190  3175612 J113912.40+462823.5  163761748017688385                                                                                    3175612                                                                                                                                                                                                    58526.08    670.78 18  0.166    392.42 18  0.195  0.154  0.004  0.186  0.011 58240.64 58970.40 1 58447.20 59178.01 1   8.89   4.79  5.52  4.21  1.628e-13  8.102e-15  1.487e-13  1.446e-14  4.948e-06  6.203e-07  5.593e-06  8.158e-07   0.20                                          
J235410.21+162837.0       358.54254  16.47694 14.060 13.857  3277549 J235410.21+162837.0  127773585425462881   3584116601241010586  WISE J235410.20+162837.1                                    3277549    0.1001    0.0185 PS1xWISE-STRM                                                                                                                                                                  59188.74    260.07 19  0.755    239.07 19  0.543  0.756  0.006  0.534  0.010 59188.74 59552.92 0 59188.74 59552.92 0  10.47  13.24  5.69  2.51  2.976e-13  2.377e-14  2.227e-13  1.745e-14  4.024e-06  6.629e-07  2.993e-06  4.954e-07   0.07  2.300e+43     0.00                      
J203121.20+515011.0       307.83832  51.83642 15.071 14.348  3283285 J203121.20+515011.0  170203078383374510                                                                                    3283285                                                                                                                                                                                                    57905.13    351.21 16  0.330    444.55 16  0.418  0.297  0.006  0.300  0.010 57905.13 59000.39 1 57905.13 59527.89 0   8.38  11.87  3.30  2.25  1.500e-13  1.232e-14  1.771e-13  2.282e-14  9.273e-06  1.644e-06  1.466e-05  2.469e-06   0.03                                          
J092458.59-193746.4       141.24417 -19.62958 14.943 14.130  3388773 J092458.59-193746.4   84441412442164823                                                                                    3388773                                                                                                                                                                                                    58238.55   3806.62 18  0.646   3699.89 18  0.836  0.296  0.009  0.385  0.012 57349.29 59540.97 0 57349.29 59540.97 0  20.53  28.00  4.46  3.96  7.452e-13  2.697e-14  8.339e-13  2.929e-14  7.250e-05  3.522e-06  7.313e-05  4.342e-06   0.12                                          
J062804.42+284234.8        97.01844  28.70966 15.339 14.629  3412350 J062804.42+284234.8  142450970183811992                                                                                    3412350                                                                                                                                                                                                    57661.01    522.93 18  0.237    393.16 18  0.256  0.238  0.005  0.263  0.009 57458.61 57823.80 1 57661.01 57823.80 1   9.79   6.44  6.26  5.68  2.461e-13  1.562e-14  2.036e-13  1.450e-14  2.960e-06  2.098e-07  2.578e-06  2.245e-07   0.12                                          
J165042.27+614152.5       252.67616  61.69794 15.262 14.482  3422007 J165042.27+614152.5  182032526761188277                                                                                    3422007                                                                                                                                                       0.08 q                                       57040.56    819.26 18  0.248    273.41 18  0.296  0.240  0.005  0.290  0.007 56853.11 57571.18 1 56853.11 57403.36 1   6.76   5.81  4.05  4.33  1.160e-13  9.165e-15  1.122e-13  1.467e-14  3.054e-06  2.812e-07  2.799e-06  3.722e-07   0.07                                          
J085055.50-121005.9       132.73126 -12.16832 15.474 14.659  3427763 J085055.50-121005.9   93391327312538350                                                                                    3427763    0.3029    0.1000 wiseScosPhotoz                                                                                                                    0.08 qX                                      58955.84    158.27 18  0.236     76.27 18  0.242  0.216  0.004  0.232  0.007 58798.42 59529.48 0 58955.84 59320.74 1   6.02   4.50  5.95  4.39  1.242e-13  2.496e-14  9.576e-14  1.550e-14  2.967e-06  5.385e-07  2.754e-06  7.729e-07   0.11                                          
J105714.93+252352.9       164.31220  25.39802 15.341 14.320  3561230 J105714.93+252352.9  138471643121998206                                                                                    3561230    0.3214    0.1000 LSPhotoZZou                                                                                                                       0.08 q                                       58711.52    322.49 18  0.245    117.97 18  0.326  0.231  0.004  0.310  0.007 58607.12 59546.91 0 58607.12 59338.38 1  12.26   8.78  3.63  3.08  1.519e-13  1.272e-14  1.190e-13  2.609e-14  5.921e-06  7.805e-07  5.818e-06  1.205e-06   0.02                                          
J142019.39-185605.9       215.08083 -18.93499 13.903 13.044  3701506 J142019.39-185605.9   85272150808268365                                                                                    3701506                                                                                                                                                       0.08 q                                       58672.46   1503.45 19  0.858   1196.70 19  0.966  0.825  0.007  0.943  0.017 58308.39 58878.03 1 58308.39 58878.03 1   9.71   8.61  8.07  5.31  5.146e-13  2.144e-14  5.139e-13  2.239e-14  1.934e-05  9.923e-07  1.966e-05  1.298e-06   0.03                                          
J043128.08-040627.2        67.86704  -4.10759 14.949 13.886  3716081 J043128.08-040627.2  103070678670011302                                                                                    3716081                                                                                                                                                       0.11 QRX                                     57629.66   2156.78 18  0.482   2228.90 18  0.784  0.361  0.006  0.552  0.012 56900.72 58358.00 1 56900.72 58358.00 1  17.50  13.24  8.32  9.20  8.090e-13  2.505e-14  9.349e-13  2.611e-14  3.714e-05  2.630e-06  4.318e-05  3.530e-06   0.06                                          
J020958.46+041216.9        32.49362   4.20472 14.994 14.796  3761154 J020958.46+041216.9  113040324936906282    318104501241014637  WISE J020958.45+041217.0                                    3761154    0.1120    0.0148 PS1xWISE-STRM                                                                                                                                                                  58483.74    384.27 19  0.335    138.12 19  0.216  0.323  0.005  0.196  0.010 58323.44 59215.08 1 58323.44 59419.00 0  21.34  11.13  2.34  2.75  2.304e-13  1.446e-14  1.929e-13  2.865e-14  8.947e-06  1.479e-06  8.833e-06  2.326e-06   0.10                                          
J044117.64+155424.2        70.32349  15.90675 14.825 14.392  3770497 J044117.64+155424.2  127080703235208703                                                                                    3770497                                                                                                                                                                                                    58521.49    364.46 18  0.375    374.06 18  0.313  0.370  0.005  0.309  0.008 58366.27 58888.54 1 58366.27 58888.54 1  10.49   9.17  4.75  4.42  2.115e-13  2.064e-14  2.220e-13  1.634e-14  6.819e-06  8.721e-07  6.998e-06  7.888e-07   0.08                                          
J005355.45+011952.4        13.48104   1.33124 16.421 15.926  3863531 J005355.45+011952.4  109590134811327845                                                                                    3863531    0.5801    0.0587 PS1xWISE-STRM                                                                                                                                                                  59195.50   1011.48 18  0.118    193.75 18  0.168  0.110  0.005  0.154  0.037 59034.00 59401.21 0 59195.50 59401.21 0  15.24   3.84  3.81  2.37  2.572e-13  1.265e-14  2.186e-13  3.033e-14  4.315e-06  2.176e-07  3.652e-06  5.752e-07   0.07  1.019e+45     0.00                      
J205638.15-020509.0       314.15898  -2.08582 14.039 12.778  3883322 J205638.15-020509.0  105493141589567440                                                                                    3883322                                                                                                              0.108 None    AT 2021ahtt  59544.21                                                   55503.32   1149.89 18  0.201   1067.65 18  0.283  0.177  0.004  0.257  0.007 55503.32 56786.09 1 55503.32 56786.09 1  25.03  20.98 10.03 10.01  9.814e-13  3.183e-14  1.009e-12  3.376e-14  0.000e+00  0.000e+00  0.000e+00  0.000e+00   0.30                                          
J015732.61+100950.9        29.38591  10.16413 15.505 15.024  3887235 J015732.61+100950.9  120190293858537452                                                                                    3887235                                                                                                                                                                                                    57761.75    709.49 19  0.248    212.11 19  0.223  0.226  0.004  0.182  0.007 57761.75 58847.24 1 57761.75 59214.28 1  10.52  15.82  6.82  3.52  2.551e-13  1.460e-14  2.525e-13  2.521e-14  9.957e-06  1.130e-06  8.967e-06  1.850e-06   0.05                                          
J115103.77+530140.7       177.76573  53.02797 16.222 15.576  3891144 J115103.77+530140.7  171631777657624294                                                                                    3891144    0.3150    0.0100 NEDz, NEDz_extcats                                                                                                                0.02 Q                                       57348.87    839.51 18  0.104    305.41 18  0.175  0.104  0.004  0.199  0.034 56987.06 57714.75 1 57348.87 57514.30 1  10.46   3.43  6.00  2.25  2.183e-13  2.403e-14  1.685e-13  3.091e-14  2.560e-06  2.546e-07  2.092e-06  4.334e-07   0.23                                          
J012359.07-151908.9        20.99612 -15.31917 14.234 13.578  3966260 J012359.07-151908.9   89610209960997382    203015201241014330  WISE J012359.06-151908.8                                    3966260    0.2250    0.0228 PS1xWISE-STRM                                                                                                                                                                  58384.30    745.56 19  0.754    349.47 19  0.751  0.693  0.010  0.731  0.023 58103.67 59195.69 1 58303.83 58831.51 1   9.35   5.19  5.47  3.86  4.397e-13  3.717e-14  3.040e-13  4.638e-14  1.601e-05  1.359e-06  1.167e-05  1.716e-06   0.11  8.871e+43   365.07                      
J134824.57+083143.2       207.10239   8.52871 14.777 14.046  4005919 J134824.57+083143.2  118232071024044904                                                                                    4005919                                                                                                              0.108 None    AT 2019mss   58700.06      0.09 q                                       59226.93   1352.69 19  0.391    786.68 19  0.386  0.381  0.004  0.375  0.008 58860.03 59387.71 0 58860.03 59387.71 0  19.47  17.01  5.79  3.69  3.996e-13  1.713e-14  3.232e-13  1.889e-14  1.160e-05  5.710e-07  8.785e-06  5.970e-07   0.17                                          
J203035.47+532801.1       307.64786  53.46698 13.928 13.313  4076509 J203035.47+532801.1  172163076478551068                                                                                    4076509                                                                                                                                                                                                    57627.97   1216.12 16  0.893    889.93 16  0.870  0.884  0.006  0.846  0.008 57542.98 57906.96 1 57542.98 58073.70 1  18.91  12.14  4.63  5.81  4.376e-13  1.657e-14  3.598e-13  2.281e-14  9.690e-06  5.848e-07  9.289e-06  6.341e-07   0.05                                          
J022215.45+373115.5        35.56442  37.52100 14.818 13.827  4117418 J022215.45+373115.5  153020355644275852                                                                                    4117418                                                                                                                                                                                                    57412.80   4214.08 19  0.370   5844.58 19  0.487  0.183  0.010  0.340  0.013 57412.80 59435.34 0 57412.80 58703.87 1  16.50  17.80  9.77  8.91  1.431e-12  3.579e-14  1.352e-12  2.152e-14  6.093e-05  2.808e-06  5.501e-05  3.288e-06   0.06                                          
J070513.59+085011.2       106.30664   8.83644 15.114 14.383  4118095 J070513.59+085011.2  118601063066974138                                                                                    4118095    0.3535    0.0539 PS1xWISE-STRM                                                                                                                                                                  58192.24    994.12 18  0.328    404.86 18  0.353  0.327  0.005  0.345  0.009 58192.24 58401.83 1 58192.24 58557.33 1  15.86  13.97  7.58  3.74  4.915e-13  1.810e-14  2.934e-13  2.000e-14  0.000e+00  0.000e+00  0.000e+00  0.000e+00   0.14  2.441e+44   154.85                      
WISEA J102017.72+251554.3 155.07383  25.26510 15.042 14.658  4390098 J102017.72+251554.3  138311550738458684                                                 1695365 WISEA J102017.72+251554.3  4390098    0.1314    0.0000 NED-LVS                                                      0.088 composite                                                               SDSSJ102017.72+251554.4             57511.62    233.86 18  0.343    215.49 18  0.276  0.329  0.005  0.249  0.010 57346.39 58077.61 1 57511.62 58599.66 1   7.70   7.92  5.18  3.88  1.855e-13  2.271e-14  1.939e-13  1.803e-14  6.457e-06  1.132e-06  7.143e-06  1.325e-06   0.05  2.630e+43    -0.00                      
J123408.23+425702.5       188.53427  42.95072 15.019 14.570  4394336 J123408.23+425702.5  159541885343191490                                                                                    4394336    0.2302    0.0132 PS1xWISE-STRM                                                                                                                                                                  57532.54    179.72 18  0.330     67.87 18  0.260  0.328  0.004  0.258  0.008 57366.23 57730.41 1 57366.23 57892.80 1   7.04   7.45  6.10  2.77  1.380e-13  2.160e-14  1.106e-13  2.638e-14  1.980e-06  2.913e-07  1.644e-06  4.327e-07   0.13                                          
J123842.01+445903.1       189.67503  44.98420 14.718 13.719  4595822 J123842.01+445903.1  161981896750661775                                                                                    4595822                                                                                                                                                       0.09 q                                       57448.70   2957.24 18  0.526   1302.43 18  0.759  0.417  0.005  0.570  0.010 57172.91 58984.01 1 57172.91 59348.14 1  27.24  29.77  5.22  2.19  6.034e-13  1.644e-14  4.384e-13  2.342e-14  2.970e-05  1.930e-06  3.071e-05  2.370e-06   0.05                                          
J004514.88-211515.0        11.31205 -21.25419 14.592 13.953  4681150 J004514.88-211515.0   82490113120585345                                                                                    4681150    0.2457    0.1000 LSPhotoZZou, wiseScosPhotoz                                                              0.039 None    AT 2019mbp   58694.46      0.09 q                                       58818.01    265.51 19  0.510    111.46 19  0.509  0.497  0.011  0.487  0.020 58818.01 59023.13 1 58818.01 59185.26 1   6.06   5.05  4.97  4.12  2.964e-13  4.502e-14  2.650e-13  6.243e-14  0.000e+00  0.000e+00  0.000e+00  0.000e+00   0.19                                          
J212233.74+225642.3       320.64058  22.94512 15.163 14.084  4717226 J212233.74+225642.3  135533206405764690                                                                                    4717226                                                                                                                                                                                                    57530.94   3567.73 18  0.374   1798.08 18  0.590  0.279  0.005  0.455  0.010 57341.83 59520.09 0 57530.94 59155.94 1  56.77  10.65  1.79  5.84  4.889e-13  1.258e-14  4.061e-13  1.430e-14  2.880e-05  1.790e-06  3.069e-05  2.785e-06   0.06                                          
J004619.55-134423.8        11.58149 -13.73995 15.441 14.927  4841247 J004619.55-134423.8   91510115814242361                                                                                    4841247    0.2182    0.0341 PS1xWISE-STRM                                                                                                                                                                  58096.45    480.52 19  0.216    115.67 19  0.212  0.218  0.005  0.197  0.010 57931.24 58457.28 1 57931.24 58662.80 1   7.33   6.84  4.95  2.63  1.468e-13  1.024e-14  1.228e-13  1.877e-14  5.509e-06  6.561e-07  4.774e-06  9.202e-07   0.31  5.952e+43     0.00                      
J114211.66+174833.9       175.54857  17.80944 14.324 13.766  5093659 J114211.66+174833.9  129371755485561788   1760118101241009123  WISE J114211.66+174834.1                                    5093659    0.2182    0.0270 PS1xWISE-STRM                                                                                                                                                                  59350.23    396.82 18  0.579    180.86 18  0.506  0.565  0.008  0.504  0.012 59194.75 59558.87 0 59194.75 59558.87 0   7.90   5.69  4.76  5.46  2.751e-13  2.355e-14  2.507e-13  5.432e-14  0.000e+00  0.000e+00  0.000e+00  0.000e+00   0.12  7.269e+43   171.26                      
J084843.08+412431.0       132.17956  41.40862 15.680 14.545  5250532 J084843.08+412431.0  157691321795700971                                                                                    5250532                                                                                                                                                       0.13 R                                       58783.86    193.77 15  0.118    217.68 15  0.181  0.112  0.004  0.181  0.010 58416.85 58938.40 1 58416.85 58938.40 1  10.45   5.25  3.35  4.64  1.310e-13  1.643e-14  1.542e-13  1.776e-14  2.149e-06  2.866e-07  2.208e-06  3.002e-07   0.11                                          
J021652.50+273744.7        34.21877  27.62911 16.450 15.537  5487504 J021652.50+273744.7  141150342188005436                                                                                    5487504                                                                                                                                                                                                    57604.09   1607.47 16  0.326   1310.22 16  0.500  0.116  0.011  0.179  0.015 57046.53 59430.78 0 57236.95 59430.78 0  88.18  17.29  0.55  2.81  4.704e-13  2.950e-14  4.855e-13  2.674e-14  4.701e-05  3.620e-06  5.294e-05  4.387e-06   0.11                                          
J062938.03+400656.4        97.40847  40.11565 15.429 14.624  5620496 J062938.03+400656.4  156130974084799419                                                                                    5620496                                                                                                                                                                                                    57660.83    266.35 18  0.221    158.78 18  0.273  0.215  0.006  0.257  0.011 57660.83 58025.12 1 57660.83 58025.12 1   8.14   6.25  5.51  4.56  2.403e-13  2.371e-14  1.960e-13  2.000e-14  2.436e-06  3.573e-07  2.403e-06  6.241e-07   0.20                                          
J092725.05+213844.5       141.85443  21.64574 15.448 14.892  5785182 J092725.05+213844.5  133971418544585444                                                                                    5785182                                                                                                                                                                                                    57502.01    623.34 18  0.236    194.59 18  0.265  0.225  0.005  0.199  0.008 57337.05 58223.06 1 57337.05 58796.81 1  12.05   9.48  3.71  3.71  1.783e-13  1.171e-14  1.774e-13  2.949e-14  9.335e-06  1.205e-06  8.945e-06  2.336e-06   0.07                                          
J025056.67+164552.5        42.73614  16.76461 15.107 14.580  5802695 J025056.67+164552.5  128110427361388032                                                                                    5802695    0.3820    0.0818 PS1xWISE-STRM                                                                                                                                                                  58052.88    193.19 19  0.295     85.09 19  0.259  0.293  0.005  0.264  0.009 57972.06 58495.79 1 57972.06 58339.29 1   7.90   6.51  4.33  2.92  1.591e-13  1.447e-14  1.137e-13  2.019e-14  1.605e-06  5.010e-07  1.642e-06  3.477e-07   0.05                                          
J214629.68+041459.8       326.62364   4.24997 15.656 14.883  6011091 J214629.68+041459.8  113103266236630442                                                                                    6011091                                                                                                                                                                                                    57700.09   2088.45 18  0.208    770.53 18  0.231  0.194  0.004  0.225  0.007 57528.63 58259.74 1 57528.63 58259.74 1  15.41   9.77  7.56  6.28  3.722e-13  1.167e-14  2.903e-13  1.527e-14  1.584e-05  8.793e-07  1.391e-05  1.268e-06   0.17                                          
J080854.95-085443.6       122.22899  -8.91215 15.678 15.149  6049890 J080854.95-085443.6   97301222289725844                                                                                    6049890                                                                                                                                                                                                    57325.15    161.96 18  0.185    142.27 18  0.172  0.183  0.004  0.175  0.007 57325.15 57691.79 1 57325.15 57691.79 1   5.37   5.70  5.07  4.90  9.287e-14  1.284e-14  1.222e-13  1.653e-14  8.149e-07  2.030e-07  1.104e-06  2.688e-07   0.23                                          
J233114.41-223410.9       352.81005 -22.56974 15.249 13.993  6067046 J233114.41-223410.9   80913528100956604                                                                                    6067046                                                                                                                                                       0.11 q                                       59003.96    100.14 17  0.238    283.52 17  0.399  0.232  0.006  0.395  0.013 59003.96 59371.29 0 59003.96 59371.29 0   6.06   6.27  5.41  5.53  1.759e-13  3.044e-14  2.865e-13  2.372e-14  2.229e-06  5.218e-07  3.595e-06  5.700e-07   0.17                                          
J043032.92-074433.2        67.63720  -7.74261 14.906 14.379  6104327 J043032.92-074433.2   98700676371809245                                                                                    6104327    0.2707    0.1000 LSPhotoZZou, wiseScosPhotoz                                                                                                                                                    56984.03    193.02 16  0.326    106.63 16  0.292  0.321  0.005  0.280  0.008 56899.87 57261.71 1 56899.87 57261.71 1   8.00   5.45  3.96  4.20  1.256e-13  1.176e-14  1.216e-13  1.622e-14  1.533e-06  2.948e-07  1.678e-06  3.028e-07   0.04  8.130e+43    66.23                      
J101651.27+221138.2       154.21367  22.19394 15.075 14.631  6216292 J101651.27+221138.2  134631542137003274   1547122701241006431  WISE J101651.27+221138.2                                    6216292    0.1471    0.0126 PS1xWISE-STRM                                                                                                                                                                  57511.98    183.55 18  0.299     88.88 18  0.223  0.295  0.004  0.222  0.007 57346.75 57710.72 1 57346.75 57710.72 1   9.50   6.00  4.75  4.11  1.733e-13  2.821e-14  1.148e-13  2.094e-14  2.520e-06  4.403e-07  1.605e-06  3.939e-07   0.18                                          
J043553.09+613957.0        68.97124  61.66581 15.592 15.634  6226904 J043553.09+613957.0  181990689711579747                                                                                    6226904                                                                                                                                                                                                    57640.78   3630.78 18  0.263   1942.04 18  0.280  0.192  0.005  0.188  0.010 57276.61 59259.97 1 57441.65 58894.17 1  31.61   9.95  2.98  5.90  4.459e-13  1.075e-14  3.983e-13  1.435e-14  2.810e-05  1.584e-06  2.847e-05  2.178e-06   0.08                                          
J112511.46+540715.0       171.29779  54.12083 15.368 14.917  6249239 J112511.46+540715.0  172941712977945699                                                                                    6249239    0.3308    0.0589 PS1xWISE-STRM                                                                                                                                                                  58439.55     44.79 18  0.237     51.80 18  0.212  0.232  0.003  0.202  0.006 58439.55 58597.38 1 58439.55 58597.38 1   5.12   5.42  3.63  3.12  4.878e-14  1.158e-14  6.164e-14  1.251e-14  5.670e-07  1.370e-07  7.852e-07  1.665e-07   0.22                                          
J070314.61-202812.5       105.81094 -20.47016 14.764 14.134  6406261 J070314.61-202812.5   83431058110186063                                                                                    6406261                                                                                                                                                                                                    58195.70    778.10 17  0.382    738.52 17  0.410  0.375  0.007  0.391  0.013 58039.74 58405.26 1 58039.74 58405.26 1   9.82   9.22  5.82  4.63  3.744e-13  2.068e-14  3.591e-13  1.872e-14  0.000e+00  0.000e+00  0.000e+00  0.000e+00   0.06                                          
J003739.26+253906.7         9.41358  25.65183 14.930 14.422  6519527 J003739.26+253906.7  138780094133472627                                                                                    6519527    0.2193    0.1000 LSPhotoZZou, wiseScosPhotoz                                                                                                                                                    58675.30    398.75 19  0.347    162.00 19  0.304  0.331  0.006  0.281  0.009 58472.58 59407.15 0 58472.58 59407.15 0  17.51  11.93  3.54  3.37  3.362e-13  2.362e-14  2.434e-13  4.553e-14  1.280e-05  1.839e-06  1.230e-05  2.396e-06   0.04  4.853e+43   132.28                      
J125303.20-182752.1       193.26335 -18.46452 14.942 14.631  6526492 J125303.20-182752.1   85841932633882937                                                                                    6526492                                                                                                                                                                                                    57762.31    202.39 19  0.345    123.82 19  0.250  0.329  0.005  0.234  0.012 57762.31 58286.69 1 57762.31 58286.69 1   8.12   6.99  6.82  3.55  2.587e-13  3.359e-14  1.924e-13  2.756e-14  1.807e-06  3.578e-07  1.665e-06  4.028e-07   0.06                                          
J174101.68+265400.7       265.25702  26.90018 15.382 14.272  6639497 J174101.68+265400.7  140282652569550795                                                                                    6639497                                                                                                                                                       0.06 qR                                      55450.05    692.29 18  0.106    463.12 18  0.191  0.104  0.003  0.182  0.012 55450.05 56732.02 1 55450.05 56732.02 1  14.82   7.98  4.64  3.66  2.094e-13  1.026e-14  2.273e-13  1.420e-14  0.000e+00  0.000e+00  0.000e+00  0.000e+00   0.37                                          
J153800.18-283439.4       234.50080 -28.57762 14.257 13.309  6654510 J153800.18-283439.4   73702345008287066                                                                                    6654510                                                                                                                                                                                                    57247.36   1537.20 18  0.843    594.03 18  1.049  0.592  0.012  0.756  0.024 57071.81 59425.48 0 57071.81 59425.48 0  37.70   8.93  1.98  3.96  7.838e-13  3.365e-14  5.519e-13  2.714e-14  5.775e-05  6.030e-06  4.769e-05  9.603e-06   0.12                                          
J094922.27+193222.6       147.34278  19.53965 15.488 14.653  6660452 J094922.27+193222.6  131441473427948151                                                                                    6660452    0.3311    0.0362 PS1xWISE-STRM                                                                                                                                                                  58150.82    150.97 18  0.212     63.52 18  0.236  0.210  0.004  0.229  0.010 58073.42 58228.23 1 58073.42 58595.31 1   5.93   6.22  4.13  2.17  7.594e-14  9.708e-15  9.054e-14  2.039e-14  0.000e+00  0.000e+00  0.000e+00  0.000e+00   0.06                                          
J235441.73-163348.4       358.67394 -16.56343 14.406 13.607  6729249 J235441.73-163348.4   88123586739264252                                                                                    6729249                                                                                                              0.097 None    AT 2019afm   58507.61                                                   58809.81   4799.45 16  0.574   2115.31 16  0.653  0.535  0.009  0.619  0.013 58647.17 59378.53 1 58647.17 59378.53 1  24.90  24.29  4.69  3.61  9.738e-13  2.077e-14  7.519e-13  2.354e-14  3.722e-05  1.277e-06  3.078e-05  1.982e-06   0.10                                          
J061442.16+613908.2        93.67575  61.65230 15.933 15.009  6855944 J061442.16+613908.2  181980936758873555                                                                                    6855944                                                                                                                                                                                                    57095.97   3386.10 18  0.252   3195.00 18  0.344  0.137  0.006  0.191  0.010 56928.57 59481.78 0 56928.57 59481.78 0 118.59  58.14  1.83  3.36  1.110e-12  2.429e-14  1.240e-12  2.772e-14  4.599e-05  3.091e-06  4.899e-05  3.894e-06   0.09                                          
J023004.30+215908.0        37.51789  21.98558 14.565 13.735  6871647 J023004.30+215908.0  134380375178693256                                                                                    6871647                                                                                                                                                       0.12 q                                       57969.17    406.29 19  0.489    382.88 19  0.578  0.465  0.009  0.558  0.009 57969.17 58335.32 1 57969.17 58335.32 1   9.17   7.91  4.59  6.50  3.493e-13  3.083e-14  2.868e-13  2.007e-14  0.000e+00  0.000e+00  0.000e+00  0.000e+00   0.10                                          
J061119.07-052407.2        92.82948  -5.40198 14.916 14.286  7065744 J061119.07-052407.2  101510928295118041                                                                                    7065744                                                                                                                                                                                                    57455.85    445.40 16  0.415    277.00 16  0.482  0.395  0.008  0.446  0.013 57096.93 57658.23 1 57292.64 58022.57 1   7.61   6.35  5.13  4.29  2.827e-13  2.875e-14  2.219e-13  1.780e-14  7.596e-06  1.260e-06  6.949e-06  9.563e-07   0.03                                          
J054712.84+385427.6        86.80349  38.90772 15.441 14.811  7171785 J054712.84+385427.6  154680868035519876                                                                                    7171785    0.3701    0.1209 PS1xWISE-STRM                                                                                                                                                                  57650.14    996.48 17  0.247    400.91 17  0.302  0.224  0.010  0.262  0.019 57285.90 58172.92 1 57450.79 58172.92 1  13.13   6.98  2.63  2.39  2.922e-13  1.705e-14  2.094e-13  1.970e-14  1.302e-05  1.187e-06  1.023e-05  1.564e-06   0.09  4.328e+44    -0.00                      
J121405.63-154817.4       183.52350 -15.80484 15.581 14.490  7520049 J121405.63-154817.4   89031835235744654                                                                                    7520049                                                                                                                                                                                                    58117.92   1093.54 18  0.225    404.77 18  0.303  0.221  0.005  0.289  0.009 58117.92 58277.68 1 58117.92 58277.68 1  10.73  10.66  8.19  6.18  3.847e-13  2.287e-14  3.880e-13  2.956e-14  0.000e+00  0.000e+00  0.000e+00  0.000e+00   0.11                                          
J233512.83-210520.7       353.80345 -21.08911 15.603 15.032  7597898 J233512.83-210520.7   82693538034563541                                                                                    7597898    0.2821    0.1000 wiseScosPhotoz                                                                                                                                                                 58986.43    216.21 18  0.180    161.42 18  0.166  0.175  0.005  0.174  0.012 58804.42 59535.37 0 58804.42 59535.37 0   6.19   5.82  4.47  3.06  1.173e-13  1.474e-14  1.369e-13  1.871e-14  5.563e-06  9.379e-07  6.518e-06  1.479e-06   0.37  1.045e+44   141.96                      
J084219.71-193652.7       130.58212 -19.61462 15.803 15.301  7663782 J084219.71-193652.7   84461305820812776                                                                                    7663782                                                                                                                                                                                                    57338.97    433.76 18  0.179    150.46 18  0.202  0.165  0.005  0.190  0.013 56975.75 57864.56 1 57145.18 57504.10 1   6.88   4.82  4.71  3.10  1.379e-13  1.002e-14  1.253e-13  2.050e-14  3.494e-06  3.581e-07  3.257e-06  6.344e-07   0.10                                          
J122017.17-265347.3       185.07162 -26.89650 16.016 15.151  7740788 J122017.17-265347.3   75721850716564494                                                                                    7740788                                                                                                                                                       0.58 QR                                      58123.73    205.32 18  0.139    115.90 18  0.195  0.142  0.004  0.195  0.007 58123.73 58284.16 1 58123.73 58284.16 1   7.53   5.80  5.50  4.68  1.591e-13  2.129e-14  1.316e-13  1.821e-14  1.703e-06  2.117e-07  1.437e-06  2.242e-07   0.24                                          
J141031.37-164310.2       212.63076 -16.71954 15.419 14.844  7768058 J141031.37-164310.2   87932126307616977                                                                                    7768058    0.1953    0.0376 PS1xWISE-STRM                                                                                                                                                                  59239.87    107.47 19  0.203     68.71 19  0.209  0.196  0.008  0.209  0.018 59036.90 59401.14 0 59036.90 59401.14 0   4.37   5.70  3.24  1.87  9.443e-14  2.031e-14  1.214e-13  2.502e-14  1.197e-06  2.248e-07  1.505e-06  3.499e-07   0.13                                          
J064448.26-173919.2       101.20109 -17.65531 15.434 14.690  7789001 J064448.26-173919.2   86811012010923934                                                                                    7789001                                                                                                                                                                                                    58763.75    290.11 18  0.212    120.69 18  0.210  0.217  0.005  0.215  0.014 58763.75 58921.21 1 58763.75 58921.21 1   7.70   6.45  5.66  2.56  1.860e-13  4.888e-14  1.466e-13  2.080e-14  0.000e+00  0.000e+00  0.000e+00  0.000e+00   0.32                                          
J071221.93+061654.4       108.09144   6.28180 15.514 15.130  7819144 J071221.93+061654.4  115531080914418542                                                                                    7819144    0.2266    0.0365 PS1xWISE-STRM                                                                                                                                                                  59289.50    270.83 17  0.206    131.01 17  0.186  0.203  0.004  0.182  0.006 59135.19 59499.26 0 59135.19 59499.26 0   8.11   8.67  4.36  4.35  1.226e-13  9.132e-15  1.575e-13  1.749e-14  3.400e-06  5.195e-07  4.026e-06  7.707e-07   0.06  6.968e+43    -0.00                      
J004520.59+613833.6        11.33584  61.64266 13.903 13.377  7837891 J004520.59+613833.6  181970113359321920                                                                                    7837891                                                                                                                                                                                                    57970.19    454.56 16  0.450    818.85 16  0.317  0.418  0.008  0.323  0.021 57970.19 58701.11 1 57970.19 58701.11 1  11.13  11.01  6.24  2.93  4.857e-13  3.676e-14  4.433e-13  3.139e-14  1.655e-05  1.921e-06  1.518e-05  1.709e-06   0.14                                          
J113728.06+784612.7       174.36712  78.77022 15.382 14.821  8094041 J113728.06+784612.7  202521743670295081                                                                                    8094041    0.4210    0.0414 PS1xWISE-STRM                                                                                                                                                                  59141.26    114.74 17  0.224     61.02 17  0.210  0.224  0.002  0.208  0.004 59141.26 59505.44 0 59141.26 59505.44 0   5.68   5.55  5.32  3.72  5.721e-14  1.618e-14  4.741e-14  1.191e-14  1.470e-06  3.299e-07  1.187e-06  3.192e-07   0.10                                          
J043139.29+102922.7        67.91371  10.48970 14.975 14.477  8094425 J043139.29+102922.7  120580679136747930                                                                                    8094425                                                                                                                                                                                                    59249.92    709.84 18  0.357    572.60 18  0.317  0.342  0.005  0.297  0.008 58885.77 59458.68 0 58885.77 59458.68 0  12.13   9.28  5.06  5.29  2.586e-13  1.901e-14  2.498e-13  1.528e-14  6.299e-06  4.541e-07  5.929e-06  5.837e-07   0.08                                          
J170402.54+242904.4       256.01060  24.48454 15.931 15.258  8195085 J170402.54+242904.4  137382560105652042                                                                                    8195085                                                                                                                                                                                                    57717.41    528.56 18  0.148    451.03 18  0.204  0.144  0.003  0.167  0.010 57448.73 57981.12 1 57620.72 59438.14 0  14.02   7.64  5.24  3.65  2.001e-13  1.661e-14  1.740e-13  1.148e-14  5.454e-06  1.090e-06  7.154e-06  1.482e-06   0.07                                          
J235504.65+292407.8       358.76937  29.40217 15.450 14.757  8206480 J235504.65+292407.8  143283587693473190                                                                                    8206480    0.3888    0.0455 PS1xWISE-STRM                                                                                                                                                                  59032.74    162.81 19  0.231     56.21 19  0.228  0.230  0.003  0.233  0.007 59032.74 59398.77 1 59032.74 59194.22 1   6.38   4.76  5.05  3.81  8.459e-14  1.022e-14  8.540e-14  2.150e-14  1.004e-06  1.369e-07  9.780e-07  2.425e-07   0.15                                          
J022540.81+383550.6        36.42008  38.59744 16.110 15.407  8232221 J022540.81+383550.6  154310364201037585                                                                                    8232221                                                                                                                                                                                                    58340.80    608.54 19  0.133    116.46 19  0.193  0.132  0.003  0.173  0.011 58134.95 58498.46 1 58340.80 58498.46 1   7.57   3.99  5.96  3.82  1.353e-13  9.114e-15  1.114e-13  1.915e-14  0.000e+00  0.000e+00  0.000e+00  0.000e+00   0.06                                          
J153805.83+620136.9       234.52429  62.02691 15.286 14.669  8567100 J153805.83+620136.9  182432345243262957                                                                                    8567100    0.3576    0.0388 PS1xWISE-STRM                                                                                                                                                                  58371.13    245.26 16  0.243    107.39 16  0.233  0.239  0.002  0.230  0.005 58268.46 58632.60 1 58473.80 59204.58 1   7.12   5.83  5.20  5.67  6.770e-14  5.910e-15  9.775e-14  1.531e-14  1.055e-06  2.457e-07  1.341e-06  3.399e-07   0.03                                          
J055429.88-103217.4        88.62451 -10.53815 14.422 13.985  8709735 J055429.88-103217.4   95350886245004576                                                                                    8709735    0.1668    0.0188 PS1xWISE-STRM                                                                                                                                                                  57369.20    555.48 18  0.540    202.78 18  0.446  0.520  0.006  0.427  0.008 57286.86 58173.61 1 57286.86 58018.11 1   9.65   5.96  4.03  5.73  1.916e-13  1.208e-14  1.676e-13  1.632e-14  5.005e-06  6.370e-07  5.274e-06  1.032e-06   0.03  3.858e+43    70.57                      
J131854.38+611152.9       199.72654  61.19806 14.881 14.484  8890595 J131854.38+611152.9  181431997265598405                                                                                    8890595    0.2425    0.0289 PS1xWISE-STRM                                                                                                                                                                  58816.56    236.40 18  0.356     93.49 18  0.267  0.353  0.002  0.264  0.004 58816.56 58974.20 1 58816.56 58974.20 1  11.58   6.69  4.17  5.19  9.654e-14  7.342e-15  9.880e-14  1.629e-14  0.000e+00  0.000e+00  0.000e+00  0.000e+00   0.05  5.237e+43     0.00                      
J145154.56-162348.2       222.97734 -16.39677 14.677 13.736  8900436 J145154.56-162348.2   88322229774314303                                                                                    8900436                                                                                                              0.081 None    AT 2018etf   58336.14                                                   58782.63   1422.90 18  0.426    580.36 18  0.563  0.416  0.006  0.531  0.009 58519.57 59409.83 0 58519.57 59409.83 0  36.07  16.56  2.62  4.13  5.358e-13  2.647e-14  4.046e-13  4.447e-14  1.570e-05  1.431e-06  1.496e-05  1.762e-06   0.09                                          
J144921.87+095540.5       222.34112   9.92793 15.765 15.270  9208182 J144921.87+095540.5  119912223410913944                                                                                    9208182    0.2758    0.0658 PS1xWISE-STRM                                                                                                                                                                  57765.42    504.27 19  0.179    144.28 19  0.195  0.172  0.005  0.179  0.012 57585.22 58306.19 1 57585.22 58144.60 1   7.62   4.14  4.86  3.81  1.496e-13  1.078e-14  1.249e-13  2.265e-14  3.219e-06  3.545e-07  3.290e-06  6.767e-07   0.11  8.606e+43   141.24                      
J124030.17+731954.9       190.12585  73.33190 15.711 14.709  9227808 J124030.17+731954.9  195991901257819078                                                                                    9227808                                                                                                                                                                                                    56965.88    231.26 18  0.170    290.37 18  0.225  0.160  0.002  0.220  0.005 56965.88 57856.00 1 56965.88 57694.81 1   9.97   8.05  3.72  3.32  7.319e-14  7.194e-15  8.878e-14  1.023e-14  2.701e-06  3.995e-07  3.817e-06  5.433e-07   0.03                                          
J205534.90+254106.2       313.89538  25.68509 15.638 15.199  9296802 J205534.90+254106.2  138823138953682698                                                                                    9296802    0.2630    0.0880 PS1xWISE-STRM                                                                                                                                                                  57160.11    427.67 18  0.209    145.27 18  0.191  0.212  0.010  0.189  0.013 57160.11 57335.95 1 57160.11 57335.95 1   4.55   3.70  3.51  3.46  1.439e-13  1.343e-14  1.119e-13  1.764e-14  0.000e+00  0.000e+00  0.000e+00  0.000e+00   0.07                                          
J120242.63+195145.9       180.67763  19.86281 16.260 15.482  9426199 J120242.63+195145.9  131831806776695891                                                                                    9426199                                                                                                              0.081 None    AT 2020ima   58968.38                                                   59197.93   1504.90 18  0.106    288.97 18  0.174  0.104  0.004  0.171  0.013 58989.90 59355.51 0 58989.90 59355.51 0  19.37   9.47  3.76  2.54  2.710e-13  9.949e-15  2.096e-13  1.866e-14  4.286e-06  2.162e-07  2.769e-06  3.087e-07   0.13                                          
J185341.63+641420.8       283.42340  64.23913 15.768 15.341  9687601 J185341.63+641420.8  185082834234397699                                                                                    9687601    0.2776    0.0317 PS1xWISE-STRM                                                                                                                                                                  57713.79    311.61 18  0.168     96.27 18  0.148  0.165  0.002  0.142  0.007 57713.79 58074.48 1 57713.79 58274.16 1   8.25   6.35  4.17  1.93  6.229e-14  4.455e-15  5.387e-14  1.426e-14  4.628e-07  8.966e-08  5.438e-07  1.423e-07   0.04                                          
J172415.74+152405.4       261.06556  15.40151 14.663 14.177 10201810 J172415.74+152405.4  126482610655942302                                                                                   10201810    0.1846    0.0202 PS1xWISE-STRM                                                                                                                                                                  57988.90    266.07 16  0.404    125.33 16  0.335  0.399  0.004  0.319  0.007 57988.90 58552.61 1 57821.40 58552.61 1   5.57   6.75  5.16  3.26  1.077e-13  8.686e-15  9.671e-14  1.489e-14  2.458e-06  4.422e-07  3.629e-06  7.758e-07   0.05  3.012e+43    -0.00                      
J165047.14+734349.0       252.69626  73.73028 15.550 14.370 10650902 J165047.14+734349.0  196472526963817086                                                                                   10650902                                                                                                                                                       0.16 q                                       59303.71   1750.17 17  0.196   1471.28 17  0.289  0.191  0.002  0.283  0.004 58781.95 59511.00 0 58937.00 59511.00 0  28.27  15.93  4.78  4.69  1.896e-13  8.245e-15  1.857e-13  8.021e-15  4.335e-06  2.129e-07  4.062e-06  2.522e-07   0.12                                          
J215512.98-272527.3       328.80405 -27.42424 14.816 13.950 10666975 J215512.98-272527.3   75093288040591170                                                                                   10666975                                                                                                                                                                                                    57426.07   1369.97 18  0.420    618.59 18  0.563  0.404  0.005  0.484  0.011 57332.02 57884.37 1 57332.02 59143.46 1  17.36  14.18  5.87  3.38  4.619e-13  2.024e-14  3.467e-13  2.365e-14  1.687e-05  1.532e-06  1.659e-05  2.051e-06   0.10                                          
J082407.59+410103.4       126.03160  41.01760 15.622 14.866 10777204 J082407.59+410103.4  157221260316361869                                                                                   10777204                                                                                                                                                                                                    59038.99    651.36 17  0.196    240.79 17  0.224  0.190  0.003  0.205  0.006 58778.69 59508.06 0 58778.69 59508.06 0  13.23  10.27  4.83  3.25  1.819e-13  1.381e-14  1.376e-13  1.792e-14  6.766e-06  5.503e-07  5.639e-06  7.437e-07   0.09                                          
J003918.68+224031.0         9.82780  22.67533 15.174 14.833 10917937 J003918.68+224031.0  135210098278320966                                                                                   10917937    0.2103    0.0169 PS1xWISE-STRM                                                                                                                                                                  58674.78    354.40 19  0.277    210.71 19  0.211  0.269  0.005  0.204  0.021 58469.94 59406.19 0 58674.78 59406.19 0   8.28   5.47  3.70  1.71  1.403e-13  1.328e-14  1.289e-13  2.354e-14  4.397e-06  6.949e-07  5.100e-06  1.000e-06   0.02                                          
J112003.77+570758.5       170.01567  57.13289 15.152 14.613 11079514 J112003.77+570758.5  176561700156930182                                                                                   11079514    0.5442    0.0200 NEDz, NEDz_extcats, GLADEv23                                                                                                      0.12 KRX                                     57523.01    158.65 18  0.316    163.84 18  0.330  0.305  0.004  0.305  0.009 57340.73 58072.13 1 57506.14 58072.13 1   8.77   4.55  6.04  4.16  1.852e-13  3.391e-14  1.114e-13  1.564e-14  2.409e-06  5.932e-07  4.232e-06  7.703e-07   0.15  2.058e+44   222.65                      
J205002.28+361952.6       312.50952  36.33125 14.628 13.413 11686182 J205002.28+361952.6  151593125095178091                                                                                   11686182                                                                                                                                                                                                    58787.78   4348.96 14  0.921   4846.27 14  1.425  0.499  0.010  0.795  0.013 57164.35 59154.28 0 57164.35 59154.28 0 152.14 245.93  1.94  1.25  2.588e-12  1.237e-13  2.672e-12  1.088e-13  1.028e-04  4.891e-06  1.108e-04  5.795e-06   0.04                                          
J112141.09+550804.5       170.42115  55.13463 15.842 15.201 11901230 J112141.09+550804.5  174161704211982072                                                                                   11901230                                                                                                                                                                                                    57707.56   2029.03 18  0.269   1306.99 18  0.378  0.163  0.004  0.173  0.009 57343.01 58960.18 1 57343.01 58960.18 1  14.20  12.75  6.60  5.05  3.572e-13  1.278e-14  3.586e-13  1.569e-14  2.506e-05  1.514e-06  2.832e-05  2.249e-06   0.11                                          
J005408.99-265751.7        13.53753 -26.96439 14.642 14.102 12007679 J005408.99-265751.7   75640135374523058                                                                                   12007679    0.2146    0.0100 NEDz, NEDz_extcats, LSPhotoZZou                                                                                                                                                57370.12    201.43 19  0.427     79.52 19  0.401  0.430  0.004  0.390  0.015 57370.12 57730.34 1 57370.12 57927.07 1   5.86   3.56  4.92  3.09  1.133e-13  1.267e-14  1.043e-13  3.586e-14  1.285e-06  2.404e-07  1.237e-06  3.678e-07   0.03                                          
J223852.76-224957.6       339.71990 -22.83272 15.271 14.319 12015193 J223852.76-224957.6   80603397199001083                                                                                   12015193                                                                                                                                                                                                    58261.85   1708.22 18  0.248    668.68 18  0.326  0.201  0.005  0.253  0.012 57342.30 58425.36 1 57342.30 58626.09 1  13.48  11.19  7.77  4.97  4.728e-13  1.832e-14  4.227e-13  3.318e-14  2.581e-05  1.768e-06  2.418e-05  2.519e-06   0.02                                          
J114424.85-092832.8       176.10352  -9.47580 15.951 15.560 12173638 J114424.85-092832.8   96621761036849482                                                                                   12173638    0.3107    0.0425 PS1xWISE-STRM                                                                                                                                                                  58268.83    654.58 18  0.155    306.44 18  0.205  0.149  0.007  0.199  0.031 57905.27 58633.12 1 58109.56 58473.77 1  12.29   4.88  3.80  2.65  2.684e-13  2.025e-14  2.608e-13  2.861e-14  7.493e-06  5.774e-07  7.106e-06  1.065e-06   0.09  2.498e+44    -0.00                      
J225448.71+772110.7       343.70318  77.35299 15.595 14.879 12387983 J225448.71+772110.7  200823437031134410                                                                                   12387983                                                                                                              0.113 None    AT 2019gur   58607.49                                                   58794.85   2674.51 18  0.185   1328.33 18  0.191  0.181  0.002  0.179  0.004 58715.04 59241.07 1 58715.04 59446.25 0  20.43  20.22  8.22  5.15  3.323e-13  8.847e-15  2.909e-13  1.299e-14  1.007e-05  4.352e-07  1.072e-05  5.684e-07   0.11                                          
J010733.44+584002.6        16.88945  58.66737 14.567 13.816 12540636 J010733.44+584002.6  178400168895541616                                                                                   12540636                                                                                                              0.073 None    AT 2020kvx   58984.16                                                   59066.00   1464.69 19  0.417   1689.92 19  0.481  0.375  0.014  0.408  0.025 59066.00 59433.27 0 59066.00 59433.27 0  13.06  13.96  5.87  4.18  9.410e-13  5.127e-14  9.628e-13  3.852e-14  7.661e-06  4.041e-07  7.497e-06  4.359e-07   0.12                                          
J180006.19+313633.4       270.02579  31.60924 14.940 14.619 12670076 J180006.19+313633.4  145932700256281414                                                                                   12670076                                                                                                                                                                                                    58727.30    259.72 16  0.326    100.06 16  0.244  0.327  0.003  0.229  0.006 58727.30 59093.47 1 58727.30 59293.85 1   7.58   7.61  5.65  3.98  1.117e-13  1.084e-14  1.124e-13  1.588e-14  2.451e-06  3.111e-07  2.024e-06  4.098e-07   0.14                                          
J102435.39-200030.8       156.14746 -20.00862 15.316 14.503 12765255 J102435.39-200030.8   83981561475519995                                                                                   12765255                                                                                                              0.163 None    AT 2020ygg   59147.81                                                   59348.21   3698.15 18  0.234   1300.15 18  0.278  0.234  0.004  0.275  0.008 59192.00 59556.63 0 59192.00 59556.63 0  74.13  44.64  3.53  2.53  8.516e-13  1.881e-14  5.904e-13  2.864e-14  8.547e-06  2.330e-07  5.555e-06  2.946e-07   0.05                                          
J001347.66+062921.0         3.44855   6.48921 15.267 14.729 12868710 J001347.66+062921.0  115780034484977362                                                                                   12868710    0.3870    0.1416 PS1xWISE-STRM                                                                                                                                                                  59027.24    235.52 19  0.241    116.68 19  0.230  0.237  0.004  0.223  0.009 58824.32 59553.32 0 58824.32 59553.32 0  10.57   4.76  3.53  3.56  1.302e-13  1.797e-14  9.522e-14  1.743e-14  3.051e-06  4.447e-07  2.704e-06  5.099e-07   0.13                                          
J054632.67+461915.3        86.63619  46.32088 15.549 15.125 12928731 J054632.67+461915.3  163580866361255797                                                                                   12928731    0.1447    0.0272 PS1xWISE-STRM                                                                                                                                                                  59191.53    468.04 18  0.210    171.24 18  0.208  0.206  0.005  0.189  0.011 58748.18 59477.01 0 58903.34 59477.01 0  10.02   6.79  6.10  3.25  2.438e-13  3.378e-14  1.640e-13  2.178e-14  1.094e-05  1.317e-06  7.168e-06  1.174e-06   0.71                                          
J103116.41+322911.6       157.81845  32.48654 15.949 14.859 12948904 J103116.41+322911.6  146981578184824541                                                                                   12948904                                                                                                                                                       0.19 q                                       58599.09   2403.52 18  0.157    600.60 18  0.249  0.136  0.005  0.220  0.013 58233.93 59536.76 0 58441.37 59330.43 1  19.32   5.18  2.90  4.90  2.488e-13  1.266e-14  2.156e-13  2.931e-14  1.576e-05  9.027e-07  1.412e-05  1.612e-06   0.05                                          
J170427.76+060653.2       256.11572   6.11475 15.714 15.126 13045781 J170427.76+060653.2  115332561156998211                                                                                   13045781                                                                                                                                                                                                    59075.70    609.96 18  0.174    244.97 18  0.171  0.167  0.003  0.169  0.005 58912.36 59440.09 0 58912.36 59440.09 0  12.01   9.58  5.19  4.48  1.609e-13  8.639e-15  1.506e-13  1.290e-14  2.340e-06  1.760e-07  2.149e-06  2.971e-07   0.12                                          
J000821.46-035938.0         2.08948  -3.99394 15.173 14.487 13262070 J000821.46-035938.0  103200020894797745                                                                                   13262070    0.3500    0.0391 PS1xWISE-STRM                                                                                                                                                                  57729.57    195.96 19  0.305     56.17 19  0.347  0.293  0.004  0.320  0.008 57559.68 58092.29 1 57559.68 58453.05 1   7.02   5.25  4.86  3.75  1.328e-13  1.639e-14  1.089e-13  3.697e-14  4.458e-06  6.738e-07  3.569e-06  1.271e-06   0.15                                          
J041559.76+024907.4        63.99895   2.81873 15.365 14.704 13427365 J041559.76+024907.4  111380639989512871                                                                                   13427365    0.2965    0.0452 PS1xWISE-STRM                                                                                                                                                                  58149.68    129.74 18  0.260     83.34 18  0.239  0.251  0.006  0.238  0.008 57991.17 58513.89 1 57991.17 58355.25 1   5.14   4.52  3.84  4.30  1.064e-13  2.165e-14  9.614e-14  1.649e-14  2.428e-06  6.063e-07  2.374e-06  5.916e-07   0.06                                          
J122936.00+772229.3       187.40015  77.37476 16.272 15.987 13978222 J122936.00+772229.3  200851874001490501                                                                                   13978222    0.1554    0.0246 PS1xWISE-STRM                                                                                                                                                                  57484.53   1852.67 17  0.134    417.34 17  0.157  0.100  0.003  0.157  0.008 57319.44 59510.97 0 57484.53 58050.60 1  31.65   5.16  2.23  4.11  1.971e-13  7.359e-15  1.104e-13  1.007e-14  9.686e-06  6.892e-07  4.568e-06  9.703e-07   0.10                                          
J140354.52+234538.6       210.97711  23.76073 15.636 14.855 14196427 J140354.52+234538.6  136512109771883486                                                                                   14196427    0.1919    0.0400 LSPhotoZZou                                                                                                                                                                    58938.08    166.22 19  0.188    123.29 19  0.213  0.183  0.004  0.195  0.010 58858.22 59383.44 0 58858.22 59383.44 0  10.22   9.00  2.83  2.65  9.171e-14  1.366e-14  1.486e-13  2.672e-14  2.457e-06  4.170e-07  3.701e-06  6.806e-07   0.04  2.761e+43   240.44                      
J005454.13+011914.8        13.72560   1.32076 15.171 14.758 14996066 J005454.13+011914.8  109580137255795385                                                                                   14996066    0.2075    0.0119 PS1xWISE-STRM                                                                                                                                                                  58120.91    143.97 18  0.281    121.70 18  0.239  0.273  0.006  0.238  0.014 57938.86 58464.41 1 57938.86 58464.41 1   6.85   4.23  2.98  3.12  1.001e-13  1.326e-14  1.230e-13  2.798e-14  3.338e-06  6.318e-07  4.576e-06  1.021e-06   0.04  3.991e+43   -14.25                      
J045819.11-074604.7        74.57968  -7.76794 14.522 13.635 15341275 J045819.11-074604.7   98670745796608877                                                                                   15341275                                                                                                              0.072 None    AT 2018iql   58431.42      0.22 q                                       58523.53    572.09 18  0.500    581.38 18  0.619  0.490  0.008  0.605  0.011 58523.53 59462.59 0 58523.53 59462.59 0  31.12  30.08  2.45  1.81  5.470e-13  3.654e-14  3.992e-13  2.207e-14  1.612e-05  1.916e-06  1.754e-05  2.511e-06   0.03                                          
J210327.36-164619.7       315.86407 -16.77214 15.819 15.124 15378799 J210327.36-164619.7   87873158640133811                                                                                   15378799    0.2657    0.0250 PS1xWISE-STRM                                                                                                                                                                  58608.17    817.17 18  0.161    175.40 18  0.219  0.163  0.006  0.210  0.017 58405.09 58972.41 1 58405.09 58772.19 1   9.97   5.03  5.54  3.39  2.759e-13  2.419e-14  1.942e-13  2.945e-14  3.314e-06  2.818e-07  2.337e-06  3.335e-07   0.14                                          
J062957.91+604922.9        97.49119  60.82302 15.732 14.871 15623794 J062957.91+604922.9  180980974912238349                                                                                   15623794                                                                                                                                                                                                    57558.23    168.77 16  0.227     76.58 16  0.303  0.226  0.004  0.290  0.007 57456.92 57822.60 1 57456.92 57822.60 1   5.75   4.49  5.42  4.16  1.117e-13  1.514e-14  9.027e-14  2.154e-14  1.855e-06  2.436e-07  1.397e-06  3.183e-07   0.17                                          
J231842.49-224826.1       349.67703 -22.80732 14.454 14.298 15778612 J231842.49-224826.1   80633496770131556   3502022801241021679  WISE J231842.49-224826.0                                   15778612    0.0749    0.0092 PS1xWISE-STRM                                                                                                                                                                  59164.21    394.19 16  0.533    160.80 16  0.329  0.527  0.009  0.345  0.018 59001.35 59528.32 0 59164.21 59528.32 0  17.66   8.57  3.05  4.49  4.225e-13  3.690e-14  4.609e-13  4.939e-14  6.348e-06  1.159e-06  6.792e-06  9.646e-07   0.29  1.860e+43    -0.00                      
J103954.41+281619.2       159.97667  28.27196 15.443 14.651 16169795 J103954.41+281619.2  141921599767116927                                                                                   16169795    0.3055    0.1000 LSPhotoZZou                                                                                                                                                                    59333.81     80.77 18  0.233     65.90 18  0.273  0.233  0.004  0.254  0.006 59333.81 59540.00 0 58966.75 59540.00 0   4.92   6.96  4.54  4.31  7.082e-14  1.203e-14  1.233e-13  3.629e-14  6.374e-07  1.696e-07  1.251e-06  4.285e-07   0.14                                          
J022239.88-091459.7        35.66621  -9.25000 14.839 14.362 16251684 J022239.88-091459.7   96900356661730391                                                                                   16251684    0.2807    0.0234 PS1xWISE-STRM                                                                                                                                                                  57494.79    279.33 19  0.379    114.84 19  0.318  0.367  0.004  0.313  0.010 57398.91 57759.03 1 57398.91 57957.59 1   7.52   8.87  5.47  2.21  1.405e-13  1.633e-14  1.313e-13  1.587e-14  1.361e-06  1.441e-07  1.591e-06  2.665e-07   0.21  9.594e+43    74.87                      
J171820.74+240632.1       259.58647  24.10887 15.586 14.904 16476436 J171820.74+240632.1  136932595864391232                                                                                   16476436                                                                                                                                                                                                    57087.71   3116.54 18  0.274   1083.80 18  0.369  0.202  0.004  0.222  0.008 56906.73 58549.70 1 56906.73 58713.19 1  18.60   9.79  4.18  4.85  2.980e-13  8.481e-15  2.450e-13  1.426e-14  1.903e-05  1.253e-06  2.063e-05  2.243e-06   0.05                                          
J112116.75+135130.4       170.31975  13.85846 16.453 16.511 16523264 J112116.75+135130.4  124631703197150649                                                                                   16523264    0.1991    0.0280 PS1xWISE-STRM                                                                                                                                                                  58983.53   1112.76 18  0.122    472.67 18  0.218  0.106  0.007  0.201  0.047 58619.42 59556.05 0 58983.53 59189.07 1  18.81   2.87  2.83  2.56  3.379e-13  1.824e-14  2.259e-13  3.351e-14  1.217e-05  1.122e-06  8.389e-06  1.642e-06   0.12                                          
J135840.88+244242.8       209.67029  24.71196 15.564 14.786 16628026 J135840.88+244242.8  137652096703164954                                                                                   16628026                                                                                                              0.348 None    AT 2020afaa  58911.46                                                   58856.15    120.14 15  0.200     70.81 15  0.248  0.186  0.013  0.248  0.021 58856.15 59380.61 0 58856.15 59016.48 1  10.95   4.55  1.63  3.07  2.068e-13  2.942e-14  1.870e-13  5.102e-14  0.000e+00  0.000e+00  0.000e+00  0.000e+00   0.30                                          
J154642.26-290901.8       236.67609 -29.15045 14.711 14.108 16744838 J154642.26-290901.8   73012366761649731                                                                                   16744838                                                                                                              0.059 None    AT 2019sga   58762.22                                                   58696.19    354.09 18  0.352     70.74 18  0.318  0.324  0.010  0.307  0.012 58696.19 58900.33 1 58696.19 58900.33 1   7.81   8.34  5.24  3.73  3.727e-13  3.289e-14  2.530e-13  4.509e-14  0.000e+00  0.000e+00  0.000e+00  0.000e+00   0.22                                          
J214501.32+393410.8       326.25558  39.56971 15.442 14.570 16924464 J214501.32+393410.8  155483262555754244                                                                                   16924464                                                                                                                                                                                                    58906.69   2988.26 18  0.236    927.63 18  0.285  0.227  0.004  0.274  0.007 58643.15 59536.85 0 58643.15 59536.85 0  30.27  18.66  4.15  3.72  4.266e-13  1.713e-14  3.052e-13  2.730e-14  1.491e-05  8.017e-07  1.392e-05  1.157e-06   0.17                                          
J121657.65-234939.3       184.24027 -23.82764 16.061 14.901 17018388 J121657.65-234939.3   79401842402787070                                                                                   17018388                                                                                                                                                                                                    58122.18   1726.96 19  0.251   1296.04 19  0.387  0.139  0.005  0.172  0.021 57202.10 59012.83 1 57202.10 59377.01 0  15.62  20.02  4.94  1.52  3.663e-13  2.162e-14  4.173e-13  2.158e-14  3.824e-05  2.520e-06  4.673e-05  4.050e-06   0.05                                          
J114100.61-001250.5       175.25254  -0.21412 15.782 15.343 17200658 J114100.61-001250.5  107741752525833515                                                                                   17200658    0.1359    0.0185 PS1xWISE-STRM                                                                                                                                                                  57374.21    615.67 18  0.205    435.11 18  0.224  0.188  0.004  0.214  0.012 57181.80 58105.48 1 57181.80 57540.69 1  17.59   6.89  4.49  4.55  3.099e-13  1.959e-14  2.467e-13  1.687e-14  1.133e-05  9.207e-07  8.363e-06  9.902e-07   0.31  4.477e+43    -0.00                      
J185633.04+743634.2       284.13752  74.60945 15.378 14.944 17354096 J185633.04+743634.2  197532841373222128                                                                                   17354096                                                                                                                                                                                                    57994.46    838.33 18  0.221    574.03 18  0.197  0.220  0.002  0.188  0.004 57795.71 58358.96 1 57795.71 58725.91 1  12.07  10.59  6.24  4.81  1.411e-13  8.571e-15  1.288e-13  1.003e-14  5.688e-06  4.632e-07  6.265e-06  6.064e-07   0.09                                          
J124843.34-203053.6       192.18054 -20.51495 14.887 14.315 17984434 J124843.34-203053.6   83381921805552444                                                                                   17984434                                                                                                                                                                                                    57762.23     92.95 19  0.364     85.48 19  0.341  0.366  0.006  0.312  0.011 57762.23 57926.43 1 57565.90 58653.72 1   7.03   4.58  2.91  3.69  1.081e-13  1.566e-14  1.201e-13  3.414e-14  2.487e-06  8.254e-07  3.612e-06  9.576e-07   0.26                                          
J203219.91-220425.4       308.08305 -22.07371 14.541 13.812 18239766 J203219.91-220425.4   81513080830351980                                                                                   18239766                                                                                                              0.185 None    AT 2019hem   58643.44                                                   58964.56   1536.21 11  0.349    314.12 11  0.421  0.345  0.013  0.402  0.015 58597.31 59328.67 0 58597.31 59328.67 0  32.52  33.95  2.85  3.02  1.082e-12  4.197e-14  9.858e-13  6.927e-14  2.695e-05  1.074e-06  2.653e-05  2.445e-06   0.17                                          
J180959.18+064009.0       272.49663   6.66925 14.729 13.656 18278929 J180959.18+064009.0  116002724966443550                                                                                   18278929                                                                                                                                                                                                    58465.20   1438.25 16  0.349    578.92 16  0.584  0.320  0.005  0.531  0.011 58200.84 59096.34 1 58200.84 59096.34 1  14.02   9.12  6.28  4.71  3.701e-13  1.514e-14  3.031e-13  2.854e-14  1.566e-05  1.103e-06  1.496e-05  1.743e-06   0.13                                          
J100631.98-141104.7       151.63328 -14.18472 14.602 14.239 18381873 J100631.98-141104.7   90971516332798736   1520013701241004963  WISE J100631.99-141104.7                                   18381873    0.1837    0.0310 PS1xWISE-STRM                                                                                                                                                                  58715.29    190.09 18  0.447     51.63 18  0.354  0.447  0.007  0.353  0.009 58611.51 58819.08 1 58611.51 58977.47 1   6.96   6.49  3.15  3.00  1.390e-13  1.799e-14  1.149e-13  2.298e-14  0.000e+00  0.000e+00  0.000e+00  0.000e+00   0.15                                          
J081930.03-152630.3       124.87518 -15.44183 15.287 14.258 18419942 J081930.03-152630.3   89471248751770148                                                                                   18419942                                                                                                                                                       0.26 q                                       59235.39    179.11 18  0.257    121.64 18  0.352  0.251  0.005  0.344  0.010 58948.93 59522.95 0 58948.93 59522.95 0   6.07   8.68  5.66  3.04  1.516e-13  1.502e-14  1.764e-13  2.270e-14  5.991e-06  1.376e-06  7.344e-06  2.058e-06   0.13                                          
J220115.52+104118.6       330.31462  10.68846 16.277 15.930 18739152 J220115.52+104118.6  120823303146796684                                                                                   18739152    0.5406    0.0730 PS1xWISE-STRM                                                                                                                                                                  57901.25    387.61 18  0.131    110.58 18  0.185  0.122  0.004  0.186  0.014 57707.43 58428.69 1 57707.43 58265.43 1   7.38   2.98  5.16  2.97  1.209e-13  1.037e-14  8.016e-14  1.692e-14  2.287e-06  3.105e-07  1.996e-06  6.227e-07   0.09                                          
J195113.67+481647.8       297.80708  48.27999 15.686 15.301 18874416 J195113.67+481647.8  165932978070886595                                                                                   18874416    0.1706    0.0246 PS1xWISE-STRM                                                                                                                                                                  58981.06    145.07 18  0.199    112.90 18  0.146  0.191  0.006  0.154  0.015 58981.06 59143.93 1 58981.06 59143.93 1   5.00   6.81  3.85  1.70  1.013e-13  1.646e-14  1.139e-13  1.710e-14  0.000e+00  0.000e+00  0.000e+00  0.000e+00   0.18  2.684e+43    -0.00                      
J110518.34+601611.0       166.32651  60.26966 15.551 14.823 19608097 J110518.34+601611.0  180321663264944356                                                                                   19608097    0.3332    0.1000 LSPhotoZZou                                                                                                                                                                    58953.71    357.42 18  0.193    123.41 18  0.199  0.187  0.003  0.199  0.006 58796.21 59527.50 0 58953.71 59318.64 1  16.13   6.28  3.64  5.38  1.459e-13  1.338e-14  1.244e-13  1.980e-14  2.818e-06  2.944e-07  3.154e-06  5.528e-07   0.07  1.033e+44   156.42                      
J231909.72-304303.3       349.79062 -30.71756 15.860 14.863 19654223 J231909.72-304303.3   71133497905049405                                                                                   19654223                                                                                                              0.669 None    AT 2017gkz   57977.53                                                   58348.45    695.41 18  0.225    735.01 18  0.320  0.148  0.005  0.188  0.011 58069.39 59525.54 0 58069.39 59525.54 0  28.31  22.98  3.13  2.10  3.928e-13  3.292e-14  3.590e-13  5.454e-14  2.701e-05  3.022e-06  3.201e-05  3.793e-06   0.14                                          
J041717.30+000536.4        64.32205   0.09340 15.380 14.536 19801246 J041717.30+000536.4  108110643220212563                                                                                   19801246                                                                                                                                                                                                    58695.85    521.89 18  0.231    294.53 18  0.272  0.188  0.009  0.223  0.014 58149.56 59450.61 0 58355.08 59245.07 1   8.39   6.06  3.23  3.72  2.067e-13  1.606e-14  2.015e-13  1.652e-14  1.228e-05  1.433e-06  1.334e-05  2.528e-06   0.28                                          
J134240.32+093911.5       205.66803   9.65312 15.000 14.461 19830854 J134240.32+093911.5  119582056680634181                                                                                   19830854                                                                                  0.092 low S/N star-forming                                           0.09 BRX                                     57927.12    846.89 19  0.355    381.71 19  0.328  0.343  0.004  0.301  0.010 57762.89 58494.22 1 57762.89 58494.22 1  10.28   9.14  9.49  5.11  3.860e-13  2.175e-14  2.906e-13  2.145e-14  8.189e-06  7.433e-07  5.774e-06  8.958e-07   0.07                                          
J034702.11-272621.2        56.75878 -27.43931 15.462 14.551 19873872 J034702.11-272621.2   75070567587043204                                                                                   19873872                                                                                                                                                       0.37 R                                       57774.71    772.07 16  0.229    336.90 16  0.321  0.206  0.005  0.289  0.009 57242.88 58133.79 1 57608.25 58133.79 1  12.82   7.90  6.41  6.24  3.457e-13  1.981e-14  3.026e-13  3.572e-14  1.196e-05  9.971e-07  1.084e-05  1.350e-06   0.19                                          
J101921.02+384330.5       154.83751  38.72514 16.307 15.541 19902912 J101921.02+384330.5  154471548374620791                                                                                   19902912    0.3578    0.1051 PS1xWISE-STRM                                                                                                                                                                  58436.64    412.24 18  0.128    149.09 18  0.181  0.127  0.014  0.184  0.021 58227.92 58594.42 1 58436.64 58594.42 1   4.00   3.94  2.45  2.07  1.168e-13  1.870e-14  1.135e-13  1.948e-14  0.000e+00  0.000e+00  0.000e+00  0.000e+00   0.12                                          
J135833.77+670234.9       209.64073  67.04295 17.077 16.454 20122914 J135833.77+670234.9  188452096407532272                                                                                   20122914    0.6021    0.2574 PS1xWISE-STRM                                                                                                                                                                  57515.93   3095.39 18  0.096    581.10 18  0.176  0.086  0.003  0.182  0.028 57155.54 57876.11 1 57515.93 57715.29 1  18.04   3.33  4.43  2.19  2.235e-13  8.077e-15  1.312e-13  2.042e-14  6.181e-06  2.207e-07  3.626e-06  6.381e-07   0.17                                          
J122608.21-271604.4       186.53423 -27.26782 15.250 14.787 20145702 J122608.21-271604.4   75271865342668956                                                                                   20145702    0.2265    0.1000 wiseScosPhotoz                                                                                                                                                                 58651.79    179.54 18  0.225    174.09 18  0.203  0.215  0.007  0.181  0.025 58491.70 59016.29 1 58491.70 59016.29 1   9.75   8.96  2.95  1.48  1.742e-13  2.465e-14  2.154e-13  4.859e-14  6.054e-06  1.091e-06  7.575e-06  1.537e-06   0.05  5.288e+43   297.19                      
J141056.21-154420.3       212.73413 -15.73900 15.689 15.042 20270817 J141056.21-154420.3   89112127340863588                                                                                   20270817    0.3275    0.0385 PS1xWISE-STRM                                                                                                                                                                  57498.64    447.71 19  0.181     94.50 19  0.204  0.186  0.005  0.197  0.011 57412.72 57779.85 1 57412.72 57779.85 1   6.34   6.12  6.00  3.72  1.793e-13  1.418e-14  1.586e-13  4.936e-14  0.000e+00  0.000e+00  0.000e+00  0.000e+00   0.08                                          
J031647.78+320751.0        49.19912  32.13077 14.222 13.737 20424723 J031647.78+320751.0  146550491990897548                                                                                   20424723    0.2034    0.0281 PS1xWISE-STRM                                                                                                                                                                  58871.48    203.21 18  0.664    107.50 18  0.585  0.663  0.012  0.550  0.025 58871.48 59079.89 1 58507.98 59079.89 1   6.81   5.73  5.15  3.49  3.735e-13  5.036e-14  3.297e-13  9.033e-14  7.388e-06  1.107e-06  7.835e-06  2.351e-06   0.06                                          
J025411.57+194644.8        43.54816  19.77915 15.810 15.448 20425348 J025411.57+194644.8  131730435481175560                                                                                   20425348                                                                                                                                                                                                    58784.53    117.59 19  0.169     93.06 19  0.207  0.163  0.005  0.183  0.012 58704.76 59436.16 0 58704.76 59069.05 1   6.31   3.86  3.13  3.75  9.177e-14  1.298e-14  1.171e-13  2.725e-14  2.772e-06  6.407e-07  3.938e-06  1.109e-06   0.07                                          
J083416.84-054249.6       128.57014  -5.71386 15.893 14.952 20519341 J083416.84-054249.6  101141285701373781                                                                                   20519341                                                                                                                                                                                                    57234.30    494.55 18  0.154    159.18 18  0.239  0.142  0.008  0.183  0.013 57135.71 58062.33 1 57135.71 58427.99 1  11.49   5.93  2.39  3.00  1.919e-13  1.900e-14  1.548e-13  2.702e-14  1.080e-05  1.807e-06  9.959e-06  2.245e-06   0.14                                          
J084105.72+270110.3       130.27394  27.01952 15.760 15.118 20863642 J084105.72+270110.3  140421302739363994                                                                                   20863642    0.4808    0.0996 PS1xWISE-STRM                                                                                                                                                                  58054.84     86.69 18  0.192     61.17 18  0.218  0.188  0.011  0.210  0.015 58054.84 58212.29 1 58054.84 58212.29 1   4.02   5.89  2.61  1.84  1.041e-13  2.363e-14  1.092e-13  2.315e-14  1.222e-06  2.911e-07  1.255e-06  2.930e-07   0.23                                          
J000206.71+041628.1         0.52805   4.27449 14.821 14.406 21159330 J000206.71+041628.1  113120005280279896                                                                                   21159330    0.3241    0.0366 PS1xWISE-STRM                                                                                                                                                                  57647.36    140.58 19  0.385     76.62 19  0.327  0.377  0.004  0.317  0.007 57561.40 58093.94 1 57561.40 58093.94 1   7.57   5.59  3.88  3.41  1.149e-13  1.587e-14  8.908e-14  1.703e-14  2.150e-06  4.396e-07  1.985e-06  4.707e-07   0.07                                          
J133801.79-085910.7       204.50749  -8.98640 15.720 14.979 21205471 J133801.79-085910.7   97212045074906785                                                                                   21205471    0.3583    0.1023 PS1xWISE-STRM                                                                                                                                                                  59024.48    153.55 19  0.172     84.35 19  0.198  0.172  0.005  0.196  0.011 58863.64 59230.69 1 58863.64 59230.69 1   9.39   6.37  3.56  3.64  1.442e-13  1.844e-14  1.617e-13  3.193e-14  1.721e-06  2.787e-07  1.594e-06  4.364e-07   0.09  1.168e+44   151.82                      
J042644.78-140507.2        66.68667 -14.08528 14.816 13.844 21572847 J042644.78-140507.2   91090666866168012                                                                                   21572847                                                                                                                                                                                                    58149.23   1621.54 18  0.389    972.51 18  0.513  0.372  0.004  0.497  0.008 57990.63 58878.22 1 57990.63 58878.22 1  14.30  12.94  6.09  4.37  3.353e-13  1.216e-14  2.852e-13  1.397e-14  1.452e-05  8.821e-07  1.374e-05  1.046e-06   0.10                                          
J191650.60+672159.3       289.21107  67.36647 15.172 14.412 21819741 J191650.60+672159.3  188842892112230489                                                                                   21819741                                                                                                                                                       0.32 q                                       57479.45   1756.27 19  0.289    763.57 19  0.350  0.263  0.003  0.299  0.007 57210.11 58670.72 1 57210.11 58832.75 1  11.58  13.06  6.62  2.67  1.944e-13  8.530e-15  1.662e-13  1.180e-14  1.571e-05  1.181e-06  1.404e-05  1.477e-06   0.22                                          
J023656.51-022920.2        39.23555  -2.48905 14.577 13.664 22255104 J023656.51-022920.2  105010392355423412                                                                                   22255104    0.3080    0.1000 LSPhotoZZou                                                                                                                                                                    57766.14    194.96 16  0.296     64.09 16  0.320  0.283  0.005  0.304  0.011 57599.12 58327.43 1 57599.12 58126.74 1   6.55   4.35  4.12  2.79  1.286e-13  1.221e-14  8.816e-14  1.579e-14  2.381e-06  4.028e-07  2.396e-06  6.624e-07   0.21                                          
J155613.95+514943.1       239.05812  51.82856 16.692 16.050 22342124 J155613.95+514943.1  170192390581835055                                                                                   22342124    0.2990    0.0371 PS1xWISE-STRM                                                                                                                                                                  58218.23   1298.48 19  0.098    129.90 19  0.160  0.089  0.002  0.154  0.010 57936.65 58662.75 1 58137.82 58501.87 1   9.38   4.30  6.54  2.69  1.348e-13  7.307e-15  7.641e-14  1.240e-14  3.298e-06  1.938e-07  1.923e-06  3.971e-07   0.08                                          
J092628.40+332718.3       141.61827  33.45506 15.191 14.355 22645794 J092628.40+332718.3  148141416183276660                                                                                   22645794                                                                                                                                                                                                    58583.61    606.59 18  0.249    344.38 18  0.298  0.243  0.004  0.278  0.007 58428.88 59157.32 1 58428.88 59314.87 1   8.30   6.43  5.16  4.58  1.425e-13  1.200e-14  1.437e-13  1.551e-14  5.428e-06  5.205e-07  6.035e-06  7.462e-07   0.15                                          
J081418.63+243417.6       123.57760  24.57167 15.565 15.147 22934899 J081418.63+243417.6  137481235776176596   1238124201241024285  WISE J081418.63+243417.8                                   22934899    0.3720    0.0356 PS1xWISE-STRM                                                                                                                                                                  57318.87    156.63 17  0.177     99.75 17  0.149  0.172  0.006  0.160  0.010 57318.87 57483.56 1 57318.87 57483.56 1   8.14   4.70  4.73  4.02  1.919e-13  2.138e-14  1.220e-13  1.871e-14  1.999e-06  2.460e-07  1.548e-06  2.931e-07   0.22                                          
J133907.43+350626.1       204.78109  35.10726 15.676 15.067 22981011 J133907.43+350626.1  150122047810489421                                                                                   22981011                                                                                                                                                                                                    58274.95    706.11 18  0.188    301.92 18  0.202  0.186  0.003  0.189  0.008 57914.50 58481.10 1 58115.10 58639.74 1  12.07   7.36  4.85  3.86  1.767e-13  1.247e-14  1.450e-13  1.499e-14  4.779e-06  3.816e-07  4.160e-06  4.676e-07   0.18                                          
J011501.07+440529.1        18.75457  44.09151 16.793 16.800 22993695 J011501.07+440529.1  160910187547850562                                                                                   22993695                                                                                                              0.159 None    AT 2016ewf   57611.49                                                   57864.44   4388.63 19  0.123   1657.68 19  0.183  0.102  0.005  0.170  0.035 57598.29 58487.33 1 57598.29 58328.26 1  19.21   8.35  5.67  2.39  5.004e-13  1.254e-14  4.617e-13  3.461e-14  2.365e-05  8.978e-07  2.219e-05  1.895e-06   0.10                                          
J070904.11+502748.5       107.26721  50.46340 16.369 16.490 23074012 J070904.11+502748.5  168551072672476729                                                                                   23074012    0.3775    0.0530 PS1xWISE-STRM                                                                                                                                                                  58397.92   1381.54 18  0.125    232.73 18  0.170  0.121  0.003  0.152  0.017 58030.82 58552.87 1 58188.25 58552.87 1   9.84   9.37  7.49  1.71  2.106e-13  1.184e-14  1.737e-13  2.021e-14  5.952e-06  3.112e-07  4.421e-06  5.825e-07   0.06  3.010e+44    -0.00                      
J015610.73+103709.0        29.04481  10.61915 15.874 15.015 23231465 J015610.73+103709.0  120740290447413525                                                                                   23231465                                                                                                                                                                                                    59053.92    194.07 19  0.146    108.49 19  0.181  0.142  0.004  0.172  0.009 58686.70 59417.88 0 58686.70 59417.88 0   6.22   9.33  4.74  2.05  1.089e-13  2.205e-14  1.173e-13  2.599e-14  4.400e-06  8.529e-07  4.473e-06  9.564e-07   0.11                                          
J150558.86+000024.8       226.49535   0.00697 15.457 15.050 23285493 J150558.86+000024.8  108002264952528900                                                                                   23285493    0.2313    0.0443 PS1xWISE-STRM                                                                                                                                                                  57328.07     75.97 18  0.232    123.16 18  0.173  0.224  0.004  0.169  0.007 57233.45 57592.31 1 57233.45 57786.95 1   5.92  11.25  3.49  2.08  7.959e-14  1.400e-14  1.051e-13  1.324e-14  7.254e-07  1.862e-07  1.190e-06  1.985e-07   0.02                                          
J054542.92+314811.2        86.42893  31.80306 13.942 13.310 23333141 J054542.92+314811.2  146160864289224282                                                                                   23333141                                                                                                                                                                                                    57450.33   1017.66 16  0.980    562.18 16  1.026  0.941  0.014  0.753  0.038 57091.26 57649.72 1 57091.26 59269.87 1   6.34  10.18  5.48  1.97  4.416e-13  1.931e-14  5.001e-13  3.949e-14  2.288e-05  4.847e-06  3.557e-05  4.260e-06   0.08                                          
J074231.21+212654.0       115.63011  21.44844 15.151 14.680 23442096 J074231.21+212654.0  133731156301958669                                                                                   23442096    0.2087    0.0303 PS1xWISE-STRM                                                                                                                                                                  57395.22    297.22 17  0.293    155.58 17  0.314  0.288  0.005  0.282  0.010 57118.48 57838.06 1 57118.48 58198.64 1   9.05   8.00  4.01  3.22  1.468e-13  1.745e-14  1.639e-13  2.091e-14  3.839e-06  5.586e-07  5.101e-06  8.784e-07   0.01                                          
J154606.88+120935.9       236.52862  12.16006 16.092 15.928 23466182 J154606.88+120935.9  122592365286282569                                                                                   23466182    0.2041    0.0234 PS1xWISE-STRM                                                                                                                                                                  57959.66    397.26 18  0.153     84.93 18  0.156  0.122  0.003  0.161  0.013 57959.66 59418.05 0 57959.66 58160.24 1   9.44   5.63  4.43  2.17  1.285e-13  8.338e-15  1.023e-13  1.711e-14  4.963e-06  7.551e-07  2.822e-06  1.126e-06   0.17                                          
J150054.20+401706.2       225.22584  40.28497 15.517 14.569 23623212 J150054.20+401706.2  156342252257632552                                                                                   23623212                                                                                                                                                                                                    57402.28    237.77 16  0.182    103.30 16  0.251  0.182  0.003  0.242  0.006 57402.28 57570.47 1 57402.28 57570.47 1   9.13   6.14  4.66  3.98  1.270e-13  1.018e-14  9.633e-14  1.333e-14  0.000e+00  0.000e+00  0.000e+00  0.000e+00   0.25                                          
J003534.57+222305.6         8.89400  22.38481 15.687 15.218 23736563 J003534.57+222305.6  134860088939912306                                                                                   23736563    0.2907    0.1102 PS1xWISE-STRM                                                                                                                                                                  58208.63    424.46 18  0.215    211.54 18  0.243  0.185  0.007  0.209  0.024 57578.54 58469.31 1 57578.54 58469.31 1   6.04   4.71  4.20  2.13  1.562e-13  1.470e-14  1.603e-13  6.397e-14  9.214e-06  1.203e-06  8.697e-06  2.586e-06   0.15                                          
J180812.93+504712.6       272.05396  50.78676 15.206 14.424 24083756 J180812.93+504712.6  168942720539434772                                                                                   24083756                                                                                                              0.120 None    AT 2019aamg  58628.37                                                   58731.47    561.39 18  0.267    219.68 18  0.292  0.264  0.002  0.287  0.003 58566.92 58933.76 1 58566.92 59097.70 1   8.34   7.89  8.34  6.47  1.216e-13  1.154e-14  1.094e-13  1.016e-14  3.405e-06  3.078e-07  2.929e-06  4.238e-07   0.20                                          
J230206.50+121911.6       345.52705  12.31981 15.110 14.543 24568905 J230206.50+121911.6  122783455270184301                                                                                   24568905    0.2703    0.0301 PS1xWISE-STRM                                                                                                                                                                  59378.13    302.91 18  0.251    138.11 18  0.227  0.251  0.005  0.226  0.008 59173.66 59540.70 0 59378.13 59540.70 0   6.94   6.60  4.51  4.31  1.266e-13  2.155e-14  1.516e-13  1.928e-14  1.513e-06  2.393e-07  1.771e-06  2.754e-07   0.22  9.968e+43    -0.00                      
J165153.34-043113.7       252.97226  -4.52037 15.453 15.028 24763844 J165153.34-043113.7  102572529723145991                                                                                   24763844    0.1394    0.0363 PS1xWISE-STRM                                                                                                                                                                  57083.86    514.11 18  0.254    168.94 18  0.223  0.248  0.007  0.203  0.010 56900.44 57621.36 1 56900.44 57815.04 1   8.27  12.40  4.33  3.29  2.324e-13  1.404e-14  2.697e-13  3.068e-14  7.192e-06  1.026e-06  7.307e-06  1.579e-06   0.14  4.067e+43     0.00                      
J215032.30+393600.8       327.63466  39.60014 15.639 15.520 24928597 J215032.30+393600.8  155523276347340809                                                                                   24928597                                                                                                                                                                                                    59171.26   4781.94 16  0.466   2850.72 16  0.451  0.209  0.005  0.162  0.010 58079.97 59538.42 0 58079.97 59538.42 0  18.40  16.48  6.25  4.73  4.886e-13  1.441e-14  4.998e-13  1.867e-14  3.967e-05  2.645e-06  4.021e-05  4.216e-06   0.10                                          
J111124.80-290334.6       167.85326 -29.05956 15.626 14.718 24979476 J111124.80-290334.6   73121678533058841   1680028801241013308  WISE J111124.82-290334.7                                   24979476    0.1757    0.0271 PS1xWISE-STRM                                                                                                                                                                  57907.84   1267.31 18  0.238    227.43 18  0.275  0.178  0.004  0.202  0.008 57746.57 59206.15 1 57907.84 59365.57 0  18.44   9.46  3.87  3.54  2.285e-13  9.005e-15  1.685e-13  2.091e-14  1.740e-05  1.914e-06  1.203e-05  2.650e-06   0.11  6.060e+43    -0.00                      
J050910.43-022110.2        77.29348  -2.35273 16.183 15.286 25299614 J050910.43-022110.2  105170772935107228                                                                                   25299614                                                                                                                                                       0.06 q                                       57539.92   1119.61 18  0.121    477.94 18  0.192  0.117  0.003  0.169  0.013 57275.17 58003.66 1 57275.17 58003.66 1  18.46  10.00  5.39  2.65  2.789e-13  1.685e-14  2.166e-13  1.555e-14  7.235e-06  4.402e-07  6.332e-06  6.168e-07   0.21                                          
J034954.07+250130.4        57.47519  25.02506 14.982 14.112 25491799 J034954.07+250130.4  138030574751900655                                                                                   25491799                                                                                                                                                                                                    58876.53   1694.24 18  0.345   2174.97 18  0.432  0.334  0.004  0.420  0.007 58720.86 59448.98 0 58720.86 59448.98 0  27.15  29.95  4.83  3.84  4.422e-13  1.322e-14  5.600e-13  1.911e-14  1.430e-05  9.429e-07  1.973e-05  1.016e-06   0.29                                          
J051354.11+625020.4        78.47523  62.83900 13.926 13.248 25667134 J051354.11+625020.4  183400784751957575                                                                                   25667134                                                                                                                                                                                                    58013.33   6833.94 18  0.983   5511.44 18  1.083  0.814  0.011  0.892  0.038 57646.71 59472.85 0 57811.71 59472.85 0  16.50  11.60  7.55  3.91  1.215e-12  1.951e-14  1.137e-12  3.107e-14  5.948e-05  2.814e-06  5.469e-05  4.553e-06   0.10                                          
J060101.38-121855.8        90.25588 -12.31545 14.724 13.801 25777827 J060101.38-121855.8   93220902559811889                                                                                   25777827                                                                                                                                                                                                    57919.13   2796.84 18  0.414   1599.85 18  0.523  0.405  0.004  0.504  0.008 57818.47 58384.05 1 57818.47 58750.57 1  22.80  39.34  6.54  2.35  4.864e-13  1.129e-14  4.954e-13  2.263e-14  8.067e-06  5.978e-07  1.294e-05  1.041e-06   0.31                                          
J075046.35+275925.6       117.69320  27.99057 16.388 15.996 26717966 J075046.35+275925.6  141581176932319262                                                                                   26717966    0.3093    0.0461 PS1xWISE-STRM                                                                                                                                                                  57677.77    683.37 17  0.129    123.26 17  0.179  0.118  0.004  0.177  0.020 57478.16 58199.25 1 57478.16 57838.72 1   9.77   6.09  4.41  1.90  1.643e-13  1.114e-14  1.508e-13  2.326e-14  1.944e-06  1.526e-07  1.636e-06  3.113e-07   0.18  1.484e+44     0.00                      
J062612.82+242340.4        96.55356  24.39448 15.043 14.614 27237618 J062612.82+242340.4  137270965535623926                                                                                   27237618                                                                                                                                                                                                    57099.38    656.74 18  0.322    282.73 18  0.323  0.322  0.010  0.314  0.011 56931.88 57458.37 1 56931.88 57293.76 1   8.34   5.06  2.47  4.15  1.847e-13  1.316e-14  1.519e-13  1.445e-14  2.270e-06  2.496e-07  2.162e-06  2.642e-07   0.15                                          
J012124.45-204234.8        20.35201 -20.70969 14.779 14.375 27322686 J012124.45-204234.8   83140203519698670                                                                                   27322686    0.3824    0.0447 PS1xWISE-STRM                                                                                                                                                                  59112.12     84.27 17  0.380     64.23 17  0.321  0.377  0.010  0.302  0.015 59031.17 59557.50 0 59031.17 59557.50 0  13.62   4.85  1.53  3.26  1.782e-13  4.279e-14  1.555e-13  3.036e-14  5.875e-06  1.632e-06  5.964e-06  1.599e-06   0.24                                          
J053743.24+040031.9        84.43009   4.00879 15.932 15.063 27339147 J053743.24+040031.9  112810844301090945                                                                                   27339147                                                                                                                                                                                                    58378.36   1241.82 16  0.396   1117.56 16  0.394  0.188  0.012  0.244  0.014 57647.03 59473.65 0 57812.00 59264.97 1  14.66  11.07  3.29  4.72  5.250e-13  3.701e-14  4.595e-13  4.536e-14  4.407e-05  3.104e-06  3.516e-05  2.995e-06   0.25                                          
J063650.55+044631.9        99.21058   4.77545 14.096 13.501 27697322 J063650.55+044631.9  113730992105681019                                                                                   27697322                                                                                                                                                                                                    57664.61    259.14  9  1.414    393.51  9  1.760  1.318  0.017  1.354  0.032 57461.40 58186.03 1 57461.40 59281.18 0   7.65  11.29  6.16  3.70  7.099e-13  9.691e-14  8.846e-13  1.887e-13  3.481e-05  4.387e-06  4.169e-05  7.338e-06   0.07                                          
J014223.68+514152.6        25.59887  51.69803 16.522 16.476 28100223 J014223.68+514152.6  170030255988458308                                                                                   28100223    0.1974    0.0545 PS1xWISE-STRM                                                                                                                                                                  57412.20    365.42 19  0.134    122.36 19  0.202  0.115  0.006  0.178  0.014 57241.87 57972.38 1 57412.20 57774.10 1   5.06   3.96  4.63  2.92  1.187e-13  1.517e-14  1.075e-13  1.674e-14  3.069e-06  4.057e-07  2.591e-06  4.783e-07   0.26  3.860e+43    -0.00                      
J030600.96+395121.2        46.50384  39.85587 15.440 14.697 28271292 J030600.96+395121.2  155820465038267662                                                                                   28271292                                                                                                                                                                                                    57336.47    181.94 18  0.239     59.19 18  0.226  0.228  0.004  0.226  0.006 57253.27 57419.67 1 57253.27 57617.95 1   7.16   6.80  4.68  3.76  1.168e-13  1.042e-14  1.027e-13  2.089e-14  0.000e+00  0.000e+00  0.000e+00  0.000e+00   0.14                                          
J005432.53+710230.6        13.63559  71.04171 15.997 15.066 28288871 J005432.53+710230.6  193250136356390847                                                                                   28288871                                                                                                                                                                                                    59237.10    751.88 18  0.144    534.59 18  0.153  0.139  0.004  0.159  0.012 59079.39 59443.48 0 59079.39 59443.48 0  13.58  10.48  4.88  2.53  2.187e-13  1.332e-14  2.121e-13  1.368e-14  0.000e+00  0.000e+00  0.000e+00  0.000e+00   0.50                                          
J072249.40+692955.6       110.70609  69.49869 15.702 14.961 28392876 J072249.40+692955.6  191391107060099110                                                                                   28392876                                                                                                                                                                                                    58029.20    450.16 17  0.184    253.44 17  0.212  0.158  0.008  0.212  0.026 57826.78 58395.33 1 58029.20 58186.57 1   6.28   4.31  4.64  2.15  1.995e-13  1.937e-14  1.575e-13  2.965e-14  2.310e-06  2.112e-07  1.916e-06  3.349e-07   0.38                                          
J023427.78-045431.0        38.61589  -4.90867 14.224 13.746 28454499 J023427.78-045431.0  102110386157580076                                                                                   28454499                                                                                                                                                       0.54 X                                       57041.53  20172.57 19  0.993  21521.72 19  0.824  0.644  0.011  0.536  0.012 56868.97 59421.61 0 56868.97 59421.61 0  97.91 155.61  5.47  3.06  5.297e-12  5.189e-14  3.591e-12  3.089e-14  2.144e-04  5.906e-06  1.510e-04  5.759e-06   0.46                                          
J181133.70+080439.7       272.89030   8.07772 13.967 13.404 28603719 J181133.70+080439.7  117692728902993700                                                                                   28603719                                                                                                                                                                                                    57837.14    484.82 16  0.751    328.88 16  0.635  0.749  0.010  0.630  0.012 57837.14 58004.75 1 57837.14 58365.21 1   7.98   7.55  3.66  4.51  2.576e-13  1.588e-14  2.755e-13  2.205e-14  0.000e+00  0.000e+00  0.000e+00  0.000e+00   0.17                                          
J103312.78+335309.8       158.30311  33.88604 15.881 15.509 28635756 J103312.78+335309.8  148661583031663870                                                                                   28635756    0.3214    0.0445 PS1xWISE-STRM                                                                                                                                                                  57152.08    292.76 18  0.184    148.93 18  0.241  0.171  0.005  0.201  0.031 56983.74 58076.91 1 57152.08 59330.36 1   7.48   3.49  3.37  2.75  1.203e-13  1.214e-14  1.920e-13  3.349e-14  4.643e-06  1.542e-06  7.171e-06  3.902e-06   0.13  2.016e+44     0.00                      
J045611.35-304805.0        74.04748 -30.80136 15.495 15.122 28767635 J045611.35-304805.0   71030740474418644                                                                                   28767635    0.3112    0.1000 LSPhotoZZou                                                                                                                                                                    57631.03    125.96 18  0.221     94.53 18  0.170  0.216  0.003  0.177  0.006 57429.97 57796.40 1 57631.03 57796.40 1   6.67   4.89  4.98  4.75  9.444e-14  1.624e-14  8.823e-14  1.894e-14  0.000e+00  0.000e+00  0.000e+00  0.000e+00   0.32                                          
WISEA J093608.61+061525.9 144.03582   6.25709 14.316 14.138 28794291 J093608.61+061525.9  115501440358828989   1443106001241024394  WISE J093608.62+061526.1 1470413 WISEA J093608.61+061525.9 28794291    0.0080    0.0000 NED-LVS                                                      0.120 star_forming          2.607 SN      SN 2018hfm   58400.63               SDSSJ093608.59+061525.4             58438.77    648.76 18  0.602    294.23 18  0.365  0.596  0.005  0.357  0.008 58438.77 58960.78 1 58438.77 58960.78 1  54.49  16.20  2.17  2.82  4.769e-13  2.095e-14  2.331e-13  1.813e-14  2.856e-06  5.291e-07  3.139e-06  6.009e-07   0.72                                          
J143103.03-013908.2       217.76258  -1.65242 15.756 15.438 28798556 J143103.03-013908.2  106012177625927555                                                                                   28798556    0.2277    0.0169 PS1xWISE-STRM                                                                                                                                                                  58326.10    569.14 19  0.180    202.66 19  0.246  0.156  0.006  0.196  0.024 57779.84 59239.57 1 57945.08 59036.83 1  13.46   4.71  2.51  2.08  1.763e-13  1.750e-14  1.517e-13  3.063e-14  1.201e-05  1.809e-06  1.052e-05  2.847e-06   0.11                                          
J182533.33+352409.4       276.38873  35.40256 14.650 13.567 28959478 J182533.33+352409.4  150482763887353669                                                                                   28959478                                                                                                                                                       0.51 qX                                      57384.49   7110.04 18  0.630   4166.88 18  0.904  0.426  0.005  0.629  0.009 57111.96 58738.51 1 57111.96 59102.69 1  31.94  26.56  4.99  3.29  6.588e-13  1.637e-14  5.015e-13  1.057e-14  4.986e-05  1.581e-06  4.566e-05  2.218e-06   0.33                                          
J030741.17+391058.7        46.92143  39.18290 16.482 15.745 29385580 J030741.17+391058.7  155020469214570131                                                                                   29385580                                                                                                                                                                                                    59236.87   1403.47 18  0.103    465.01 18  0.177  0.096  0.008  0.170  0.030 59080.10 59444.17 0 59080.10 59444.17 0  22.66  11.13  2.40  1.19  3.741e-13  1.718e-14  2.612e-13  3.139e-14  9.945e-06  4.942e-07  7.357e-06  8.841e-07   0.26                                          
J120355.27+581945.3       180.98056  58.32933 14.638 13.863 29530455 J120355.27+581945.3  177991809804735889                                                                                   29530455                                                                                  0.072 low S/N star-forming  0.062 None    AT 2020bzn   58884.98      0.23 BRX SDSSJ120355.33+581945.8             58808.05   3281.64 18  0.548   2751.28 18  0.612  0.431  0.005  0.484  0.008 58235.10 59538.23 0 58235.10 59538.23 0  13.40  13.30 12.05  8.23  6.681e-13  1.821e-14  5.664e-13  1.537e-14  3.879e-05  1.763e-06  3.291e-05  2.269e-06   0.26                                          
J151606.19+150446.0       229.02583  15.07959 16.401 16.207 29567926 J151606.19+150446.0  126092290257846058                                                                                   29567926    0.2115    0.0393 PS1xWISE-STRM                                                                                                                                                                  58516.28   1633.04 19  0.107    420.18 19  0.192  0.110  0.007  0.183  0.040 58310.87 59042.34 1 58516.28 58677.69 1  10.82   3.66  4.47  2.61  2.982e-13  1.143e-14  2.477e-13  3.086e-14  3.385e-06  1.692e-07  2.917e-06  4.377e-07   0.34  1.128e+44     0.00                      
J030441.42+144044.4        46.17260  14.67915 15.254 14.922 29894986 J030441.42+144044.4  125610461725675549                                                                                   29894986                                                                                                                                                                                                    59069.91    175.97 19  0.293    108.28 19  0.234  0.281  0.013  0.226  0.009 58865.22 59437.07 0 58865.22 59437.07 0   6.63   5.87  2.04  4.04  1.552e-13  2.372e-14  1.430e-13  2.052e-14  1.609e-06  2.646e-07  1.531e-06  2.659e-07   0.33                                          
J231131.06-093113.6       347.87955  -9.52057 15.630 15.162 30737773 J231131.06-093113.6   96573478795265751                                                                                   30737773                                                                                                                                                                                                    57356.04     77.68 18  0.179     66.61 18  0.175  0.178  0.006  0.174  0.013 57178.32 57545.17 1 57178.32 57545.17 1   7.65   6.67  3.34  2.92  1.349e-13  2.407e-14  1.595e-13  3.588e-14  3.348e-06  7.365e-07  3.573e-06  9.202e-07   0.03                                          
J162515.24+210501.0       246.31337  21.08354 14.678 14.219 30825566 J162515.24+210501.0  133302463133730812   2469121201241023238  WISE J162515.21+210500.9                                   30825566    0.1685    0.0201 PS1xWISE-STRM                                                                                                                                                                  56980.84    465.92 17  0.307    158.02 17  0.311  0.272  0.014  0.308  0.019 56889.07 57607.81 1 56889.07 57607.81 1   4.86   8.96  4.68  2.10  2.807e-13  4.620e-14  2.347e-13  3.907e-14  1.045e-05  1.561e-06  8.012e-06  1.803e-06   0.65                                          
J155327.40+444137.7       238.36412  44.69396 15.082 14.663 31027039 J155327.40+444137.7  161632383641433407                                                                                   31027039    0.2264    0.1000 LSPhotoZZou, wiseScosPhotoz                                                                                                                                                    59239.94    184.47 19  0.289     93.71 19  0.222  0.289  0.002  0.226  0.004 59239.94 59401.44 0 59239.94 59401.44 0   8.20   7.65  5.03  4.24  8.439e-14  9.241e-15  8.837e-14  1.311e-14  1.082e-06  1.252e-07  1.088e-06  2.012e-07   0.12  3.980e+43     0.00                      
J074012.40+071723.6       115.05151   7.28988 15.566 14.558 31037651 J074012.40+071723.6  116741150514638309                                                                                   31037651                                                                                                                                                                                                    57759.28    543.44 16  0.201    200.74 16  0.259  0.189  0.005  0.242  0.014 57678.80 58200.34 1 57678.80 58410.16 1  10.34   7.42  4.37  2.31  2.026e-13  1.379e-14  1.555e-13  1.973e-14  3.980e-06  4.527e-07  3.493e-06  6.049e-07   0.35                                          
J081001.65-162435.6       122.50702 -16.41000 14.842 14.351 31184395 J081001.65-162435.6   88301225070108353                                                                                   31184395                                                                                                                                                                                                    57133.33    178.66 18  0.342    182.15 18  0.292  0.340  0.009  0.290  0.020 56965.01 57328.96 1 57133.33 57492.16 1   6.58   9.39  4.07  1.52  2.174e-13  3.303e-14  1.839e-13  2.396e-14  2.847e-06  4.148e-07  2.493e-06  3.832e-07   0.37                                          
J134011.15+422933.8       205.04671  42.49276 14.762 14.378 31701770 J134011.15+422933.8  158992050467181915                                                                                   31701770    0.1949    0.0412 PS1xWISE-STRM                                                                                                                                                                  57379.43    255.51 18  0.399    208.71 18  0.306  0.392  0.003  0.301  0.006 57379.43 57746.36 1 57379.43 57907.14 1  12.48  10.26  5.94  4.52  2.103e-13  1.697e-14  1.798e-13  1.787e-14  1.560e-06  2.625e-07  1.505e-06  2.505e-07   0.19  6.617e+43    -0.00                      
J134837.58-232144.8       207.15678 -23.36242 15.268 14.962 31878640 J134837.58-232144.8   79962071567485407                                                                                   31878640    0.3368    0.0325 PS1xWISE-STRM                                                                                                                                                                  58141.95    187.10 19  0.258     96.05 19  0.233  0.261  0.005  0.217  0.013 57942.51 58303.32 1 58141.95 58303.32 1   6.38   3.82  3.70  3.55  1.139e-13  1.536e-14  1.131e-13  1.936e-14  1.441e-06  1.858e-07  1.295e-06  2.464e-07   0.34  1.292e+44    -0.00                      
J053603.01-142739.4        84.01237 -14.46097 15.831 15.295 31918867 J053603.01-142739.4   90640840123547285                                                                                   31918867                                                                                                                                                                                                    57364.01   6280.29 18  0.256   2102.28 18  0.316  0.195  0.014  0.230  0.014 56919.57 58012.76 1 56919.57 58012.76 1  12.73   9.11  3.96  6.82  6.433e-13  1.775e-14  5.494e-13  2.040e-14  3.426e-05  1.422e-06  3.276e-05  1.913e-06   0.24                                          
J035513.10+280728.2        58.80459  28.12469 16.221 15.743 31958215 J035513.10+280728.2  141750588045920279                                                                                   31958215    0.1873    0.0440 PS1xWISE-STRM                                                                                                                                                                  58877.98    934.45 18  0.127    225.72 18  0.193  0.119  0.009  0.148  0.030 58722.61 59450.82 0 58722.61 59450.82 0  17.21   3.92  2.06  3.00  2.862e-13  1.455e-14  2.301e-13  3.639e-14  6.494e-06  5.841e-07  6.232e-06  1.285e-06   0.29  5.045e+43   309.33                      
J031746.51+505815.8        49.44365  50.97093 15.936 15.559 32354638 J031746.51+505815.8  169160494436015758                                                                                   32354638                                                                                                                                                                                                    58720.31    227.99 18  0.163     63.42 18  0.149  0.160  0.004  0.152  0.006 58720.31 58877.47 1 58720.31 58877.47 1   8.97  10.69  5.86  4.60  1.647e-13  3.535e-14  1.839e-13  3.476e-14  1.974e-06  3.074e-07  2.067e-06  5.531e-07   0.10                                          
J074322.31+701741.3       115.84312  70.29464 15.334 14.928 32458889 J074322.31+701741.3  192351158431824306                                                                                   32458889    0.3064    0.1000 LSPhotoZZou, wiseScosPhotoz                                                                                                                                                    57302.12    206.09 18  0.256    167.47 18  0.185  0.255  0.003  0.188  0.006 57302.12 57467.35 1 57302.12 57467.35 1   6.76   5.63  5.39  4.42  1.043e-13  9.898e-15  9.088e-14  1.001e-14  0.000e+00  0.000e+00  0.000e+00  0.000e+00   0.02  9.146e+43    -0.00                      
J234109.66-100213.7       355.29046 -10.03719 15.090 14.707 33190934 J234109.66-100213.7   95953552904325756                                                                                   33190934    0.1834    0.0283 PS1xWISE-STRM                                                                                                                                                                  58646.31    174.27 18  0.304    163.16 18  0.222  0.297  0.009  0.212  0.014 58445.29 58809.52 1 58445.29 58809.52 1   5.43   7.11  3.48  3.33  1.496e-13  3.061e-14  2.123e-13  4.343e-14  0.000e+00  0.000e+00  0.000e+00  0.000e+00   0.26  3.501e+43   137.91                      
WISEA J085808.47+082116.1 134.53532   8.35469 14.195 13.982 33686249 J085808.47+082116.1  118021345352996114                                                 1042618 WISEA J085808.47+082116.1 33686249    0.1413    0.0000 NED-LVS                                                      0.100 low S/N star-forming                                                                                        58507.31    203.15 17  0.663    242.55 17  0.480  0.657  0.022  0.456  0.023 58429.94 58951.62 1 58429.94 59158.60 1   5.90   6.09  1.98  2.82  2.224e-13  3.333e-14  2.594e-13  3.693e-14  6.515e-06  1.471e-06  1.107e-05  1.705e-06   0.20  3.625e+43   -67.80                      
J183948.34+674334.2       279.95113  67.72635 14.424 13.819 33690240 J183948.34+674334.2  189272799512752299                                                                                   33690240                                                                                                                                                                                                    57486.49   3178.44 19  0.589   1982.77 19  0.605  0.555  0.002  0.529  0.004 57217.53 58838.53 1 57391.41 59204.54 1  19.36  18.18  5.67  4.64  2.250e-13  6.622e-15  2.384e-13  1.189e-14  1.594e-05  9.941e-07  1.788e-05  1.119e-06   1.57                                          
J022233.72+563147.1        35.64091  56.52979 15.347 15.369 33795239 J022233.72+563147.1  175830356409116454                                                                                   33795239                                                                                                                                                                                                    58712.34    857.98 11  1.086   2643.91 11  1.646  0.326  0.031  0.166  0.032 57983.72 59443.04 0 57983.72 59443.04 0  36.44  64.68  1.10  1.09  1.105e-12  1.906e-13  1.471e-12  7.936e-14  9.169e-05  1.119e-05  1.290e-04  1.095e-05   1.08                                          
J131846.56-180856.4       199.69424 -18.14907 15.671 14.812 33847419 J131846.56-180856.4   86221996941951420                                                                                   33847419                                                                                                                                                                                                    59023.55    551.40 16  0.204    244.42 16  0.262  0.191  0.006  0.254  0.013 58862.82 59390.60 0 58862.82 59390.60 0  14.31  15.85  2.86  1.57  2.197e-13  1.841e-14  2.066e-13  2.427e-14  8.418e-06  7.270e-07  8.758e-06  1.139e-06   0.26                                          
J182418.47+634352.8       276.07712  63.73156 15.065 14.497 34080438 J182418.47+634352.8  184472760770218686                                                                                   34080438                                                                                                                                                                                                    57684.70    529.16 16  0.289    372.16 16  0.248  0.287  0.002  0.248  0.003 57684.70 57878.15 1 57684.70 57878.15 1  13.00   7.17  5.31  6.47  1.119e-13  5.481e-15  1.037e-13  6.314e-15  0.000e+00  0.000e+00  0.000e+00  0.000e+00   0.21                                          
J224447.42+465630.7       341.19730  46.94193 15.375 14.357 34106936 J224447.42+465630.7  164333411974710945                                                                                   34106936                                                                                                                                                                                                    57934.10    596.28 19  0.265    198.55 19  0.346  0.246  0.006  0.317  0.010 57568.98 58459.72 1 57738.24 58459.72 1  10.89   7.51  4.43  4.20  2.480e-13  2.292e-14  2.004e-13  2.347e-14  9.157e-06  8.745e-07  7.451e-06  1.331e-06   0.11                                          
J203647.44+681026.5       309.19826  68.17411 14.710 13.770 34734338 J203647.44+681026.5  189803091981499835                                                                                   34734338                                                                                                                                                                                                    55394.09   1807.94 19  0.224   1674.88 19  0.271  0.216  0.002  0.260  0.005 55394.09 55569.95 1 55394.09 55569.95 1  15.95  17.16  7.45  4.23  2.371e-13  6.388e-15  2.462e-13  7.922e-15  2.771e-06  1.033e-07  3.068e-06  1.161e-07   1.32                                          
J062319.09+273224.6        95.82981  27.54026 15.050 14.375 34922681 J062319.09+273224.6  141040958298308902                                                                                   34922681                                                                                                                                                                                                    58285.14   1677.02 18  0.362   1298.35 18  0.341  0.321  0.006  0.316  0.010 57823.08 58910.17 1 57823.08 58910.17 1   9.71  16.55  6.91  3.27  3.492e-13  1.300e-14  3.526e-13  1.921e-14  1.988e-05  1.377e-06  1.906e-05  1.540e-06   0.55                                          
J123018.76+193457.6       187.57794  19.58268 15.446 14.979 35080712 J123018.76+193457.6  131491875780689908                                                                                   35080712    0.3196    0.0334 PS1xWISE-STRM                                                                                                                                                                  59203.75     66.00 17  0.216     90.73 17  0.207  0.213  0.005  0.211  0.011 58995.98 59363.03 0 58839.39 59363.03 0   5.66   4.52  4.33  3.80  1.000e-13  2.396e-14  1.269e-13  2.918e-14  1.359e-06  3.493e-07  1.725e-06  3.989e-07   0.34                                          
J023117.73+610038.3        37.82413  61.01044 14.607 14.794 35448448 J023117.73+610038.3  181210378242483163                                                                                   35448448                                                                                                                                                                                                    58350.70     91.08 17  0.488    335.22 17  0.283  0.476  0.008  0.264  0.014 58144.68 58510.29 1 57986.53 58510.29 1   6.80  11.42  4.00  2.61  1.855e-13  4.051e-14  2.674e-13  3.969e-14  2.396e-06  4.804e-07  3.901e-06  4.949e-07   0.10                                          
J114502.32+101301.3       176.25979  10.21683 14.331 13.684 35622323 J114502.32+101301.3  120261762598410670   1769110601241007458  WISE J114502.32+101301.4                                   35622323    0.2121    0.0093 PS1xWISE-STRM                                                                                                                                                                  58102.56    256.90 18  0.612    146.92 18  0.615  0.610  0.016  0.606  0.016 58102.56 58466.90 1 58102.56 58466.90 1   4.95   4.73  3.54  3.67  2.432e-13  3.115e-14  1.860e-13  3.757e-14  5.241e-06  8.107e-07  5.193e-06  8.634e-07   0.14  6.621e+43   128.69                      
J184216.24+213705.5       280.56779  21.61798 15.018 14.820 35699824 J184216.24+213705.5  133942805677982106                                                                                   35699824                                                                                                                                                                                                    58578.11    178.96 15  0.331    103.60 15  0.271  0.321  0.005  0.239  0.009 58578.11 59471.52 0 58578.11 59471.52 0  11.85   6.31  2.34  2.86  1.292e-13  1.303e-14  1.016e-13  1.651e-14  4.643e-06  1.044e-06  4.964e-06  1.249e-06   0.29                                          
J134313.95+201523.3       205.80818  20.25674 14.760 14.307 36044512 J134313.95+201523.3  132302058081738557                                                                                   36044512    0.4050    0.0200 NEDz, NEDz_extcats                                                                                                                                                             57758.99    229.07 16  0.365    127.13 16  0.296  0.360  0.009  0.263  0.015 57562.41 57923.03 1 57562.41 58283.35 1   4.98   5.16  3.79  2.57  1.478e-13  1.667e-14  1.273e-13  1.600e-14  1.706e-06  2.061e-07  1.353e-06  2.470e-07   0.46  2.483e+44    -0.00                      
J220917.86+324546.6       332.32472  32.76308 15.970 15.574 36812765 J220917.86+324546.6  147313323247866308                                                                                   36812765    0.2088    0.0299 PS1xWISE-STRM                                                                                                                                                                  57913.27   1625.78 18  0.157    369.56 18  0.198  0.144  0.006  0.188  0.013 57549.01 58644.41 1 57549.01 58279.66 1  17.14   5.72  2.30  3.37  2.011e-13  1.144e-14  1.594e-13  1.531e-14  1.188e-05  8.357e-07  7.933e-06  1.336e-06   0.38  7.493e+43    -0.00                      
J003411.44+765125.6         8.54647  76.85717 14.725 14.169 36902246 J003411.44+765125.6  200220085464119421                                                                                   36902246                                                                                                                                                                                                    59244.49    148.64 18  0.376    174.58 18  0.348  0.376  0.003  0.347  0.004 59244.49 59450.85 0 59244.49 59450.85 0   6.96  10.70  5.70  5.53  1.000e-13  1.362e-14  1.527e-13  1.589e-14  0.000e+00  0.000e+00  0.000e+00  0.000e+00   0.38                                          
J140313.20+123959.3       210.80505  12.66619 15.030 14.365 37129403 J140313.20+123959.3  123192108051329898                                                                                   37129403    0.2386    0.1000 LSPhotoZZou, wiseScosPhotoz                                                              0.649 None    AT 2020iae   58962.31                                                   59228.78    351.41 19  0.310     73.45 19  0.302  0.305  0.004  0.303  0.008 59022.41 59389.57 0 59022.41 59389.57 0  17.09   6.49  3.13  3.30  1.657e-13  9.724e-15  1.054e-13  2.047e-14  2.475e-06  3.357e-07  1.428e-06  3.213e-07   0.47                                          
J033949.02+135506.0        54.95394  13.91830 14.873 14.418 38224534 J033949.02+135506.0  124700549540772301                                                                                   38224534                                                                                                                                                                                                    59239.39    215.19 18  0.368    149.39 18  0.346  0.358  0.005  0.335  0.007 59239.39 59444.65 0 59239.39 59444.65 0  11.15   8.07  4.57  5.71  2.278e-13  1.752e-14  2.091e-13  2.309e-14  0.000e+00  0.000e+00  0.000e+00  0.000e+00   0.49                                          
J040303.43-113706.9        60.76432 -11.61893 15.609 14.772 38769188 J040303.43-113706.9   94050607642877603                                                                                   38769188                                                                                                                                                                                                    59236.88     87.26 18  0.198     71.90 18  0.208  0.188  0.004  0.200  0.008 59080.37 59444.49 0 59080.37 59444.49 0   7.28   6.72  3.83  2.80  9.680e-14  1.824e-14  1.035e-13  2.039e-14  1.529e-06  2.851e-07  1.601e-06  3.148e-07   0.61                                          
J000221.04+662103.7         0.58858  66.35104 14.007 12.629 39158789 J000221.04+662103.7  187620005889942057                                                                                   39158789                                                                                                                                                                                                    58700.62    191.77 16  0.862   1450.31 16  1.700  0.854  0.014  1.620  0.015 58700.62 59065.46 1 58700.62 59065.46 1  11.45  23.42  1.73  6.26  2.375e-13  3.011e-14  1.421e-12  4.307e-14  2.319e-06  3.874e-07  8.902e-06  7.671e-07   0.98                                          
J100822.57+031313.4       152.09444   3.22045 15.638 14.996 39287913 J100822.57+031313.4  111861520944295012                                                                                   39287913    0.2790    0.1000 LSPhotoZZou                                                                                                                                                                    58813.64    202.23 18  0.198     94.53 18  0.182  0.195  0.003  0.174  0.008 58813.64 58968.77 1 58813.64 58968.77 1   6.81   4.86  5.58  3.79  1.096e-13  1.389e-14  9.665e-14  1.693e-14  0.000e+00  0.000e+00  0.000e+00  0.000e+00   0.68  6.147e+43   121.28                      
J004354.28+404634.9        10.97659  40.77612 14.820 14.443 39878770 J004354.28+404634.9  156930109765932004                                                                                   39878770                                                                                                              0.784 None    AT 2023qhf   60178.01                                                   59211.52    328.71 19  0.379    400.21 19  0.288  0.378  0.005  0.294  0.010 59211.52 59414.94 0 59211.52 59414.94 0  10.79  10.00  7.09  5.53  3.516e-13  2.577e-14  3.719e-13  2.256e-14  0.000e+00  0.000e+00  0.000e+00  0.000e+00   0.79                                          
J062111.83+120339.9        95.29969  12.06131 15.007 14.719 40017284 J062111.83+120339.9  122470952996614082                                                                                   40017284                                                                                                                                                                                                    58546.39    301.13 15  0.331    362.59 15  0.241  0.328  0.013  0.242  0.014 58388.31 58755.64 1 58388.31 58910.40 1  14.56  15.66  3.75  3.25  6.437e-13  7.122e-14  4.573e-13  3.509e-14  1.517e-05  1.688e-06  1.207e-05  1.188e-06   0.39                                          
J214409.91+143040.4       326.04091  14.51120 15.130 14.332 40195670 J214409.91+143040.4  125413260409143891                                                                                   40195670    0.2878    0.1000 LSPhotoZZou                                                                                                                                                                    57532.59    629.52 16  0.259    217.64 16  0.281  0.265  0.005  0.281  0.010 57532.59 57705.22 1 57532.59 57705.22 1  11.14   5.71  5.83  4.71  2.682e-13  1.389e-14  1.737e-13  1.816e-14  3.199e-06  2.100e-07  2.417e-06  2.712e-07   0.97  1.236e+44   134.06                      
WISEA J055017.31+491117.9  87.57210  49.18834 13.811 13.415                               167020875720906713    877148401241044389  WISE J055017.32+491118.0 1170651 WISEA J055017.31+491117.9 40489728    0.1638           NED-LVS                                                                                                                                                                        55460.02    191.02 20  0.982    719.24 20  0.782  0.966  0.005  0.767  0.008 55460.02 56924.84 1 55460.02 56924.84 1  18.96  11.66  4.29  5.11  3.912e-13  3.109e-14  3.248e-13  1.363e-14  2.538e-05  2.678e-06  2.304e-05  1.571e-06   0.08  8.400e+43     0.00                      
WISE J051107.04+462247.5   77.77956  46.37986 12.928 12.479                               163650777795386515    785146901241008880  WISE J051107.04+462247.5                                   40769265                     PS1xWISE-STRM                                                                                                                                                                  59470.73    243.03 20  1.932    226.44 20  1.670  1.929  0.006  1.665  0.009 59470.73 59628.70 1 59470.73 59628.70 1  10.08   7.20  7.73  6.58  4.177e-13  4.486e-14  2.925e-13  2.890e-14  0.000e+00  0.000e+00  0.000e+00  0.000e+00   0.17                                          
WISE J211803.31+403522.8  319.51394  40.58966 13.576 13.307                               156703195139198227   3204140801241012288  WISE J211803.31+403522.8                                   40773592                     PS1xWISE-STRM                                                                            0.073 None    AT 2021lrf   59342.58                                                   59528.81    815.94 20  1.125   1042.56 20  0.812  1.083  0.018  0.733  0.018 59366.93 59896.13 0 59366.93 59896.13 0   8.35   8.91  4.63  5.42  6.298e-13  4.472e-14  5.568e-13  3.449e-14  9.487e-06  8.501e-07  8.248e-06  6.523e-07   0.11                                          
WISEA J130726.58-162006.4 196.86046 -16.33539 11.922 11.738                                                                                                  1421691 WISEA J130726.58-162006.4 41844627    0.0457    0.0002 NED-LVS                                                                                  0.487 None    AT 2021chb   59251.48                                                   57209.37    510.23 15  2.549    247.16 15  1.664  2.506  0.035  1.682  0.068 57209.37 57400.18 1 57209.37 57400.18 1   6.31   8.52  3.56  1.39  6.933e-13  4.543e-14  5.257e-13  6.357e-14  0.000e+00  0.000e+00  0.000e+00  0.000e+00   0.08                                          
WISEA J163203.83+393631.7 248.01604  39.60883 14.899 14.741                                                                                                  1527516 WISEA J163203.83+393631.7 41859807    0.0281    0.0000 NED-LVS                                                                                  2.123 SN IIL  SN 2018ktv   58476.53                                                   58608.78    668.61 18  0.369    277.82 18  0.227  0.370  0.003  0.225  0.005 58527.50 58892.09 1 58527.50 59258.65 1   9.02  12.96  7.31  3.19  1.593e-13  1.290e-14  1.247e-13  1.935e-14  5.345e-06  4.722e-07  4.576e-06  6.997e-07   0.64  5.279e+41   275.56                      
